station_id,station_name,latitude,longitude,date,precipitation_mm,precipitation_in,snow_mm,tmin_c,precip_type
GHCND:US1NJBG0003,"TENAFLY 1.3 W, NJ US",40.91467,-73.9775,2025-02-12,0.41,0.016,28.0,,snow
GHCND:US1NJBG0003,"TENAFLY 1.3 W, NJ US",40.91467,-73.9775,2025-02-13,0.41,0.016,,,rain
GHCND:US1NJBG0003,"TENAFLY 1.3 W, NJ US",40.91467,-73.9775,2025-02-16,1.83,0.072,15.0,,snow
GHCND:US1NJBG0003,"TENAFLY 1.3 W, NJ US",40.91467,-73.9775,2025-03-06,3.84,0.151,,,rain
GHCND:US1NJBG0003,"TENAFLY 1.3 W, NJ US",40.91467,-73.9775,2025-03-16,0.05,0.002,,,rain
GHCND:US1NJBG0003,"TENAFLY 1.3 W, NJ US",40.91467,-73.9775,2025-03-21,2.57,0.101,,,rain
GHCND:US1NJBG0003,"TENAFLY 1.3 W, NJ US",40.91467,-73.9775,2025-03-24,0.2,0.008,,,rain
GHCND:US1NJBG0003,"TENAFLY 1.3 W, NJ US",40.91467,-73.9775,2025-03-27,0.0,0.0,,,none
GHCND:US1NJBG0003,"TENAFLY 1.3 W, NJ US",40.91467,-73.9775,2025-03-29,0.13,0.005,,,rain
GHCND:US1NJBG0003,"TENAFLY 1.3 W, NJ US",40.91467,-73.9775,2025-03-30,0.08,0.003,,,rain
GHCND:US1NJBG0003,"TENAFLY 1.3 W, NJ US",40.91467,-73.9775,2025-03-31,0.15,0.006,,,rain
GHCND:US1NJBG0003,"TENAFLY 1.3 W, NJ US",40.91467,-73.9775,2025-04-03,0.22999999999999998,0.009,,,rain
GHCND:US1NJBG0003,"TENAFLY 1.3 W, NJ US",40.91467,-73.9775,2025-04-04,0.18,0.007,,,rain
GHCND:US1NJBG0003,"TENAFLY 1.3 W, NJ US",40.91467,-73.9775,2025-04-07,0.18,0.007,,,rain
GHCND:US1NJBG0003,"TENAFLY 1.3 W, NJ US",40.91467,-73.9775,2025-04-13,0.71,0.028,,,rain
GHCND:US1NJBG0003,"TENAFLY 1.3 W, NJ US",40.91467,-73.9775,2025-04-16,0.03,0.001,,,rain
GHCND:US1NJBG0003,"TENAFLY 1.3 W, NJ US",40.91467,-73.9775,2025-04-22,0.0,0.0,,,none
GHCND:US1NJBG0003,"TENAFLY 1.3 W, NJ US",40.91467,-73.9775,2025-04-26,0.36,0.014,,,rain
GHCND:US1NJBG0003,"TENAFLY 1.3 W, NJ US",40.91467,-73.9775,2025-04-27,1.19,0.047,,,rain
GHCND:US1NJBG0003,"TENAFLY 1.3 W, NJ US",40.91467,-73.9775,2025-05-04,0.43,0.017,,,rain
GHCND:US1NJBG0003,"TENAFLY 1.3 W, NJ US",40.91467,-73.9775,2025-05-06,2.3600000000000003,0.093,,,rain
GHCND:US1NJBG0003,"TENAFLY 1.3 W, NJ US",40.91467,-73.9775,2025-05-07,0.32999999999999996,0.013,,,rain
GHCND:US1NJBG0003,"TENAFLY 1.3 W, NJ US",40.91467,-73.9775,2025-05-10,1.52,0.06,,,rain
GHCND:US1NJBG0003,"TENAFLY 1.3 W, NJ US",40.91467,-73.9775,2025-05-17,0.18,0.007,,,rain
GHCND:US1NJBG0003,"TENAFLY 1.3 W, NJ US",40.91467,-73.9775,2025-05-30,0.08,0.003,,,rain
GHCND:US1NJBG0003,"TENAFLY 1.3 W, NJ US",40.91467,-73.9775,2025-06-09,0.1,0.004,,,rain
GHCND:US1NJBG0003,"TENAFLY 1.3 W, NJ US",40.91467,-73.9775,2025-06-10,0.08,0.003,,,rain
GHCND:US1NJBG0003,"TENAFLY 1.3 W, NJ US",40.91467,-73.9775,2025-06-11,1.0699999999999998,0.042,,,rain
GHCND:US1NJBG0003,"TENAFLY 1.3 W, NJ US",40.91467,-73.9775,2025-06-23,0.25,0.01,,,rain
GHCND:US1NJBG0003,"TENAFLY 1.3 W, NJ US",40.91467,-73.9775,2025-07-16,0.0,0.0,,,none
GHCND:US1NJBG0003,"TENAFLY 1.3 W, NJ US",40.91467,-73.9775,2025-07-31,0.25,0.01,,,rain
GHCND:US1NJBG0003,"TENAFLY 1.3 W, NJ US",40.91467,-73.9775,2025-08-14,0.27999999999999997,0.011,,,rain
GHCND:US1NJBG0003,"TENAFLY 1.3 W, NJ US",40.91467,-73.9775,2025-09-05,2.2600000000000002,0.089,,,rain
GHCND:US1NJBG0003,"TENAFLY 1.3 W, NJ US",40.91467,-73.9775,2025-09-18,0.05,0.002,,,rain
GHCND:US1NJBG0003,"TENAFLY 1.3 W, NJ US",40.91467,-73.9775,2025-11-08,0.41,0.016,,,rain
GHCND:US1NJBG0003,"TENAFLY 1.3 W, NJ US",40.91467,-73.9775,2025-11-10,0.79,0.031,,,rain
GHCND:US1NJBG0003,"TENAFLY 1.3 W, NJ US",40.91467,-73.9775,2025-11-12,0.0,0.0,0.0,,none
GHCND:US1NJBG0003,"TENAFLY 1.3 W, NJ US",40.91467,-73.9775,2025-11-26,1.6300000000000001,0.064,,,rain
GHCND:US1NJBG0003,"TENAFLY 1.3 W, NJ US",40.91467,-73.9775,2025-12-03,1.9300000000000002,0.076,,,rain
GHCND:US1NJBG0003,"TENAFLY 1.3 W, NJ US",40.91467,-73.9775,2025-12-14,0.97,0.038,89.0,,snow
GHCND:US1NJBG0003,"TENAFLY 1.3 W, NJ US",40.91467,-73.9775,2025-12-15,0.3,0.012,48.0,,snow
GHCND:US1NJBG0003,"TENAFLY 1.3 W, NJ US",40.91467,-73.9775,2025-12-27,1.0699999999999998,0.042,97.0,,snow
GHCND:US1NJBG0003,"TENAFLY 1.3 W, NJ US",40.91467,-73.9775,2025-12-28,0.13,0.005,10.0,,snow
GHCND:US1NJBG0003,"TENAFLY 1.3 W, NJ US",40.91467,-73.9775,2025-12-29,0.1,0.004,,,rain
GHCND:US1NJBG0015,"NORTH ARLINGTON 0.7 WNW, NJ US",40.791492,-74.13979,2025-01-12,0.0,0.0,0.0,,none
GHCND:US1NJBG0015,"NORTH ARLINGTON 0.7 WNW, NJ US",40.791492,-74.13979,2025-01-14,0.0,0.0,0.0,,none
GHCND:US1NJBG0015,"NORTH ARLINGTON 0.7 WNW, NJ US",40.791492,-74.13979,2025-01-15,0.0,0.0,0.0,,none
GHCND:US1NJBG0015,"NORTH ARLINGTON 0.7 WNW, NJ US",40.791492,-74.13979,2025-01-16,0.0,0.0,0.0,,none
GHCND:US1NJBG0015,"NORTH ARLINGTON 0.7 WNW, NJ US",40.791492,-74.13979,2025-01-18,0.0,0.0,0.0,,none
GHCND:US1NJBG0015,"NORTH ARLINGTON 0.7 WNW, NJ US",40.791492,-74.13979,2025-01-19,0.13,0.005,,,rain
GHCND:US1NJBG0015,"NORTH ARLINGTON 0.7 WNW, NJ US",40.791492,-74.13979,2025-01-20,0.9099999999999999,0.036,69.0,,snow
GHCND:US1NJBG0015,"NORTH ARLINGTON 0.7 WNW, NJ US",40.791492,-74.13979,2025-01-21,0.0,0.0,0.0,,none
GHCND:US1NJBG0015,"NORTH ARLINGTON 0.7 WNW, NJ US",40.791492,-74.13979,2025-01-22,0.0,0.0,0.0,,none
GHCND:US1NJBG0015,"NORTH ARLINGTON 0.7 WNW, NJ US",40.791492,-74.13979,2025-01-23,0.0,0.0,0.0,,none
GHCND:US1NJBG0015,"NORTH ARLINGTON 0.7 WNW, NJ US",40.791492,-74.13979,2025-01-24,0.0,0.0,0.0,,none
GHCND:US1NJBG0015,"NORTH ARLINGTON 0.7 WNW, NJ US",40.791492,-74.13979,2025-01-25,0.0,0.0,0.0,,none
GHCND:US1NJBG0015,"NORTH ARLINGTON 0.7 WNW, NJ US",40.791492,-74.13979,2025-01-30,0.0,0.0,0.0,,none
GHCND:US1NJBG0015,"NORTH ARLINGTON 0.7 WNW, NJ US",40.791492,-74.13979,2025-01-31,0.08,0.003,,,rain
GHCND:US1NJBG0015,"NORTH ARLINGTON 0.7 WNW, NJ US",40.791492,-74.13979,2025-02-05,0.0,0.0,0.0,,none
GHCND:US1NJBG0015,"NORTH ARLINGTON 0.7 WNW, NJ US",40.791492,-74.13979,2025-02-08,0.0,0.0,0.0,,none
GHCND:US1NJBG0015,"NORTH ARLINGTON 0.7 WNW, NJ US",40.791492,-74.13979,2025-02-09,2.1100000000000003,0.083,76.0,,snow
GHCND:US1NJBG0015,"NORTH ARLINGTON 0.7 WNW, NJ US",40.791492,-74.13979,2025-02-10,0.0,0.0,0.0,,none
GHCND:US1NJBG0015,"NORTH ARLINGTON 0.7 WNW, NJ US",40.791492,-74.13979,2025-02-11,0.0,0.0,0.0,,none
GHCND:US1NJBG0015,"NORTH ARLINGTON 0.7 WNW, NJ US",40.791492,-74.13979,2025-02-12,0.36,0.014,38.0,,snow
GHCND:US1NJBG0015,"NORTH ARLINGTON 0.7 WNW, NJ US",40.791492,-74.13979,2025-02-16,1.8800000000000001,0.074,,,rain
GHCND:US1NJBG0015,"NORTH ARLINGTON 0.7 WNW, NJ US",40.791492,-74.13979,2025-02-19,0.0,0.0,0.0,,none
GHCND:US1NJBG0015,"NORTH ARLINGTON 0.7 WNW, NJ US",40.791492,-74.13979,2025-02-24,0.0,0.0,0.0,,none
GHCND:US1NJBG0015,"NORTH ARLINGTON 0.7 WNW, NJ US",40.791492,-74.13979,2025-02-25,0.0,0.0,0.0,,none
GHCND:US1NJBG0015,"NORTH ARLINGTON 0.7 WNW, NJ US",40.791492,-74.13979,2025-03-02,0.0,0.0,0.0,,none
GHCND:US1NJBG0015,"NORTH ARLINGTON 0.7 WNW, NJ US",40.791492,-74.13979,2025-03-05,0.0,0.0,0.0,,none
GHCND:US1NJBG0015,"NORTH ARLINGTON 0.7 WNW, NJ US",40.791492,-74.13979,2025-03-06,4.42,0.174,,,rain
GHCND:US1NJBG0015,"NORTH ARLINGTON 0.7 WNW, NJ US",40.791492,-74.13979,2025-03-08,0.0,0.0,0.0,,none
GHCND:US1NJBG0015,"NORTH ARLINGTON 0.7 WNW, NJ US",40.791492,-74.13979,2025-03-09,0.0,0.0,0.0,,none
GHCND:US1NJBG0015,"NORTH ARLINGTON 0.7 WNW, NJ US",40.791492,-74.13979,2025-03-11,0.0,0.0,0.0,,none
GHCND:US1NJBG0015,"NORTH ARLINGTON 0.7 WNW, NJ US",40.791492,-74.13979,2025-03-14,0.0,0.0,0.0,,none
GHCND:US1NJBG0015,"NORTH ARLINGTON 0.7 WNW, NJ US",40.791492,-74.13979,2025-03-16,0.03,0.001,,,rain
GHCND:US1NJBG0015,"NORTH ARLINGTON 0.7 WNW, NJ US",40.791492,-74.13979,2025-03-18,0.0,0.0,0.0,,none
GHCND:US1NJBG0015,"NORTH ARLINGTON 0.7 WNW, NJ US",40.791492,-74.13979,2025-03-19,0.0,0.0,0.0,,none
GHCND:US1NJBG0015,"NORTH ARLINGTON 0.7 WNW, NJ US",40.791492,-74.13979,2025-03-21,2.5100000000000002,0.099,,,rain
GHCND:US1NJBG0015,"NORTH ARLINGTON 0.7 WNW, NJ US",40.791492,-74.13979,2025-03-24,0.27999999999999997,0.011,,,rain
GHCND:US1NJBG0015,"NORTH ARLINGTON 0.7 WNW, NJ US",40.791492,-74.13979,2025-03-25,0.64,0.025,,,rain
GHCND:US1NJBG0015,"NORTH ARLINGTON 0.7 WNW, NJ US",40.791492,-74.13979,2025-03-26,0.0,0.0,0.0,,none
GHCND:US1NJBG0015,"NORTH ARLINGTON 0.7 WNW, NJ US",40.791492,-74.13979,2025-03-27,0.0,0.0,0.0,,none
GHCND:US1NJBG0015,"NORTH ARLINGTON 0.7 WNW, NJ US",40.791492,-74.13979,2025-03-29,0.08,0.003,,,rain
GHCND:US1NJBG0015,"NORTH ARLINGTON 0.7 WNW, NJ US",40.791492,-74.13979,2025-03-30,0.0,0.0,,,none
GHCND:US1NJBG0015,"NORTH ARLINGTON 0.7 WNW, NJ US",40.791492,-74.13979,2025-03-31,0.1,0.004,,,rain
GHCND:US1NJBG0015,"NORTH ARLINGTON 0.7 WNW, NJ US",40.791492,-74.13979,2025-04-02,0.0,0.0,0.0,,none
GHCND:US1NJBG0015,"NORTH ARLINGTON 0.7 WNW, NJ US",40.791492,-74.13979,2025-04-03,0.2,0.008,,,rain
GHCND:US1NJBG0015,"NORTH ARLINGTON 0.7 WNW, NJ US",40.791492,-74.13979,2025-04-04,0.25,0.01,,,rain
GHCND:US1NJBG0015,"NORTH ARLINGTON 0.7 WNW, NJ US",40.791492,-74.13979,2025-04-05,0.0,0.0,0.0,,none
GHCND:US1NJBG0015,"NORTH ARLINGTON 0.7 WNW, NJ US",40.791492,-74.13979,2025-04-07,0.18,0.007,,,rain
GHCND:US1NJBG0015,"NORTH ARLINGTON 0.7 WNW, NJ US",40.791492,-74.13979,2025-04-09,0.0,0.0,0.0,,none
GHCND:US1NJBG0015,"NORTH ARLINGTON 0.7 WNW, NJ US",40.791492,-74.13979,2025-04-13,0.74,0.029,,,rain
GHCND:US1NJBG0015,"NORTH ARLINGTON 0.7 WNW, NJ US",40.791492,-74.13979,2025-04-16,0.0,0.0,0.0,,none
GHCND:US1NJBG0015,"NORTH ARLINGTON 0.7 WNW, NJ US",40.791492,-74.13979,2025-04-17,0.0,0.0,0.0,,none
GHCND:US1NJBG0015,"NORTH ARLINGTON 0.7 WNW, NJ US",40.791492,-74.13979,2025-04-18,0.0,0.0,0.0,,none
GHCND:US1NJBG0015,"NORTH ARLINGTON 0.7 WNW, NJ US",40.791492,-74.13979,2025-04-19,0.0,0.0,0.0,,none
GHCND:US1NJBG0015,"NORTH ARLINGTON 0.7 WNW, NJ US",40.791492,-74.13979,2025-04-21,0.0,0.0,0.0,,none
GHCND:US1NJBG0015,"NORTH ARLINGTON 0.7 WNW, NJ US",40.791492,-74.13979,2025-04-22,0.0,0.0,,,none
GHCND:US1NJBG0015,"NORTH ARLINGTON 0.7 WNW, NJ US",40.791492,-74.13979,2025-04-23,0.0,0.0,0.0,,none
GHCND:US1NJBG0015,"NORTH ARLINGTON 0.7 WNW, NJ US",40.791492,-74.13979,2025-04-25,0.0,0.0,0.0,,none
GHCND:US1NJBG0015,"NORTH ARLINGTON 0.7 WNW, NJ US",40.791492,-74.13979,2025-04-26,0.25,0.01,,,rain
GHCND:US1NJBG0015,"NORTH ARLINGTON 0.7 WNW, NJ US",40.791492,-74.13979,2025-04-27,0.3,0.012,,,rain
GHCND:US1NJBG0015,"NORTH ARLINGTON 0.7 WNW, NJ US",40.791492,-74.13979,2025-04-28,0.0,0.0,0.0,,none
GHCND:US1NJBG0015,"NORTH ARLINGTON 0.7 WNW, NJ US",40.791492,-74.13979,2025-04-29,0.0,0.0,0.0,,none
GHCND:US1NJBG0015,"NORTH ARLINGTON 0.7 WNW, NJ US",40.791492,-74.13979,2025-04-30,0.0,0.0,,,none
GHCND:US1NJBG0015,"NORTH ARLINGTON 0.7 WNW, NJ US",40.791492,-74.13979,2025-05-03,0.0,0.0,0.0,,none
GHCND:US1NJBG0015,"NORTH ARLINGTON 0.7 WNW, NJ US",40.791492,-74.13979,2025-05-04,1.1400000000000001,0.045,,,rain
GHCND:US1NJBG0015,"NORTH ARLINGTON 0.7 WNW, NJ US",40.791492,-74.13979,2025-05-06,1.6300000000000001,0.064,,,rain
GHCND:US1NJBG0015,"NORTH ARLINGTON 0.7 WNW, NJ US",40.791492,-74.13979,2025-05-07,0.13,0.005,,,rain
GHCND:US1NJBG0015,"NORTH ARLINGTON 0.7 WNW, NJ US",40.791492,-74.13979,2025-05-08,0.03,0.001,,,rain
GHCND:US1NJBG0015,"NORTH ARLINGTON 0.7 WNW, NJ US",40.791492,-74.13979,2025-05-10,0.97,0.038,,,rain
GHCND:US1NJBG0015,"NORTH ARLINGTON 0.7 WNW, NJ US",40.791492,-74.13979,2025-05-11,0.0,0.0,,,none
GHCND:US1NJBG0015,"NORTH ARLINGTON 0.7 WNW, NJ US",40.791492,-74.13979,2025-05-12,0.0,0.0,0.0,,none
GHCND:US1NJBG0015,"NORTH ARLINGTON 0.7 WNW, NJ US",40.791492,-74.13979,2025-05-13,0.0,0.0,0.0,,none
GHCND:US1NJBG0015,"NORTH ARLINGTON 0.7 WNW, NJ US",40.791492,-74.13979,2025-05-17,0.61,0.024,,,rain
GHCND:US1NJBG0015,"NORTH ARLINGTON 0.7 WNW, NJ US",40.791492,-74.13979,2025-05-20,0.0,0.0,0.0,,none
GHCND:US1NJBG0015,"NORTH ARLINGTON 0.7 WNW, NJ US",40.791492,-74.13979,2025-05-21,0.03,0.001,,,rain
GHCND:US1NJBG0015,"NORTH ARLINGTON 0.7 WNW, NJ US",40.791492,-74.13979,2025-05-30,0.05,0.002,,,rain
GHCND:US1NJBG0015,"NORTH ARLINGTON 0.7 WNW, NJ US",40.791492,-74.13979,2025-06-05,0.0,0.0,0.0,,none
GHCND:US1NJBG0015,"NORTH ARLINGTON 0.7 WNW, NJ US",40.791492,-74.13979,2025-06-07,0.0,0.0,0.0,,none
GHCND:US1NJBG0015,"NORTH ARLINGTON 0.7 WNW, NJ US",40.791492,-74.13979,2025-06-09,0.08,0.003,,,rain
GHCND:US1NJBG0015,"NORTH ARLINGTON 0.7 WNW, NJ US",40.791492,-74.13979,2025-06-10,0.27999999999999997,0.011,,,rain
GHCND:US1NJBG0015,"NORTH ARLINGTON 0.7 WNW, NJ US",40.791492,-74.13979,2025-06-11,2.06,0.081,,,rain
GHCND:US1NJBG0015,"NORTH ARLINGTON 0.7 WNW, NJ US",40.791492,-74.13979,2025-06-12,0.0,0.0,0.0,,none
GHCND:US1NJBG0015,"NORTH ARLINGTON 0.7 WNW, NJ US",40.791492,-74.13979,2025-06-21,0.0,0.0,0.0,,none
GHCND:US1NJBG0015,"NORTH ARLINGTON 0.7 WNW, NJ US",40.791492,-74.13979,2025-06-23,0.13,0.005,,,rain
GHCND:US1NJBG0015,"NORTH ARLINGTON 0.7 WNW, NJ US",40.791492,-74.13979,2025-06-24,0.0,0.0,0.0,,none
GHCND:US1NJBG0015,"NORTH ARLINGTON 0.7 WNW, NJ US",40.791492,-74.13979,2025-06-25,0.0,0.0,0.0,,none
GHCND:US1NJBG0015,"NORTH ARLINGTON 0.7 WNW, NJ US",40.791492,-74.13979,2025-07-16,0.03,0.001,,,rain
GHCND:US1NJBG0015,"NORTH ARLINGTON 0.7 WNW, NJ US",40.791492,-74.13979,2025-07-24,0.0,0.0,0.0,,none
GHCND:US1NJBG0015,"NORTH ARLINGTON 0.7 WNW, NJ US",40.791492,-74.13979,2025-07-25,0.0,0.0,0.0,,none
GHCND:US1NJBG0015,"NORTH ARLINGTON 0.7 WNW, NJ US",40.791492,-74.13979,2025-07-26,1.1400000000000001,0.045,,,rain
GHCND:US1NJBG0015,"NORTH ARLINGTON 0.7 WNW, NJ US",40.791492,-74.13979,2025-07-31,0.0,0.0,0.0,,none
GHCND:US1NJBG0015,"NORTH ARLINGTON 0.7 WNW, NJ US",40.791492,-74.13979,2025-08-13,0.0,0.0,0.0,,none
GHCND:US1NJBG0015,"NORTH ARLINGTON 0.7 WNW, NJ US",40.791492,-74.13979,2025-08-14,0.97,0.038,,,rain
GHCND:US1NJBG0015,"NORTH ARLINGTON 0.7 WNW, NJ US",40.791492,-74.13979,2025-08-17,0.0,0.0,0.0,,none
GHCND:US1NJBG0015,"NORTH ARLINGTON 0.7 WNW, NJ US",40.791492,-74.13979,2025-08-20,0.0,0.0,0.0,,none
GHCND:US1NJBG0015,"NORTH ARLINGTON 0.7 WNW, NJ US",40.791492,-74.13979,2025-08-30,0.0,0.0,0.0,,none
GHCND:US1NJBG0015,"NORTH ARLINGTON 0.7 WNW, NJ US",40.791492,-74.13979,2025-09-05,1.5699999999999998,0.062,,,rain
GHCND:US1NJBG0015,"NORTH ARLINGTON 0.7 WNW, NJ US",40.791492,-74.13979,2025-09-18,0.05,0.002,,,rain
GHCND:US1NJBG0015,"NORTH ARLINGTON 0.7 WNW, NJ US",40.791492,-74.13979,2025-10-08,0.45999999999999996,0.018,,,rain
GHCND:US1NJBG0015,"NORTH ARLINGTON 0.7 WNW, NJ US",40.791492,-74.13979,2025-10-18,0.0,0.0,0.0,,none
GHCND:US1NJBG0015,"NORTH ARLINGTON 0.7 WNW, NJ US",40.791492,-74.13979,2025-10-24,0.0,0.0,0.0,,none
GHCND:US1NJBG0015,"NORTH ARLINGTON 0.7 WNW, NJ US",40.791492,-74.13979,2025-10-26,0.0,0.0,0.0,,none
GHCND:US1NJBG0015,"NORTH ARLINGTON 0.7 WNW, NJ US",40.791492,-74.13979,2025-10-30,0.48,0.019,,,rain
GHCND:US1NJBG0015,"NORTH ARLINGTON 0.7 WNW, NJ US",40.791492,-74.13979,2025-11-02,0.0,0.0,0.0,,none
GHCND:US1NJBG0015,"NORTH ARLINGTON 0.7 WNW, NJ US",40.791492,-74.13979,2025-11-03,0.0,0.0,0.0,,none
GHCND:US1NJBG0015,"NORTH ARLINGTON 0.7 WNW, NJ US",40.791492,-74.13979,2025-11-08,0.36,0.014,,,rain
GHCND:US1NJBG0015,"NORTH ARLINGTON 0.7 WNW, NJ US",40.791492,-74.13979,2025-11-09,0.0,0.0,0.0,,none
GHCND:US1NJBG0015,"NORTH ARLINGTON 0.7 WNW, NJ US",40.791492,-74.13979,2025-11-10,0.5599999999999999,0.022,,,rain
GHCND:US1NJBG0015,"NORTH ARLINGTON 0.7 WNW, NJ US",40.791492,-74.13979,2025-11-12,0.0,0.0,,,none
GHCND:US1NJBG0015,"NORTH ARLINGTON 0.7 WNW, NJ US",40.791492,-74.13979,2025-11-20,0.03,0.001,,,rain
GHCND:US1NJBG0015,"NORTH ARLINGTON 0.7 WNW, NJ US",40.791492,-74.13979,2025-11-26,2.31,0.091,,,rain
GHCND:US1NJBG0015,"NORTH ARLINGTON 0.7 WNW, NJ US",40.791492,-74.13979,2025-12-02,0.03,0.001,,,rain
GHCND:US1NJBG0015,"NORTH ARLINGTON 0.7 WNW, NJ US",40.791492,-74.13979,2025-12-03,2.0300000000000002,0.08,,,rain
GHCND:US1NJBG0015,"NORTH ARLINGTON 0.7 WNW, NJ US",40.791492,-74.13979,2025-12-09,0.0,0.0,0.0,,none
GHCND:US1NJBG0015,"NORTH ARLINGTON 0.7 WNW, NJ US",40.791492,-74.13979,2025-12-10,0.0,0.0,0.0,,none
GHCND:US1NJBG0015,"NORTH ARLINGTON 0.7 WNW, NJ US",40.791492,-74.13979,2025-12-13,0.0,0.0,0.0,,none
GHCND:US1NJBG0015,"NORTH ARLINGTON 0.7 WNW, NJ US",40.791492,-74.13979,2025-12-14,1.3199999999999998,0.052,76.0,,snow
GHCND:US1NJBG0015,"NORTH ARLINGTON 0.7 WNW, NJ US",40.791492,-74.13979,2025-12-15,0.18,0.007,,,rain
GHCND:US1NJBG0015,"NORTH ARLINGTON 0.7 WNW, NJ US",40.791492,-74.13979,2025-12-16,0.0,0.0,0.0,,none
GHCND:US1NJBG0015,"NORTH ARLINGTON 0.7 WNW, NJ US",40.791492,-74.13979,2025-12-17,0.0,0.0,0.0,,none
GHCND:US1NJBG0015,"NORTH ARLINGTON 0.7 WNW, NJ US",40.791492,-74.13979,2025-12-18,0.0,0.0,0.0,,none
GHCND:US1NJBG0015,"NORTH ARLINGTON 0.7 WNW, NJ US",40.791492,-74.13979,2025-12-19,3.2299999999999995,0.127,,,rain
GHCND:US1NJBG0015,"NORTH ARLINGTON 0.7 WNW, NJ US",40.791492,-74.13979,2025-12-26,0.0,0.0,0.0,,none
GHCND:US1NJBG0015,"NORTH ARLINGTON 0.7 WNW, NJ US",40.791492,-74.13979,2025-12-27,1.24,0.049,76.0,,snow
GHCND:US1NJBG0015,"NORTH ARLINGTON 0.7 WNW, NJ US",40.791492,-74.13979,2025-12-28,0.05,0.002,,,rain
GHCND:US1NJBG0015,"NORTH ARLINGTON 0.7 WNW, NJ US",40.791492,-74.13979,2025-12-29,0.13,0.005,,,rain
GHCND:US1NJBG0015,"NORTH ARLINGTON 0.7 WNW, NJ US",40.791492,-74.13979,2025-12-30,0.08,0.003,,,rain
GHCND:US1NJBG0015,"NORTH ARLINGTON 0.7 WNW, NJ US",40.791492,-74.13979,2025-12-31,0.0,0.0,0.0,,none
GHCND:US1NJBG0018,"PALISADES PARK 0.2 WNW, NJ US",40.848094,-74.000247,2025-01-12,0.0,0.0,0.0,,none
GHCND:US1NJBG0018,"PALISADES PARK 0.2 WNW, NJ US",40.848094,-74.000247,2025-01-14,0.0,0.0,0.0,,none
GHCND:US1NJBG0018,"PALISADES PARK 0.2 WNW, NJ US",40.848094,-74.000247,2025-01-15,0.0,0.0,0.0,,none
GHCND:US1NJBG0018,"PALISADES PARK 0.2 WNW, NJ US",40.848094,-74.000247,2025-01-16,0.0,0.0,0.0,,none
GHCND:US1NJBG0018,"PALISADES PARK 0.2 WNW, NJ US",40.848094,-74.000247,2025-01-18,0.0,0.0,0.0,,none
GHCND:US1NJBG0018,"PALISADES PARK 0.2 WNW, NJ US",40.848094,-74.000247,2025-01-19,0.13,0.005,0.0,,rain
GHCND:US1NJBG0018,"PALISADES PARK 0.2 WNW, NJ US",40.848094,-74.000247,2025-01-20,0.79,0.031,66.0,,snow
GHCND:US1NJBG0018,"PALISADES PARK 0.2 WNW, NJ US",40.848094,-74.000247,2025-01-21,0.0,0.0,0.0,,none
GHCND:US1NJBG0018,"PALISADES PARK 0.2 WNW, NJ US",40.848094,-74.000247,2025-01-22,0.0,0.0,0.0,,none
GHCND:US1NJBG0018,"PALISADES PARK 0.2 WNW, NJ US",40.848094,-74.000247,2025-01-23,0.0,0.0,0.0,,none
GHCND:US1NJBG0018,"PALISADES PARK 0.2 WNW, NJ US",40.848094,-74.000247,2025-01-24,0.0,0.0,0.0,,none
GHCND:US1NJBG0018,"PALISADES PARK 0.2 WNW, NJ US",40.848094,-74.000247,2025-01-25,0.0,0.0,0.0,,none
GHCND:US1NJBG0018,"PALISADES PARK 0.2 WNW, NJ US",40.848094,-74.000247,2025-01-30,0.0,0.0,0.0,,none
GHCND:US1NJBG0018,"PALISADES PARK 0.2 WNW, NJ US",40.848094,-74.000247,2025-01-31,0.13,0.005,0.0,,rain
GHCND:US1NJBG0018,"PALISADES PARK 0.2 WNW, NJ US",40.848094,-74.000247,2025-02-05,0.0,0.0,0.0,,none
GHCND:US1NJBG0018,"PALISADES PARK 0.2 WNW, NJ US",40.848094,-74.000247,2025-02-08,0.0,0.0,0.0,,none
GHCND:US1NJBG0018,"PALISADES PARK 0.2 WNW, NJ US",40.848094,-74.000247,2025-02-09,1.65,0.065,61.0,,snow
GHCND:US1NJBG0018,"PALISADES PARK 0.2 WNW, NJ US",40.848094,-74.000247,2025-02-10,0.0,0.0,0.0,,none
GHCND:US1NJBG0018,"PALISADES PARK 0.2 WNW, NJ US",40.848094,-74.000247,2025-02-11,0.0,0.0,0.0,,none
GHCND:US1NJBG0018,"PALISADES PARK 0.2 WNW, NJ US",40.848094,-74.000247,2025-02-12,0.36,0.014,20.0,,snow
GHCND:US1NJBG0018,"PALISADES PARK 0.2 WNW, NJ US",40.848094,-74.000247,2025-02-13,0.64,0.025,,,rain
GHCND:US1NJBG0018,"PALISADES PARK 0.2 WNW, NJ US",40.848094,-74.000247,2025-02-16,1.73,0.068,,,rain
GHCND:US1NJBG0018,"PALISADES PARK 0.2 WNW, NJ US",40.848094,-74.000247,2025-02-19,0.0,0.0,0.0,,none
GHCND:US1NJBG0018,"PALISADES PARK 0.2 WNW, NJ US",40.848094,-74.000247,2025-02-24,0.0,0.0,0.0,,none
GHCND:US1NJBG0018,"PALISADES PARK 0.2 WNW, NJ US",40.848094,-74.000247,2025-02-25,0.0,0.0,0.0,,none
GHCND:US1NJBG0018,"PALISADES PARK 0.2 WNW, NJ US",40.848094,-74.000247,2025-03-02,0.0,0.0,0.0,,none
GHCND:US1NJBG0018,"PALISADES PARK 0.2 WNW, NJ US",40.848094,-74.000247,2025-03-05,0.0,0.0,0.0,,none
GHCND:US1NJBG0018,"PALISADES PARK 0.2 WNW, NJ US",40.848094,-74.000247,2025-03-06,4.5200000000000005,0.178,0.0,,rain
GHCND:US1NJBG0018,"PALISADES PARK 0.2 WNW, NJ US",40.848094,-74.000247,2025-03-08,0.0,0.0,0.0,,none
GHCND:US1NJBG0018,"PALISADES PARK 0.2 WNW, NJ US",40.848094,-74.000247,2025-03-09,0.0,0.0,0.0,,none
GHCND:US1NJBG0018,"PALISADES PARK 0.2 WNW, NJ US",40.848094,-74.000247,2025-03-11,0.0,0.0,0.0,,none
GHCND:US1NJBG0018,"PALISADES PARK 0.2 WNW, NJ US",40.848094,-74.000247,2025-03-14,0.0,0.0,0.0,,none
GHCND:US1NJBG0018,"PALISADES PARK 0.2 WNW, NJ US",40.848094,-74.000247,2025-03-16,0.0,0.0,0.0,,none
GHCND:US1NJBG0018,"PALISADES PARK 0.2 WNW, NJ US",40.848094,-74.000247,2025-03-18,0.0,0.0,0.0,,none
GHCND:US1NJBG0018,"PALISADES PARK 0.2 WNW, NJ US",40.848094,-74.000247,2025-03-19,0.0,0.0,0.0,,none
GHCND:US1NJBG0018,"PALISADES PARK 0.2 WNW, NJ US",40.848094,-74.000247,2025-03-21,2.95,0.116,0.0,,rain
GHCND:US1NJBG0018,"PALISADES PARK 0.2 WNW, NJ US",40.848094,-74.000247,2025-03-24,0.22999999999999998,0.009,0.0,,rain
GHCND:US1NJBG0018,"PALISADES PARK 0.2 WNW, NJ US",40.848094,-74.000247,2025-03-25,0.71,0.028,0.0,,rain
GHCND:US1NJBG0018,"PALISADES PARK 0.2 WNW, NJ US",40.848094,-74.000247,2025-03-26,0.0,0.0,0.0,,none
GHCND:US1NJBG0018,"PALISADES PARK 0.2 WNW, NJ US",40.848094,-74.000247,2025-03-27,0.0,0.0,0.0,,none
GHCND:US1NJBG0018,"PALISADES PARK 0.2 WNW, NJ US",40.848094,-74.000247,2025-03-29,0.05,0.002,0.0,,rain
GHCND:US1NJBG0018,"PALISADES PARK 0.2 WNW, NJ US",40.848094,-74.000247,2025-03-30,0.0,0.0,0.0,,none
GHCND:US1NJBG0018,"PALISADES PARK 0.2 WNW, NJ US",40.848094,-74.000247,2025-03-31,0.13,0.005,0.0,,rain
GHCND:US1NJBG0018,"PALISADES PARK 0.2 WNW, NJ US",40.848094,-74.000247,2025-04-02,0.0,0.0,0.0,,none
GHCND:US1NJBG0018,"PALISADES PARK 0.2 WNW, NJ US",40.848094,-74.000247,2025-04-03,0.18,0.007,0.0,,rain
GHCND:US1NJBG0018,"PALISADES PARK 0.2 WNW, NJ US",40.848094,-74.000247,2025-04-04,0.15,0.006,0.0,,rain
GHCND:US1NJBG0018,"PALISADES PARK 0.2 WNW, NJ US",40.848094,-74.000247,2025-04-05,0.0,0.0,0.0,,none
GHCND:US1NJBG0018,"PALISADES PARK 0.2 WNW, NJ US",40.848094,-74.000247,2025-04-07,0.22999999999999998,0.009,0.0,,rain
GHCND:US1NJBG0018,"PALISADES PARK 0.2 WNW, NJ US",40.848094,-74.000247,2025-04-13,0.3,0.012,0.0,,rain
GHCND:US1NJBG0018,"PALISADES PARK 0.2 WNW, NJ US",40.848094,-74.000247,2025-04-16,0.0,0.0,0.0,,none
GHCND:US1NJBG0018,"PALISADES PARK 0.2 WNW, NJ US",40.848094,-74.000247,2025-04-17,0.0,0.0,0.0,,none
GHCND:US1NJBG0018,"PALISADES PARK 0.2 WNW, NJ US",40.848094,-74.000247,2025-04-18,0.0,0.0,0.0,,none
GHCND:US1NJBG0018,"PALISADES PARK 0.2 WNW, NJ US",40.848094,-74.000247,2025-04-19,0.0,0.0,0.0,,none
GHCND:US1NJBG0018,"PALISADES PARK 0.2 WNW, NJ US",40.848094,-74.000247,2025-04-21,0.0,0.0,0.0,,none
GHCND:US1NJBG0018,"PALISADES PARK 0.2 WNW, NJ US",40.848094,-74.000247,2025-04-22,0.03,0.001,0.0,,rain
GHCND:US1NJBG0018,"PALISADES PARK 0.2 WNW, NJ US",40.848094,-74.000247,2025-04-23,0.0,0.0,0.0,,none
GHCND:US1NJBG0018,"PALISADES PARK 0.2 WNW, NJ US",40.848094,-74.000247,2025-04-25,0.0,0.0,0.0,,none
GHCND:US1NJBG0018,"PALISADES PARK 0.2 WNW, NJ US",40.848094,-74.000247,2025-04-26,0.36,0.014,0.0,,rain
GHCND:US1NJBG0018,"PALISADES PARK 0.2 WNW, NJ US",40.848094,-74.000247,2025-04-27,0.97,0.038,0.0,,rain
GHCND:US1NJBG0018,"PALISADES PARK 0.2 WNW, NJ US",40.848094,-74.000247,2025-04-28,0.0,0.0,0.0,,none
GHCND:US1NJBG0018,"PALISADES PARK 0.2 WNW, NJ US",40.848094,-74.000247,2025-04-29,0.0,0.0,0.0,,none
GHCND:US1NJBG0018,"PALISADES PARK 0.2 WNW, NJ US",40.848094,-74.000247,2025-04-30,0.0,0.0,0.0,,none
GHCND:US1NJBG0018,"PALISADES PARK 0.2 WNW, NJ US",40.848094,-74.000247,2025-05-03,0.0,0.0,0.0,,none
GHCND:US1NJBG0018,"PALISADES PARK 0.2 WNW, NJ US",40.848094,-74.000247,2025-05-04,0.97,0.038,0.0,,rain
GHCND:US1NJBG0018,"PALISADES PARK 0.2 WNW, NJ US",40.848094,-74.000247,2025-05-06,2.2399999999999998,0.088,0.0,,rain
GHCND:US1NJBG0018,"PALISADES PARK 0.2 WNW, NJ US",40.848094,-74.000247,2025-05-07,0.32999999999999996,0.013,0.0,,rain
GHCND:US1NJBG0018,"PALISADES PARK 0.2 WNW, NJ US",40.848094,-74.000247,2025-05-08,0.0,0.0,0.0,,none
GHCND:US1NJBG0018,"PALISADES PARK 0.2 WNW, NJ US",40.848094,-74.000247,2025-05-10,0.8400000000000001,0.033,0.0,,rain
GHCND:US1NJBG0018,"PALISADES PARK 0.2 WNW, NJ US",40.848094,-74.000247,2025-05-11,0.0,0.0,0.0,,none
GHCND:US1NJBG0018,"PALISADES PARK 0.2 WNW, NJ US",40.848094,-74.000247,2025-05-12,0.0,0.0,0.0,,none
GHCND:US1NJBG0018,"PALISADES PARK 0.2 WNW, NJ US",40.848094,-74.000247,2025-05-13,0.0,0.0,0.0,,none
GHCND:US1NJBG0018,"PALISADES PARK 0.2 WNW, NJ US",40.848094,-74.000247,2025-05-17,0.25,0.01,0.0,,rain
GHCND:US1NJBG0018,"PALISADES PARK 0.2 WNW, NJ US",40.848094,-74.000247,2025-05-20,0.0,0.0,0.0,,none
GHCND:US1NJBG0018,"PALISADES PARK 0.2 WNW, NJ US",40.848094,-74.000247,2025-05-21,0.03,0.001,0.0,,rain
GHCND:US1NJBG0018,"PALISADES PARK 0.2 WNW, NJ US",40.848094,-74.000247,2025-05-30,0.03,0.001,0.0,,rain
GHCND:US1NJBG0018,"PALISADES PARK 0.2 WNW, NJ US",40.848094,-74.000247,2025-06-05,0.0,0.0,0.0,,none
GHCND:US1NJBG0018,"PALISADES PARK 0.2 WNW, NJ US",40.848094,-74.000247,2025-06-07,0.18,0.007,0.0,,rain
GHCND:US1NJBG0018,"PALISADES PARK 0.2 WNW, NJ US",40.848094,-74.000247,2025-06-09,0.05,0.002,0.0,,rain
GHCND:US1NJBG0018,"PALISADES PARK 0.2 WNW, NJ US",40.848094,-74.000247,2025-06-10,0.45999999999999996,0.018,0.0,,rain
GHCND:US1NJBG0018,"PALISADES PARK 0.2 WNW, NJ US",40.848094,-74.000247,2025-06-11,2.54,0.1,0.0,,rain
GHCND:US1NJBG0018,"PALISADES PARK 0.2 WNW, NJ US",40.848094,-74.000247,2025-06-12,0.0,0.0,0.0,,none
GHCND:US1NJBG0018,"PALISADES PARK 0.2 WNW, NJ US",40.848094,-74.000247,2025-06-23,0.18,0.007,0.0,,rain
GHCND:US1NJBG0018,"PALISADES PARK 0.2 WNW, NJ US",40.848094,-74.000247,2025-06-24,0.0,0.0,0.0,,none
GHCND:US1NJBG0018,"PALISADES PARK 0.2 WNW, NJ US",40.848094,-74.000247,2025-06-25,0.0,0.0,0.0,,none
GHCND:US1NJBG0018,"PALISADES PARK 0.2 WNW, NJ US",40.848094,-74.000247,2025-07-16,0.0,0.0,0.0,,none
GHCND:US1NJBG0018,"PALISADES PARK 0.2 WNW, NJ US",40.848094,-74.000247,2025-07-24,0.0,0.0,0.0,,none
GHCND:US1NJBG0018,"PALISADES PARK 0.2 WNW, NJ US",40.848094,-74.000247,2025-07-25,0.0,0.0,0.0,,none
GHCND:US1NJBG0018,"PALISADES PARK 0.2 WNW, NJ US",40.848094,-74.000247,2025-07-26,0.05,0.002,0.0,,rain
GHCND:US1NJBG0018,"PALISADES PARK 0.2 WNW, NJ US",40.848094,-74.000247,2025-07-31,0.0,0.0,0.0,,none
GHCND:US1NJBG0018,"PALISADES PARK 0.2 WNW, NJ US",40.848094,-74.000247,2025-08-17,0.0,0.0,0.0,,none
GHCND:US1NJBG0018,"PALISADES PARK 0.2 WNW, NJ US",40.848094,-74.000247,2025-08-20,0.0,0.0,0.0,,none
GHCND:US1NJBG0018,"PALISADES PARK 0.2 WNW, NJ US",40.848094,-74.000247,2025-08-30,0.0,0.0,0.0,,none
GHCND:US1NJBG0018,"PALISADES PARK 0.2 WNW, NJ US",40.848094,-74.000247,2025-09-05,2.2399999999999998,0.088,0.0,,rain
GHCND:US1NJBG0018,"PALISADES PARK 0.2 WNW, NJ US",40.848094,-74.000247,2025-09-18,0.0,0.0,0.0,,none
GHCND:US1NJBG0018,"PALISADES PARK 0.2 WNW, NJ US",40.848094,-74.000247,2025-10-08,0.76,0.03,0.0,,rain
GHCND:US1NJBG0018,"PALISADES PARK 0.2 WNW, NJ US",40.848094,-74.000247,2025-10-18,0.0,0.0,0.0,,none
GHCND:US1NJBG0018,"PALISADES PARK 0.2 WNW, NJ US",40.848094,-74.000247,2025-10-24,0.0,0.0,0.0,,none
GHCND:US1NJBG0018,"PALISADES PARK 0.2 WNW, NJ US",40.848094,-74.000247,2025-10-26,0.0,0.0,0.0,,none
GHCND:US1NJBG0018,"PALISADES PARK 0.2 WNW, NJ US",40.848094,-74.000247,2025-10-30,0.74,0.029,0.0,,rain
GHCND:US1NJBG0018,"PALISADES PARK 0.2 WNW, NJ US",40.848094,-74.000247,2025-11-02,0.0,0.0,0.0,,none
GHCND:US1NJBG0018,"PALISADES PARK 0.2 WNW, NJ US",40.848094,-74.000247,2025-11-03,0.0,0.0,0.0,,none
GHCND:US1NJBG0018,"PALISADES PARK 0.2 WNW, NJ US",40.848094,-74.000247,2025-11-20,0.0,0.0,0.0,,none
GHCND:US1NJBG0018,"PALISADES PARK 0.2 WNW, NJ US",40.848094,-74.000247,2025-11-26,1.5,0.059,0.0,,rain
GHCND:US1NJBG0018,"PALISADES PARK 0.2 WNW, NJ US",40.848094,-74.000247,2025-12-02,0.0,0.0,0.0,,none
GHCND:US1NJBG0018,"PALISADES PARK 0.2 WNW, NJ US",40.848094,-74.000247,2025-12-03,1.98,0.078,0.0,,rain
GHCND:US1NJBG0018,"PALISADES PARK 0.2 WNW, NJ US",40.848094,-74.000247,2025-12-19,2.77,0.109,0.0,,rain
GHCND:US1NJBG0018,"PALISADES PARK 0.2 WNW, NJ US",40.848094,-74.000247,2025-12-26,0.0,0.0,0.0,,none
GHCND:US1NJBG0018,"PALISADES PARK 0.2 WNW, NJ US",40.848094,-74.000247,2025-12-27,1.1400000000000001,0.045,89.0,,snow
GHCND:US1NJBG0018,"PALISADES PARK 0.2 WNW, NJ US",40.848094,-74.000247,2025-12-28,0.0,0.0,0.0,,none
GHCND:US1NJBG0018,"PALISADES PARK 0.2 WNW, NJ US",40.848094,-74.000247,2025-12-29,0.18,0.007,0.0,,rain
GHCND:US1NJBG0018,"PALISADES PARK 0.2 WNW, NJ US",40.848094,-74.000247,2025-12-30,0.0,0.0,0.0,,none
GHCND:US1NJBG0018,"PALISADES PARK 0.2 WNW, NJ US",40.848094,-74.000247,2025-12-31,0.0,0.0,0.0,,none
GHCND:US1NJBG0043,"MAYWOOD 0.2 SW, NJ US",40.90001,-74.06641,2025-01-12,0.0,0.0,0.0,,none
GHCND:US1NJBG0043,"MAYWOOD 0.2 SW, NJ US",40.90001,-74.06641,2025-01-14,0.0,0.0,0.0,,none
GHCND:US1NJBG0043,"MAYWOOD 0.2 SW, NJ US",40.90001,-74.06641,2025-01-15,0.0,0.0,0.0,,none
GHCND:US1NJBG0043,"MAYWOOD 0.2 SW, NJ US",40.90001,-74.06641,2025-01-16,0.0,0.0,0.0,,none
GHCND:US1NJBG0043,"MAYWOOD 0.2 SW, NJ US",40.90001,-74.06641,2025-01-18,0.15,0.006,,,rain
GHCND:US1NJBG0043,"MAYWOOD 0.2 SW, NJ US",40.90001,-74.06641,2025-01-19,0.05,0.002,,,rain
GHCND:US1NJBG0043,"MAYWOOD 0.2 SW, NJ US",40.90001,-74.06641,2025-01-20,0.9099999999999999,0.036,76.0,,snow
GHCND:US1NJBG0043,"MAYWOOD 0.2 SW, NJ US",40.90001,-74.06641,2025-01-21,0.0,0.0,0.0,,none
GHCND:US1NJBG0043,"MAYWOOD 0.2 SW, NJ US",40.90001,-74.06641,2025-01-22,0.0,0.0,0.0,,none
GHCND:US1NJBG0043,"MAYWOOD 0.2 SW, NJ US",40.90001,-74.06641,2025-01-23,0.0,0.0,0.0,,none
GHCND:US1NJBG0043,"MAYWOOD 0.2 SW, NJ US",40.90001,-74.06641,2025-01-24,0.0,0.0,0.0,,none
GHCND:US1NJBG0043,"MAYWOOD 0.2 SW, NJ US",40.90001,-74.06641,2025-01-25,0.0,0.0,0.0,,none
GHCND:US1NJBG0043,"MAYWOOD 0.2 SW, NJ US",40.90001,-74.06641,2025-01-30,0.0,0.0,0.0,,none
GHCND:US1NJBG0043,"MAYWOOD 0.2 SW, NJ US",40.90001,-74.06641,2025-01-31,0.3,0.012,,,rain
GHCND:US1NJBG0043,"MAYWOOD 0.2 SW, NJ US",40.90001,-74.06641,2025-02-05,0.0,0.0,0.0,,none
GHCND:US1NJBG0043,"MAYWOOD 0.2 SW, NJ US",40.90001,-74.06641,2025-02-08,0.03,0.001,,,rain
GHCND:US1NJBG0043,"MAYWOOD 0.2 SW, NJ US",40.90001,-74.06641,2025-02-09,1.1400000000000001,0.045,,,rain
GHCND:US1NJBG0043,"MAYWOOD 0.2 SW, NJ US",40.90001,-74.06641,2025-02-10,0.0,0.0,0.0,,none
GHCND:US1NJBG0043,"MAYWOOD 0.2 SW, NJ US",40.90001,-74.06641,2025-02-11,0.03,0.001,,,rain
GHCND:US1NJBG0043,"MAYWOOD 0.2 SW, NJ US",40.90001,-74.06641,2025-02-24,0.0,0.0,0.0,,none
GHCND:US1NJBG0043,"MAYWOOD 0.2 SW, NJ US",40.90001,-74.06641,2025-02-25,0.0,0.0,0.0,,none
GHCND:US1NJBG0043,"MAYWOOD 0.2 SW, NJ US",40.90001,-74.06641,2025-03-02,0.0,0.0,,,none
GHCND:US1NJBG0043,"MAYWOOD 0.2 SW, NJ US",40.90001,-74.06641,2025-03-05,2.06,0.081,,,rain
GHCND:US1NJBG0043,"MAYWOOD 0.2 SW, NJ US",40.90001,-74.06641,2025-03-06,1.9600000000000002,0.077,,,rain
GHCND:US1NJBG0043,"MAYWOOD 0.2 SW, NJ US",40.90001,-74.06641,2025-03-08,0.0,0.0,,,none
GHCND:US1NJBG0043,"MAYWOOD 0.2 SW, NJ US",40.90001,-74.06641,2025-03-09,0.0,0.0,,,none
GHCND:US1NJBG0043,"MAYWOOD 0.2 SW, NJ US",40.90001,-74.06641,2025-03-11,0.0,0.0,0.0,,none
GHCND:US1NJBG0043,"MAYWOOD 0.2 SW, NJ US",40.90001,-74.06641,2025-03-14,0.0,0.0,0.0,,none
GHCND:US1NJBG0043,"MAYWOOD 0.2 SW, NJ US",40.90001,-74.06641,2025-03-16,0.05,0.002,0.0,,rain
GHCND:US1NJBG0043,"MAYWOOD 0.2 SW, NJ US",40.90001,-74.06641,2025-03-18,0.0,0.0,,,none
GHCND:US1NJBG0043,"MAYWOOD 0.2 SW, NJ US",40.90001,-74.06641,2025-03-19,0.0,0.0,0.0,,none
GHCND:US1NJBG0043,"MAYWOOD 0.2 SW, NJ US",40.90001,-74.06641,2025-03-21,2.5100000000000002,0.099,,,rain
GHCND:US1NJBG0043,"MAYWOOD 0.2 SW, NJ US",40.90001,-74.06641,2025-03-24,0.79,0.031,,,rain
GHCND:US1NJBG0043,"MAYWOOD 0.2 SW, NJ US",40.90001,-74.06641,2025-03-25,0.0,0.0,0.0,,none
GHCND:US1NJBG0043,"MAYWOOD 0.2 SW, NJ US",40.90001,-74.06641,2025-03-26,0.03,0.001,,,rain
GHCND:US1NJBG0043,"MAYWOOD 0.2 SW, NJ US",40.90001,-74.06641,2025-03-27,0.0,0.0,0.0,,none
GHCND:US1NJBG0043,"MAYWOOD 0.2 SW, NJ US",40.90001,-74.06641,2025-03-29,0.13,0.005,,,rain
GHCND:US1NJBG0043,"MAYWOOD 0.2 SW, NJ US",40.90001,-74.06641,2025-03-30,0.08,0.003,,,rain
GHCND:US1NJBG0043,"MAYWOOD 0.2 SW, NJ US",40.90001,-74.06641,2025-03-31,0.18,0.007,,,rain
GHCND:US1NJBG0043,"MAYWOOD 0.2 SW, NJ US",40.90001,-74.06641,2025-04-02,0.05,0.002,,,rain
GHCND:US1NJBG0043,"MAYWOOD 0.2 SW, NJ US",40.90001,-74.06641,2025-04-03,0.0,0.0,0.0,,none
GHCND:US1NJBG0043,"MAYWOOD 0.2 SW, NJ US",40.90001,-74.06641,2025-04-04,0.15,0.006,,,rain
GHCND:US1NJBG0043,"MAYWOOD 0.2 SW, NJ US",40.90001,-74.06641,2025-04-05,0.15,0.006,0.0,,rain
GHCND:US1NJBG0043,"MAYWOOD 0.2 SW, NJ US",40.90001,-74.06641,2025-04-07,0.53,0.021,,,rain
GHCND:US1NJBG0043,"MAYWOOD 0.2 SW, NJ US",40.90001,-74.06641,2025-04-09,0.0,0.0,0.0,,none
GHCND:US1NJBG0043,"MAYWOOD 0.2 SW, NJ US",40.90001,-74.06641,2025-04-13,0.05,0.002,,,rain
GHCND:US1NJBG0043,"MAYWOOD 0.2 SW, NJ US",40.90001,-74.06641,2025-04-16,0.0,0.0,0.0,,none
GHCND:US1NJBG0043,"MAYWOOD 0.2 SW, NJ US",40.90001,-74.06641,2025-04-17,0.0,0.0,0.0,,none
GHCND:US1NJBG0043,"MAYWOOD 0.2 SW, NJ US",40.90001,-74.06641,2025-04-18,0.0,0.0,0.0,,none
GHCND:US1NJBG0043,"MAYWOOD 0.2 SW, NJ US",40.90001,-74.06641,2025-04-19,0.0,0.0,0.0,,none
GHCND:US1NJBG0043,"MAYWOOD 0.2 SW, NJ US",40.90001,-74.06641,2025-04-21,0.0,0.0,0.0,,none
GHCND:US1NJBG0043,"MAYWOOD 0.2 SW, NJ US",40.90001,-74.06641,2025-04-22,0.0,0.0,0.0,,none
GHCND:US1NJBG0043,"MAYWOOD 0.2 SW, NJ US",40.90001,-74.06641,2025-04-23,0.0,0.0,0.0,,none
GHCND:US1NJBG0043,"MAYWOOD 0.2 SW, NJ US",40.90001,-74.06641,2025-04-25,0.0,0.0,0.0,,none
GHCND:US1NJBG0043,"MAYWOOD 0.2 SW, NJ US",40.90001,-74.06641,2025-04-26,0.36,0.014,,,rain
GHCND:US1NJBG0043,"MAYWOOD 0.2 SW, NJ US",40.90001,-74.06641,2025-04-27,1.02,0.04,,,rain
GHCND:US1NJBG0043,"MAYWOOD 0.2 SW, NJ US",40.90001,-74.06641,2025-04-28,0.0,0.0,0.0,,none
GHCND:US1NJBG0043,"MAYWOOD 0.2 SW, NJ US",40.90001,-74.06641,2025-04-29,0.0,0.0,0.0,,none
GHCND:US1NJBG0043,"MAYWOOD 0.2 SW, NJ US",40.90001,-74.06641,2025-04-30,0.0,0.0,0.0,,none
GHCND:US1NJBG0043,"MAYWOOD 0.2 SW, NJ US",40.90001,-74.06641,2025-05-03,0.0,0.0,0.0,,none
GHCND:US1NJBG0043,"MAYWOOD 0.2 SW, NJ US",40.90001,-74.06641,2025-05-04,0.45999999999999996,0.018,,,rain
GHCND:US1NJBG0043,"MAYWOOD 0.2 SW, NJ US",40.90001,-74.06641,2025-05-06,1.35,0.053,,,rain
GHCND:US1NJBG0043,"MAYWOOD 0.2 SW, NJ US",40.90001,-74.06641,2025-05-07,0.05,0.002,,,rain
GHCND:US1NJBG0043,"MAYWOOD 0.2 SW, NJ US",40.90001,-74.06641,2025-05-08,0.0,0.0,0.0,,none
GHCND:US1NJBG0043,"MAYWOOD 0.2 SW, NJ US",40.90001,-74.06641,2025-05-10,0.08,0.003,,,rain
GHCND:US1NJBG0043,"MAYWOOD 0.2 SW, NJ US",40.90001,-74.06641,2025-05-11,0.0,0.0,0.0,,none
GHCND:US1NJBG0043,"MAYWOOD 0.2 SW, NJ US",40.90001,-74.06641,2025-05-12,0.0,0.0,0.0,,none
GHCND:US1NJBG0043,"MAYWOOD 0.2 SW, NJ US",40.90001,-74.06641,2025-05-13,0.08,0.003,,,rain
GHCND:US1NJBG0043,"MAYWOOD 0.2 SW, NJ US",40.90001,-74.06641,2025-05-17,0.0,0.0,0.0,,none
GHCND:US1NJBG0043,"MAYWOOD 0.2 SW, NJ US",40.90001,-74.06641,2025-05-20,0.0,0.0,0.0,,none
GHCND:US1NJBG0043,"MAYWOOD 0.2 SW, NJ US",40.90001,-74.06641,2025-05-21,0.27999999999999997,0.011,,,rain
GHCND:US1NJBG0043,"MAYWOOD 0.2 SW, NJ US",40.90001,-74.06641,2025-05-30,0.05,0.002,,,rain
GHCND:US1NJBG0043,"MAYWOOD 0.2 SW, NJ US",40.90001,-74.06641,2025-06-05,0.0,0.0,0.0,,none
GHCND:US1NJBG0043,"MAYWOOD 0.2 SW, NJ US",40.90001,-74.06641,2025-06-07,0.38,0.015,,,rain
GHCND:US1NJBG0043,"MAYWOOD 0.2 SW, NJ US",40.90001,-74.06641,2025-06-09,0.13,0.005,,,rain
GHCND:US1NJBG0043,"MAYWOOD 0.2 SW, NJ US",40.90001,-74.06641,2025-06-10,2.08,0.082,,,rain
GHCND:US1NJBG0043,"MAYWOOD 0.2 SW, NJ US",40.90001,-74.06641,2025-06-11,0.15,0.006,,,rain
GHCND:US1NJBG0043,"MAYWOOD 0.2 SW, NJ US",40.90001,-74.06641,2025-06-12,0.0,0.0,0.0,,none
GHCND:US1NJBG0043,"MAYWOOD 0.2 SW, NJ US",40.90001,-74.06641,2025-06-21,0.0,0.0,0.0,,none
GHCND:US1NJBG0043,"MAYWOOD 0.2 SW, NJ US",40.90001,-74.06641,2025-06-23,0.0,0.0,0.0,,none
GHCND:US1NJBG0043,"MAYWOOD 0.2 SW, NJ US",40.90001,-74.06641,2025-06-24,0.0,0.0,0.0,,none
GHCND:US1NJBG0043,"MAYWOOD 0.2 SW, NJ US",40.90001,-74.06641,2025-06-25,0.0,0.0,0.0,,none
GHCND:US1NJBG0043,"MAYWOOD 0.2 SW, NJ US",40.90001,-74.06641,2025-07-16,0.0,0.0,0.0,,none
GHCND:US1NJBG0043,"MAYWOOD 0.2 SW, NJ US",40.90001,-74.06641,2025-07-24,0.0,0.0,0.0,,none
GHCND:US1NJBG0043,"MAYWOOD 0.2 SW, NJ US",40.90001,-74.06641,2025-07-25,0.0,0.0,0.0,,none
GHCND:US1NJBG0043,"MAYWOOD 0.2 SW, NJ US",40.90001,-74.06641,2025-07-26,0.0,0.0,0.0,,none
GHCND:US1NJBG0043,"MAYWOOD 0.2 SW, NJ US",40.90001,-74.06641,2025-07-31,0.22999999999999998,0.009,,,rain
GHCND:US1NJBG0043,"MAYWOOD 0.2 SW, NJ US",40.90001,-74.06641,2025-08-17,0.0,0.0,0.0,,none
GHCND:US1NJBG0043,"MAYWOOD 0.2 SW, NJ US",40.90001,-74.06641,2025-08-20,0.41,0.016,,,rain
GHCND:US1NJBG0043,"MAYWOOD 0.2 SW, NJ US",40.90001,-74.06641,2025-08-30,0.0,0.0,0.0,,none
GHCND:US1NJBG0043,"MAYWOOD 0.2 SW, NJ US",40.90001,-74.06641,2025-09-05,2.69,0.106,,,rain
GHCND:US1NJBG0043,"MAYWOOD 0.2 SW, NJ US",40.90001,-74.06641,2025-09-18,0.0,0.0,0.0,,none
GHCND:US1NJBG0043,"MAYWOOD 0.2 SW, NJ US",40.90001,-74.06641,2025-10-08,1.09,0.043,,,rain
GHCND:US1NJBG0043,"MAYWOOD 0.2 SW, NJ US",40.90001,-74.06641,2025-10-18,0.0,0.0,0.0,,none
GHCND:US1NJBG0043,"MAYWOOD 0.2 SW, NJ US",40.90001,-74.06641,2025-10-24,0.0,0.0,0.0,,none
GHCND:US1NJBG0043,"MAYWOOD 0.2 SW, NJ US",40.90001,-74.06641,2025-10-26,0.0,0.0,0.0,,none
GHCND:US1NJBG0043,"MAYWOOD 0.2 SW, NJ US",40.90001,-74.06641,2025-10-30,4.09,0.161,,,rain
GHCND:US1NJBG0043,"MAYWOOD 0.2 SW, NJ US",40.90001,-74.06641,2025-11-02,0.0,0.0,0.0,,none
GHCND:US1NJBG0043,"MAYWOOD 0.2 SW, NJ US",40.90001,-74.06641,2025-11-03,0.0,0.0,0.0,,none
GHCND:US1NJBG0043,"MAYWOOD 0.2 SW, NJ US",40.90001,-74.06641,2025-11-08,0.38,0.015,,,rain
GHCND:US1NJBG0043,"MAYWOOD 0.2 SW, NJ US",40.90001,-74.06641,2025-11-09,0.0,0.0,0.0,,none
GHCND:US1NJBG0043,"MAYWOOD 0.2 SW, NJ US",40.90001,-74.06641,2025-11-10,0.0,0.0,0.0,,none
GHCND:US1NJBG0043,"MAYWOOD 0.2 SW, NJ US",40.90001,-74.06641,2025-11-12,0.0,0.0,0.0,,none
GHCND:US1NJBG0043,"MAYWOOD 0.2 SW, NJ US",40.90001,-74.06641,2025-11-20,0.0,0.0,0.0,,none
GHCND:US1NJBG0043,"MAYWOOD 0.2 SW, NJ US",40.90001,-74.06641,2025-11-26,0.8099999999999999,0.032,,,rain
GHCND:US1NJBG0043,"MAYWOOD 0.2 SW, NJ US",40.90001,-74.06641,2025-12-02,2.06,0.081,,,rain
GHCND:US1NJBG0043,"MAYWOOD 0.2 SW, NJ US",40.90001,-74.06641,2025-12-03,0.0,0.0,0.0,,none
GHCND:US1NJBG0043,"MAYWOOD 0.2 SW, NJ US",40.90001,-74.06641,2025-12-09,0.03,0.001,,,rain
GHCND:US1NJBG0043,"MAYWOOD 0.2 SW, NJ US",40.90001,-74.06641,2025-12-10,0.0,0.0,0.0,,none
GHCND:US1NJBG0043,"MAYWOOD 0.2 SW, NJ US",40.90001,-74.06641,2025-12-13,0.0,0.0,0.0,,none
GHCND:US1NJBG0043,"MAYWOOD 0.2 SW, NJ US",40.90001,-74.06641,2025-12-15,0.0,0.0,0.0,,none
GHCND:US1NJBG0043,"MAYWOOD 0.2 SW, NJ US",40.90001,-74.06641,2025-12-16,0.0,0.0,0.0,,none
GHCND:US1NJBG0043,"MAYWOOD 0.2 SW, NJ US",40.90001,-74.06641,2025-12-17,0.0,0.0,0.0,,none
GHCND:US1NJBG0043,"MAYWOOD 0.2 SW, NJ US",40.90001,-74.06641,2025-12-18,0.0,0.0,,,none
GHCND:US1NJBG0043,"MAYWOOD 0.2 SW, NJ US",40.90001,-74.06641,2025-12-19,3.28,0.129,,,rain
GHCND:US1NJBG0043,"MAYWOOD 0.2 SW, NJ US",40.90001,-74.06641,2025-12-26,0.0,0.0,0.0,,none
GHCND:US1NJBG0043,"MAYWOOD 0.2 SW, NJ US",40.90001,-74.06641,2025-12-28,0.0,0.0,0.0,,none
GHCND:US1NJBG0043,"MAYWOOD 0.2 SW, NJ US",40.90001,-74.06641,2025-12-29,0.2,0.008,,,rain
GHCND:US1NJBG0043,"MAYWOOD 0.2 SW, NJ US",40.90001,-74.06641,2025-12-30,0.0,0.0,0.0,,none
GHCND:US1NJBG0043,"MAYWOOD 0.2 SW, NJ US",40.90001,-74.06641,2025-12-31,0.0,0.0,0.0,,none
GHCND:US1NJBG0064,"WOOD RIDGE 0.2 N, NJ US",40.852624,-74.087451,2025-01-12,0.0,0.0,,,none
GHCND:US1NJBG0064,"WOOD RIDGE 0.2 N, NJ US",40.852624,-74.087451,2025-01-14,0.0,0.0,0.0,,none
GHCND:US1NJBG0064,"WOOD RIDGE 0.2 N, NJ US",40.852624,-74.087451,2025-01-15,0.0,0.0,0.0,,none
GHCND:US1NJBG0064,"WOOD RIDGE 0.2 N, NJ US",40.852624,-74.087451,2025-01-16,0.0,0.0,0.0,,none
GHCND:US1NJBG0064,"WOOD RIDGE 0.2 N, NJ US",40.852624,-74.087451,2025-01-18,0.0,0.0,0.0,,none
GHCND:US1NJBG0064,"WOOD RIDGE 0.2 N, NJ US",40.852624,-74.087451,2025-01-19,0.13,0.005,0.0,,rain
GHCND:US1NJBG0064,"WOOD RIDGE 0.2 N, NJ US",40.852624,-74.087451,2025-01-20,1.02,0.04,,,rain
GHCND:US1NJBG0064,"WOOD RIDGE 0.2 N, NJ US",40.852624,-74.087451,2025-01-21,0.0,0.0,,,none
GHCND:US1NJBG0064,"WOOD RIDGE 0.2 N, NJ US",40.852624,-74.087451,2025-01-22,0.0,0.0,0.0,,none
GHCND:US1NJBG0064,"WOOD RIDGE 0.2 N, NJ US",40.852624,-74.087451,2025-01-23,0.0,0.0,0.0,,none
GHCND:US1NJBG0064,"WOOD RIDGE 0.2 N, NJ US",40.852624,-74.087451,2025-01-24,0.0,0.0,0.0,,none
GHCND:US1NJBG0064,"WOOD RIDGE 0.2 N, NJ US",40.852624,-74.087451,2025-01-25,0.0,0.0,0.0,,none
GHCND:US1NJBG0064,"WOOD RIDGE 0.2 N, NJ US",40.852624,-74.087451,2025-01-30,0.0,0.0,0.0,,none
GHCND:US1NJBG0064,"WOOD RIDGE 0.2 N, NJ US",40.852624,-74.087451,2025-01-31,0.15,0.006,,,rain
GHCND:US1NJBG0064,"WOOD RIDGE 0.2 N, NJ US",40.852624,-74.087451,2025-02-05,0.0,0.0,0.0,,none
GHCND:US1NJBG0064,"WOOD RIDGE 0.2 N, NJ US",40.852624,-74.087451,2025-02-08,0.0,0.0,0.0,,none
GHCND:US1NJBG0064,"WOOD RIDGE 0.2 N, NJ US",40.852624,-74.087451,2025-02-09,1.9600000000000002,0.077,,,rain
GHCND:US1NJBG0064,"WOOD RIDGE 0.2 N, NJ US",40.852624,-74.087451,2025-02-10,0.0,0.0,0.0,,none
GHCND:US1NJBG0064,"WOOD RIDGE 0.2 N, NJ US",40.852624,-74.087451,2025-02-11,0.0,0.0,0.0,,none
GHCND:US1NJBG0064,"WOOD RIDGE 0.2 N, NJ US",40.852624,-74.087451,2025-02-12,0.27999999999999997,0.011,,,rain
GHCND:US1NJBG0064,"WOOD RIDGE 0.2 N, NJ US",40.852624,-74.087451,2025-02-13,0.71,0.028,,,rain
GHCND:US1NJBG0064,"WOOD RIDGE 0.2 N, NJ US",40.852624,-74.087451,2025-02-16,1.9100000000000001,0.075,,,rain
GHCND:US1NJBG0064,"WOOD RIDGE 0.2 N, NJ US",40.852624,-74.087451,2025-02-19,0.0,0.0,0.0,,none
GHCND:US1NJBG0064,"WOOD RIDGE 0.2 N, NJ US",40.852624,-74.087451,2025-02-24,0.0,0.0,0.0,,none
GHCND:US1NJBG0064,"WOOD RIDGE 0.2 N, NJ US",40.852624,-74.087451,2025-02-25,0.0,0.0,0.0,,none
GHCND:US1NJBG0064,"WOOD RIDGE 0.2 N, NJ US",40.852624,-74.087451,2025-03-02,0.0,0.0,0.0,,none
GHCND:US1NJBG0064,"WOOD RIDGE 0.2 N, NJ US",40.852624,-74.087451,2025-03-05,0.0,0.0,0.0,,none
GHCND:US1NJBG0064,"WOOD RIDGE 0.2 N, NJ US",40.852624,-74.087451,2025-03-06,4.09,0.161,,,rain
GHCND:US1NJBG0064,"WOOD RIDGE 0.2 N, NJ US",40.852624,-74.087451,2025-03-08,0.0,0.0,0.0,,none
GHCND:US1NJBG0064,"WOOD RIDGE 0.2 N, NJ US",40.852624,-74.087451,2025-03-09,0.0,0.0,0.0,,none
GHCND:US1NJBG0064,"WOOD RIDGE 0.2 N, NJ US",40.852624,-74.087451,2025-03-11,0.0,0.0,0.0,,none
GHCND:US1NJBG0064,"WOOD RIDGE 0.2 N, NJ US",40.852624,-74.087451,2025-03-14,0.0,0.0,0.0,,none
GHCND:US1NJBG0064,"WOOD RIDGE 0.2 N, NJ US",40.852624,-74.087451,2025-03-16,0.03,0.001,,,rain
GHCND:US1NJBG0064,"WOOD RIDGE 0.2 N, NJ US",40.852624,-74.087451,2025-03-18,0.0,0.0,0.0,,none
GHCND:US1NJBG0064,"WOOD RIDGE 0.2 N, NJ US",40.852624,-74.087451,2025-03-19,0.0,0.0,0.0,,none
GHCND:US1NJBG0064,"WOOD RIDGE 0.2 N, NJ US",40.852624,-74.087451,2025-03-21,2.54,0.1,,,rain
GHCND:US1NJBG0064,"WOOD RIDGE 0.2 N, NJ US",40.852624,-74.087451,2025-03-24,0.22999999999999998,0.009,,,rain
GHCND:US1NJBG0064,"WOOD RIDGE 0.2 N, NJ US",40.852624,-74.087451,2025-03-25,0.6900000000000001,0.027,,,rain
GHCND:US1NJBG0064,"WOOD RIDGE 0.2 N, NJ US",40.852624,-74.087451,2025-03-26,0.0,0.0,0.0,,none
GHCND:US1NJBG0064,"WOOD RIDGE 0.2 N, NJ US",40.852624,-74.087451,2025-03-27,0.05,0.002,,,rain
GHCND:US1NJBG0064,"WOOD RIDGE 0.2 N, NJ US",40.852624,-74.087451,2025-03-29,0.08,0.003,,,rain
GHCND:US1NJBG0064,"WOOD RIDGE 0.2 N, NJ US",40.852624,-74.087451,2025-03-30,0.0,0.0,,,none
GHCND:US1NJBG0064,"WOOD RIDGE 0.2 N, NJ US",40.852624,-74.087451,2025-03-31,0.1,0.004,,,rain
GHCND:US1NJBG0064,"WOOD RIDGE 0.2 N, NJ US",40.852624,-74.087451,2025-04-02,0.0,0.0,0.0,,none
GHCND:US1NJBG0064,"WOOD RIDGE 0.2 N, NJ US",40.852624,-74.087451,2025-04-03,0.27999999999999997,0.011,,,rain
GHCND:US1NJBG0064,"WOOD RIDGE 0.2 N, NJ US",40.852624,-74.087451,2025-04-04,0.2,0.008,,,rain
GHCND:US1NJBG0064,"WOOD RIDGE 0.2 N, NJ US",40.852624,-74.087451,2025-04-05,0.0,0.0,0.0,,none
GHCND:US1NJBG0064,"WOOD RIDGE 0.2 N, NJ US",40.852624,-74.087451,2025-04-07,0.22999999999999998,0.009,,,rain
GHCND:US1NJBG0064,"WOOD RIDGE 0.2 N, NJ US",40.852624,-74.087451,2025-04-09,0.0,0.0,0.0,,none
GHCND:US1NJBG0064,"WOOD RIDGE 0.2 N, NJ US",40.852624,-74.087451,2025-04-13,0.53,0.021,,,rain
GHCND:US1NJBG0064,"WOOD RIDGE 0.2 N, NJ US",40.852624,-74.087451,2025-04-16,0.0,0.0,0.0,,none
GHCND:US1NJBG0064,"WOOD RIDGE 0.2 N, NJ US",40.852624,-74.087451,2025-04-17,0.0,0.0,0.0,,none
GHCND:US1NJBG0064,"WOOD RIDGE 0.2 N, NJ US",40.852624,-74.087451,2025-04-18,0.0,0.0,0.0,,none
GHCND:US1NJBG0064,"WOOD RIDGE 0.2 N, NJ US",40.852624,-74.087451,2025-04-19,0.0,0.0,0.0,,none
GHCND:US1NJBG0064,"WOOD RIDGE 0.2 N, NJ US",40.852624,-74.087451,2025-04-21,0.0,0.0,0.0,,none
GHCND:US1NJBG0064,"WOOD RIDGE 0.2 N, NJ US",40.852624,-74.087451,2025-04-22,0.0,0.0,,,none
GHCND:US1NJBG0064,"WOOD RIDGE 0.2 N, NJ US",40.852624,-74.087451,2025-04-23,0.0,0.0,0.0,,none
GHCND:US1NJBG0064,"WOOD RIDGE 0.2 N, NJ US",40.852624,-74.087451,2025-04-25,0.0,0.0,0.0,,none
GHCND:US1NJBG0064,"WOOD RIDGE 0.2 N, NJ US",40.852624,-74.087451,2025-04-26,0.25,0.01,,,rain
GHCND:US1NJBG0064,"WOOD RIDGE 0.2 N, NJ US",40.852624,-74.087451,2025-04-27,0.8400000000000001,0.033,,,rain
GHCND:US1NJBG0064,"WOOD RIDGE 0.2 N, NJ US",40.852624,-74.087451,2025-04-28,0.0,0.0,0.0,,none
GHCND:US1NJBG0064,"WOOD RIDGE 0.2 N, NJ US",40.852624,-74.087451,2025-04-29,0.0,0.0,0.0,,none
GHCND:US1NJBG0064,"WOOD RIDGE 0.2 N, NJ US",40.852624,-74.087451,2025-04-30,0.0,0.0,,,none
GHCND:US1NJBG0064,"WOOD RIDGE 0.2 N, NJ US",40.852624,-74.087451,2025-05-03,0.0,0.0,0.0,,none
GHCND:US1NJBG0064,"WOOD RIDGE 0.2 N, NJ US",40.852624,-74.087451,2025-05-04,0.48,0.019,,,rain
GHCND:US1NJBG0064,"WOOD RIDGE 0.2 N, NJ US",40.852624,-74.087451,2025-05-06,1.65,0.065,,,rain
GHCND:US1NJBG0064,"WOOD RIDGE 0.2 N, NJ US",40.852624,-74.087451,2025-05-07,0.48,0.019,,,rain
GHCND:US1NJBG0064,"WOOD RIDGE 0.2 N, NJ US",40.852624,-74.087451,2025-05-08,0.0,0.0,0.0,,none
GHCND:US1NJBG0064,"WOOD RIDGE 0.2 N, NJ US",40.852624,-74.087451,2025-05-10,1.42,0.056,,,rain
GHCND:US1NJBG0064,"WOOD RIDGE 0.2 N, NJ US",40.852624,-74.087451,2025-05-11,0.0,0.0,0.0,,none
GHCND:US1NJBG0064,"WOOD RIDGE 0.2 N, NJ US",40.852624,-74.087451,2025-05-12,0.0,0.0,0.0,,none
GHCND:US1NJBG0064,"WOOD RIDGE 0.2 N, NJ US",40.852624,-74.087451,2025-05-13,0.0,0.0,0.0,,none
GHCND:US1NJBG0064,"WOOD RIDGE 0.2 N, NJ US",40.852624,-74.087451,2025-05-17,0.36,0.014,,,rain
GHCND:US1NJBG0064,"WOOD RIDGE 0.2 N, NJ US",40.852624,-74.087451,2025-05-20,0.0,0.0,,,none
GHCND:US1NJBG0064,"WOOD RIDGE 0.2 N, NJ US",40.852624,-74.087451,2025-05-21,0.25,0.01,,,rain
GHCND:US1NJBG0064,"WOOD RIDGE 0.2 N, NJ US",40.852624,-74.087451,2025-05-30,0.08,0.003,,,rain
GHCND:US1NJBG0064,"WOOD RIDGE 0.2 N, NJ US",40.852624,-74.087451,2025-06-05,0.0,0.0,0.0,,none
GHCND:US1NJBG0064,"WOOD RIDGE 0.2 N, NJ US",40.852624,-74.087451,2025-06-07,0.0,0.0,,,none
GHCND:US1NJBG0064,"WOOD RIDGE 0.2 N, NJ US",40.852624,-74.087451,2025-06-09,0.08,0.003,,,rain
GHCND:US1NJBG0064,"WOOD RIDGE 0.2 N, NJ US",40.852624,-74.087451,2025-06-10,0.2,0.008,,,rain
GHCND:US1NJBG0064,"WOOD RIDGE 0.2 N, NJ US",40.852624,-74.087451,2025-06-11,2.54,0.1,,,rain
GHCND:US1NJBG0064,"WOOD RIDGE 0.2 N, NJ US",40.852624,-74.087451,2025-06-12,0.0,0.0,0.0,,none
GHCND:US1NJBG0064,"WOOD RIDGE 0.2 N, NJ US",40.852624,-74.087451,2025-06-21,0.0,0.0,0.0,,none
GHCND:US1NJBG0064,"WOOD RIDGE 0.2 N, NJ US",40.852624,-74.087451,2025-06-23,0.18,0.007,,,rain
GHCND:US1NJBG0064,"WOOD RIDGE 0.2 N, NJ US",40.852624,-74.087451,2025-06-24,0.0,0.0,0.0,,none
GHCND:US1NJBG0064,"WOOD RIDGE 0.2 N, NJ US",40.852624,-74.087451,2025-06-25,0.0,0.0,0.0,,none
GHCND:US1NJBG0064,"WOOD RIDGE 0.2 N, NJ US",40.852624,-74.087451,2025-07-16,0.0,0.0,0.0,,none
GHCND:US1NJBG0064,"WOOD RIDGE 0.2 N, NJ US",40.852624,-74.087451,2025-07-24,0.0,0.0,0.0,,none
GHCND:US1NJBG0064,"WOOD RIDGE 0.2 N, NJ US",40.852624,-74.087451,2025-07-25,0.0,0.0,0.0,,none
GHCND:US1NJBG0064,"WOOD RIDGE 0.2 N, NJ US",40.852624,-74.087451,2025-07-26,0.18,0.007,,,rain
GHCND:US1NJBG0064,"WOOD RIDGE 0.2 N, NJ US",40.852624,-74.087451,2025-07-31,0.0,0.0,0.0,,none
GHCND:US1NJBG0064,"WOOD RIDGE 0.2 N, NJ US",40.852624,-74.087451,2025-08-13,0.0,0.0,0.0,,none
GHCND:US1NJBG0064,"WOOD RIDGE 0.2 N, NJ US",40.852624,-74.087451,2025-08-14,0.53,0.021,,,rain
GHCND:US1NJBG0064,"WOOD RIDGE 0.2 N, NJ US",40.852624,-74.087451,2025-08-17,0.0,0.0,0.0,,none
GHCND:US1NJBG0064,"WOOD RIDGE 0.2 N, NJ US",40.852624,-74.087451,2025-08-20,0.0,0.0,0.0,,none
GHCND:US1NJBG0064,"WOOD RIDGE 0.2 N, NJ US",40.852624,-74.087451,2025-08-30,0.0,0.0,0.0,,none
GHCND:US1NJBG0064,"WOOD RIDGE 0.2 N, NJ US",40.852624,-74.087451,2025-09-05,1.6,0.063,,,rain
GHCND:US1NJBG0064,"WOOD RIDGE 0.2 N, NJ US",40.852624,-74.087451,2025-09-18,0.0,0.0,,,none
GHCND:US1NJBG0064,"WOOD RIDGE 0.2 N, NJ US",40.852624,-74.087451,2025-10-08,0.22999999999999998,0.009,,,rain
GHCND:US1NJBG0064,"WOOD RIDGE 0.2 N, NJ US",40.852624,-74.087451,2025-10-18,0.0,0.0,0.0,,none
GHCND:US1NJBG0064,"WOOD RIDGE 0.2 N, NJ US",40.852624,-74.087451,2025-10-24,0.0,0.0,0.0,,none
GHCND:US1NJBG0064,"WOOD RIDGE 0.2 N, NJ US",40.852624,-74.087451,2025-10-26,0.0,0.0,0.0,,none
GHCND:US1NJBG0064,"WOOD RIDGE 0.2 N, NJ US",40.852624,-74.087451,2025-10-30,0.41,0.016,,,rain
GHCND:US1NJBG0064,"WOOD RIDGE 0.2 N, NJ US",40.852624,-74.087451,2025-11-02,0.0,0.0,0.0,,none
GHCND:US1NJBG0064,"WOOD RIDGE 0.2 N, NJ US",40.852624,-74.087451,2025-11-03,0.0,0.0,0.0,,none
GHCND:US1NJBG0064,"WOOD RIDGE 0.2 N, NJ US",40.852624,-74.087451,2025-11-08,0.38,0.015,,,rain
GHCND:US1NJBG0064,"WOOD RIDGE 0.2 N, NJ US",40.852624,-74.087451,2025-11-09,0.0,0.0,0.0,,none
GHCND:US1NJBG0064,"WOOD RIDGE 0.2 N, NJ US",40.852624,-74.087451,2025-11-10,0.6599999999999999,0.026,,,rain
GHCND:US1NJBG0064,"WOOD RIDGE 0.2 N, NJ US",40.852624,-74.087451,2025-11-12,0.0,0.0,0.0,,none
GHCND:US1NJBG0064,"WOOD RIDGE 0.2 N, NJ US",40.852624,-74.087451,2025-11-20,0.08,0.003,,,rain
GHCND:US1NJBG0064,"WOOD RIDGE 0.2 N, NJ US",40.852624,-74.087451,2025-11-26,1.9600000000000002,0.077,,,rain
GHCND:US1NJBG0064,"WOOD RIDGE 0.2 N, NJ US",40.852624,-74.087451,2025-12-02,0.0,0.0,0.0,,none
GHCND:US1NJBG0064,"WOOD RIDGE 0.2 N, NJ US",40.852624,-74.087451,2025-12-03,1.8800000000000001,0.074,,,rain
GHCND:US1NJBG0064,"WOOD RIDGE 0.2 N, NJ US",40.852624,-74.087451,2025-12-09,0.0,0.0,0.0,,none
GHCND:US1NJBG0064,"WOOD RIDGE 0.2 N, NJ US",40.852624,-74.087451,2025-12-10,0.0,0.0,0.0,,none
GHCND:US1NJBG0064,"WOOD RIDGE 0.2 N, NJ US",40.852624,-74.087451,2025-12-13,0.0,0.0,0.0,,none
GHCND:US1NJBG0064,"WOOD RIDGE 0.2 N, NJ US",40.852624,-74.087451,2025-12-14,0.8099999999999999,0.032,,,rain
GHCND:US1NJBG0064,"WOOD RIDGE 0.2 N, NJ US",40.852624,-74.087451,2025-12-15,0.1,0.004,,,rain
GHCND:US1NJBG0064,"WOOD RIDGE 0.2 N, NJ US",40.852624,-74.087451,2025-12-16,0.0,0.0,0.0,,none
GHCND:US1NJBG0064,"WOOD RIDGE 0.2 N, NJ US",40.852624,-74.087451,2025-12-17,0.0,0.0,0.0,,none
GHCND:US1NJBG0064,"WOOD RIDGE 0.2 N, NJ US",40.852624,-74.087451,2025-12-18,0.0,0.0,0.0,,none
GHCND:US1NJBG0064,"WOOD RIDGE 0.2 N, NJ US",40.852624,-74.087451,2025-12-19,0.86,0.034,,,rain
GHCND:US1NJBG0064,"WOOD RIDGE 0.2 N, NJ US",40.852624,-74.087451,2025-12-26,0.0,0.0,0.0,,none
GHCND:US1NJBG0064,"WOOD RIDGE 0.2 N, NJ US",40.852624,-74.087451,2025-12-27,1.17,0.046,,,rain
GHCND:US1NJBG0064,"WOOD RIDGE 0.2 N, NJ US",40.852624,-74.087451,2025-12-28,0.0,0.0,,,none
GHCND:US1NJBG0064,"WOOD RIDGE 0.2 N, NJ US",40.852624,-74.087451,2025-12-29,0.1,0.004,,,rain
GHCND:US1NJBG0064,"WOOD RIDGE 0.2 N, NJ US",40.852624,-74.087451,2025-12-30,0.13,0.005,,,rain
GHCND:US1NJBG0064,"WOOD RIDGE 0.2 N, NJ US",40.852624,-74.087451,2025-12-31,0.0,0.0,0.0,,none
GHCND:US1NJBG0065,"LYNDHURST TWP 1.6 NW, NJ US",40.81007,-74.133975,2025-03-09,0.0,0.0,0.0,,none
GHCND:US1NJBG0065,"LYNDHURST TWP 1.6 NW, NJ US",40.81007,-74.133975,2025-03-11,0.0,0.0,0.0,,none
GHCND:US1NJBG0065,"LYNDHURST TWP 1.6 NW, NJ US",40.81007,-74.133975,2025-03-14,0.0,0.0,0.0,,none
GHCND:US1NJBG0065,"LYNDHURST TWP 1.6 NW, NJ US",40.81007,-74.133975,2025-03-16,0.05,0.002,,,rain
GHCND:US1NJBG0065,"LYNDHURST TWP 1.6 NW, NJ US",40.81007,-74.133975,2025-03-18,0.03,0.001,,,rain
GHCND:US1NJBG0065,"LYNDHURST TWP 1.6 NW, NJ US",40.81007,-74.133975,2025-03-21,2.31,0.091,,,rain
GHCND:US1NJBG0065,"LYNDHURST TWP 1.6 NW, NJ US",40.81007,-74.133975,2025-03-24,0.25,0.01,,,rain
GHCND:US1NJBG0065,"LYNDHURST TWP 1.6 NW, NJ US",40.81007,-74.133975,2025-03-25,0.9099999999999999,0.036,,,rain
GHCND:US1NJBG0065,"LYNDHURST TWP 1.6 NW, NJ US",40.81007,-74.133975,2025-03-26,0.03,0.001,,,rain
GHCND:US1NJBG0065,"LYNDHURST TWP 1.6 NW, NJ US",40.81007,-74.133975,2025-03-27,0.0,0.0,0.0,,none
GHCND:US1NJBG0065,"LYNDHURST TWP 1.6 NW, NJ US",40.81007,-74.133975,2025-03-29,0.1,0.004,,,rain
GHCND:US1NJBG0065,"LYNDHURST TWP 1.6 NW, NJ US",40.81007,-74.133975,2025-03-30,0.03,0.001,,,rain
GHCND:US1NJBG0065,"LYNDHURST TWP 1.6 NW, NJ US",40.81007,-74.133975,2025-03-31,0.13,0.005,,,rain
GHCND:US1NJBG0065,"LYNDHURST TWP 1.6 NW, NJ US",40.81007,-74.133975,2025-04-02,0.05,0.002,,,rain
GHCND:US1NJBG0065,"LYNDHURST TWP 1.6 NW, NJ US",40.81007,-74.133975,2025-04-03,0.2,0.008,,,rain
GHCND:US1NJBG0065,"LYNDHURST TWP 1.6 NW, NJ US",40.81007,-74.133975,2025-04-04,0.25,0.01,,,rain
GHCND:US1NJBG0065,"LYNDHURST TWP 1.6 NW, NJ US",40.81007,-74.133975,2025-04-05,0.03,0.001,,,rain
GHCND:US1NJBG0065,"LYNDHURST TWP 1.6 NW, NJ US",40.81007,-74.133975,2025-04-07,0.2,0.008,,,rain
GHCND:US1NJBG0065,"LYNDHURST TWP 1.6 NW, NJ US",40.81007,-74.133975,2025-04-09,0.03,0.001,,,rain
GHCND:US1NJBG0065,"LYNDHURST TWP 1.6 NW, NJ US",40.81007,-74.133975,2025-04-13,0.8099999999999999,0.032,,,rain
GHCND:US1NJBG0065,"LYNDHURST TWP 1.6 NW, NJ US",40.81007,-74.133975,2025-04-16,0.05,0.002,,,rain
GHCND:US1NJBG0065,"LYNDHURST TWP 1.6 NW, NJ US",40.81007,-74.133975,2025-04-17,0.0,0.0,0.0,,none
GHCND:US1NJBG0065,"LYNDHURST TWP 1.6 NW, NJ US",40.81007,-74.133975,2025-04-18,0.0,0.0,0.0,,none
GHCND:US1NJBG0065,"LYNDHURST TWP 1.6 NW, NJ US",40.81007,-74.133975,2025-04-19,0.0,0.0,0.0,,none
GHCND:US1NJBG0065,"LYNDHURST TWP 1.6 NW, NJ US",40.81007,-74.133975,2025-04-21,0.0,0.0,0.0,,none
GHCND:US1NJBG0065,"LYNDHURST TWP 1.6 NW, NJ US",40.81007,-74.133975,2025-04-22,0.03,0.001,,,rain
GHCND:US1NJBG0065,"LYNDHURST TWP 1.6 NW, NJ US",40.81007,-74.133975,2025-04-23,0.0,0.0,0.0,,none
GHCND:US1NJBG0065,"LYNDHURST TWP 1.6 NW, NJ US",40.81007,-74.133975,2025-04-26,0.51,0.02,,,rain
GHCND:US1NJBG0065,"LYNDHURST TWP 1.6 NW, NJ US",40.81007,-74.133975,2025-04-27,0.64,0.025,,,rain
GHCND:US1NJBG0065,"LYNDHURST TWP 1.6 NW, NJ US",40.81007,-74.133975,2025-04-28,0.0,0.0,0.0,,none
GHCND:US1NJBG0065,"LYNDHURST TWP 1.6 NW, NJ US",40.81007,-74.133975,2025-04-29,0.0,0.0,0.0,,none
GHCND:US1NJBG0065,"LYNDHURST TWP 1.6 NW, NJ US",40.81007,-74.133975,2025-04-30,0.0,0.0,,,none
GHCND:US1NJBG0065,"LYNDHURST TWP 1.6 NW, NJ US",40.81007,-74.133975,2025-05-03,0.0,0.0,0.0,,none
GHCND:US1NJBG0065,"LYNDHURST TWP 1.6 NW, NJ US",40.81007,-74.133975,2025-05-04,0.79,0.031,,,rain
GHCND:US1NJBG0065,"LYNDHURST TWP 1.6 NW, NJ US",40.81007,-74.133975,2025-05-06,1.42,0.056,,,rain
GHCND:US1NJBG0065,"LYNDHURST TWP 1.6 NW, NJ US",40.81007,-74.133975,2025-05-07,0.25,0.01,,,rain
GHCND:US1NJBG0065,"LYNDHURST TWP 1.6 NW, NJ US",40.81007,-74.133975,2025-05-08,0.0,0.0,0.0,,none
GHCND:US1NJBG0065,"LYNDHURST TWP 1.6 NW, NJ US",40.81007,-74.133975,2025-05-10,1.04,0.041,,,rain
GHCND:US1NJBG0065,"LYNDHURST TWP 1.6 NW, NJ US",40.81007,-74.133975,2025-05-11,0.0,0.0,0.0,,none
GHCND:US1NJBG0065,"LYNDHURST TWP 1.6 NW, NJ US",40.81007,-74.133975,2025-05-12,0.0,0.0,0.0,,none
GHCND:US1NJBG0065,"LYNDHURST TWP 1.6 NW, NJ US",40.81007,-74.133975,2025-05-17,0.5599999999999999,0.022,,,rain
GHCND:US1NJBG0065,"LYNDHURST TWP 1.6 NW, NJ US",40.81007,-74.133975,2025-05-30,0.1,0.004,,,rain
GHCND:US1NJBG0065,"LYNDHURST TWP 1.6 NW, NJ US",40.81007,-74.133975,2025-06-05,0.0,0.0,0.0,,none
GHCND:US1NJBG0065,"LYNDHURST TWP 1.6 NW, NJ US",40.81007,-74.133975,2025-06-07,0.0,0.0,,,none
GHCND:US1NJBG0065,"LYNDHURST TWP 1.6 NW, NJ US",40.81007,-74.133975,2025-06-09,0.08,0.003,,,rain
GHCND:US1NJBG0065,"LYNDHURST TWP 1.6 NW, NJ US",40.81007,-74.133975,2025-06-10,0.2,0.008,,,rain
GHCND:US1NJBG0065,"LYNDHURST TWP 1.6 NW, NJ US",40.81007,-74.133975,2025-06-11,2.62,0.103,,,rain
GHCND:US1NJBG0065,"LYNDHURST TWP 1.6 NW, NJ US",40.81007,-74.133975,2025-06-12,0.0,0.0,0.0,,none
GHCND:US1NJBG0065,"LYNDHURST TWP 1.6 NW, NJ US",40.81007,-74.133975,2025-06-21,0.0,0.0,0.0,,none
GHCND:US1NJBG0065,"LYNDHURST TWP 1.6 NW, NJ US",40.81007,-74.133975,2025-06-23,0.13,0.005,,,rain
GHCND:US1NJBG0065,"LYNDHURST TWP 1.6 NW, NJ US",40.81007,-74.133975,2025-06-24,0.0,0.0,0.0,,none
GHCND:US1NJBG0065,"LYNDHURST TWP 1.6 NW, NJ US",40.81007,-74.133975,2025-06-25,0.0,0.0,0.0,,none
GHCND:US1NJBG0065,"LYNDHURST TWP 1.6 NW, NJ US",40.81007,-74.133975,2025-07-16,0.0,0.0,0.0,,none
GHCND:US1NJBG0065,"LYNDHURST TWP 1.6 NW, NJ US",40.81007,-74.133975,2025-07-24,0.0,0.0,0.0,,none
GHCND:US1NJBG0065,"LYNDHURST TWP 1.6 NW, NJ US",40.81007,-74.133975,2025-07-25,0.0,0.0,0.0,,none
GHCND:US1NJBG0065,"LYNDHURST TWP 1.6 NW, NJ US",40.81007,-74.133975,2025-07-26,0.1,0.004,,,rain
GHCND:US1NJBG0065,"LYNDHURST TWP 1.6 NW, NJ US",40.81007,-74.133975,2025-07-31,0.0,0.0,,,none
GHCND:US1NJBG0065,"LYNDHURST TWP 1.6 NW, NJ US",40.81007,-74.133975,2025-08-13,0.0,0.0,0.0,,none
GHCND:US1NJBG0065,"LYNDHURST TWP 1.6 NW, NJ US",40.81007,-74.133975,2025-08-14,0.6900000000000001,0.027,,,rain
GHCND:US1NJBG0065,"LYNDHURST TWP 1.6 NW, NJ US",40.81007,-74.133975,2025-08-17,0.0,0.0,0.0,,none
GHCND:US1NJBG0065,"LYNDHURST TWP 1.6 NW, NJ US",40.81007,-74.133975,2025-08-20,0.0,0.0,0.0,,none
GHCND:US1NJBG0065,"LYNDHURST TWP 1.6 NW, NJ US",40.81007,-74.133975,2025-08-30,0.0,0.0,0.0,,none
GHCND:US1NJBG0065,"LYNDHURST TWP 1.6 NW, NJ US",40.81007,-74.133975,2025-09-05,1.4,0.055,,,rain
GHCND:US1NJBG0065,"LYNDHURST TWP 1.6 NW, NJ US",40.81007,-74.133975,2025-09-18,0.0,0.0,0.0,,none
GHCND:US1NJBG0065,"LYNDHURST TWP 1.6 NW, NJ US",40.81007,-74.133975,2025-10-18,0.0,0.0,0.0,,none
GHCND:US1NJBG0065,"LYNDHURST TWP 1.6 NW, NJ US",40.81007,-74.133975,2025-10-24,0.0,0.0,0.0,,none
GHCND:US1NJBG0065,"LYNDHURST TWP 1.6 NW, NJ US",40.81007,-74.133975,2025-10-26,0.0,0.0,0.0,,none
GHCND:US1NJBG0065,"LYNDHURST TWP 1.6 NW, NJ US",40.81007,-74.133975,2025-10-30,0.45999999999999996,0.018,,,rain
GHCND:US1NJBG0065,"LYNDHURST TWP 1.6 NW, NJ US",40.81007,-74.133975,2025-11-02,0.0,0.0,0.0,,none
GHCND:US1NJBG0065,"LYNDHURST TWP 1.6 NW, NJ US",40.81007,-74.133975,2025-11-03,0.0,0.0,0.0,,none
GHCND:US1NJBG0065,"LYNDHURST TWP 1.6 NW, NJ US",40.81007,-74.133975,2025-11-08,0.36,0.014,,,rain
GHCND:US1NJBG0065,"LYNDHURST TWP 1.6 NW, NJ US",40.81007,-74.133975,2025-11-09,0.0,0.0,0.0,,none
GHCND:US1NJBG0065,"LYNDHURST TWP 1.6 NW, NJ US",40.81007,-74.133975,2025-11-10,0.64,0.025,,,rain
GHCND:US1NJBG0065,"LYNDHURST TWP 1.6 NW, NJ US",40.81007,-74.133975,2025-11-12,0.0,0.0,,,none
GHCND:US1NJBG0065,"LYNDHURST TWP 1.6 NW, NJ US",40.81007,-74.133975,2025-11-20,0.05,0.002,,,rain
GHCND:US1NJBG0065,"LYNDHURST TWP 1.6 NW, NJ US",40.81007,-74.133975,2025-11-26,2.06,0.081,,,rain
GHCND:US1NJBG0065,"LYNDHURST TWP 1.6 NW, NJ US",40.81007,-74.133975,2025-12-02,0.0,0.0,0.0,,none
GHCND:US1NJBG0065,"LYNDHURST TWP 1.6 NW, NJ US",40.81007,-74.133975,2025-12-03,2.21,0.087,,,rain
GHCND:US1NJBG0065,"LYNDHURST TWP 1.6 NW, NJ US",40.81007,-74.133975,2025-12-09,0.0,0.0,0.0,,none
GHCND:US1NJBG0065,"LYNDHURST TWP 1.6 NW, NJ US",40.81007,-74.133975,2025-12-10,0.0,0.0,0.0,,none
GHCND:US1NJBG0065,"LYNDHURST TWP 1.6 NW, NJ US",40.81007,-74.133975,2025-12-13,0.0,0.0,0.0,,none
GHCND:US1NJBG0065,"LYNDHURST TWP 1.6 NW, NJ US",40.81007,-74.133975,2025-12-14,0.8099999999999999,0.032,76.0,,snow
GHCND:US1NJBG0065,"LYNDHURST TWP 1.6 NW, NJ US",40.81007,-74.133975,2025-12-15,0.2,0.008,25.0,,snow
GHCND:US1NJBG0065,"LYNDHURST TWP 1.6 NW, NJ US",40.81007,-74.133975,2025-12-16,0.0,0.0,0.0,,none
GHCND:US1NJBG0065,"LYNDHURST TWP 1.6 NW, NJ US",40.81007,-74.133975,2025-12-17,0.0,0.0,0.0,,none
GHCND:US1NJBG0065,"LYNDHURST TWP 1.6 NW, NJ US",40.81007,-74.133975,2025-12-18,0.0,0.0,0.0,,none
GHCND:US1NJBG0065,"LYNDHURST TWP 1.6 NW, NJ US",40.81007,-74.133975,2025-12-19,1.19,0.047,,,rain
GHCND:US1NJBG0065,"LYNDHURST TWP 1.6 NW, NJ US",40.81007,-74.133975,2025-12-26,0.0,0.0,0.0,,none
GHCND:US1NJBG0065,"LYNDHURST TWP 1.6 NW, NJ US",40.81007,-74.133975,2025-12-27,1.35,0.053,76.0,,snow
GHCND:US1NJBG0065,"LYNDHURST TWP 1.6 NW, NJ US",40.81007,-74.133975,2025-12-28,0.0,0.0,,,none
GHCND:US1NJBG0072,"RIVER EDGE 0.7 SSW, NJ US",40.9176076,-74.0424778,2025-07-16,0.0,0.0,,,none
GHCND:US1NJBG0072,"RIVER EDGE 0.7 SSW, NJ US",40.9176076,-74.0424778,2025-07-24,0.0,0.0,0.0,,none
GHCND:US1NJBG0072,"RIVER EDGE 0.7 SSW, NJ US",40.9176076,-74.0424778,2025-08-13,0.0,0.0,0.0,,none
GHCND:US1NJBG0072,"RIVER EDGE 0.7 SSW, NJ US",40.9176076,-74.0424778,2025-08-14,0.18,0.007,,,rain
GHCND:US1NJBG0072,"RIVER EDGE 0.7 SSW, NJ US",40.9176076,-74.0424778,2025-08-17,0.0,0.0,0.0,,none
GHCND:US1NJBG0072,"RIVER EDGE 0.7 SSW, NJ US",40.9176076,-74.0424778,2025-08-20,0.0,0.0,0.0,,none
GHCND:US1NJBG0072,"RIVER EDGE 0.7 SSW, NJ US",40.9176076,-74.0424778,2025-08-30,0.0,0.0,0.0,,none
GHCND:US1NJBG0072,"RIVER EDGE 0.7 SSW, NJ US",40.9176076,-74.0424778,2025-09-05,2.57,0.101,0.0,,rain
GHCND:US1NJBG0072,"RIVER EDGE 0.7 SSW, NJ US",40.9176076,-74.0424778,2025-09-18,0.0,0.0,,,none
GHCND:US1NJBG0072,"RIVER EDGE 0.7 SSW, NJ US",40.9176076,-74.0424778,2025-10-08,0.53,0.021,,,rain
GHCND:US1NJBG0072,"RIVER EDGE 0.7 SSW, NJ US",40.9176076,-74.0424778,2025-10-18,0.0,0.0,0.0,,none
GHCND:US1NJBG0072,"RIVER EDGE 0.7 SSW, NJ US",40.9176076,-74.0424778,2025-10-24,0.0,0.0,0.0,,none
GHCND:US1NJBG0072,"RIVER EDGE 0.7 SSW, NJ US",40.9176076,-74.0424778,2025-10-26,0.0,0.0,0.0,,none
GHCND:US1NJBG0072,"RIVER EDGE 0.7 SSW, NJ US",40.9176076,-74.0424778,2025-10-30,0.51,0.02,,,rain
GHCND:US1NJBG0072,"RIVER EDGE 0.7 SSW, NJ US",40.9176076,-74.0424778,2025-11-02,0.0,0.0,0.0,,none
GHCND:US1NJBG0072,"RIVER EDGE 0.7 SSW, NJ US",40.9176076,-74.0424778,2025-11-03,0.0,0.0,0.0,,none
GHCND:US1NJBG0072,"RIVER EDGE 0.7 SSW, NJ US",40.9176076,-74.0424778,2025-11-08,0.38,0.015,,,rain
GHCND:US1NJBG0072,"RIVER EDGE 0.7 SSW, NJ US",40.9176076,-74.0424778,2025-11-09,0.0,0.0,0.0,,none
GHCND:US1NJBG0072,"RIVER EDGE 0.7 SSW, NJ US",40.9176076,-74.0424778,2025-11-10,0.45999999999999996,0.018,,,rain
GHCND:US1NJBG0072,"RIVER EDGE 0.7 SSW, NJ US",40.9176076,-74.0424778,2025-11-12,0.0,0.0,,,none
GHCND:US1NJBG0072,"RIVER EDGE 0.7 SSW, NJ US",40.9176076,-74.0424778,2025-11-20,0.03,0.001,,,rain
GHCND:US1NJBG0072,"RIVER EDGE 0.7 SSW, NJ US",40.9176076,-74.0424778,2025-11-26,1.6,0.063,,,rain
GHCND:US1NJBG0072,"RIVER EDGE 0.7 SSW, NJ US",40.9176076,-74.0424778,2025-12-02,0.0,0.0,0.0,,none
GHCND:US1NJBG0072,"RIVER EDGE 0.7 SSW, NJ US",40.9176076,-74.0424778,2025-12-03,1.9100000000000001,0.075,,,rain
GHCND:US1NJBG0072,"RIVER EDGE 0.7 SSW, NJ US",40.9176076,-74.0424778,2025-12-09,0.0,0.0,0.0,,none
GHCND:US1NJBG0072,"RIVER EDGE 0.7 SSW, NJ US",40.9176076,-74.0424778,2025-12-10,0.0,0.0,0.0,,none
GHCND:US1NJBG0072,"RIVER EDGE 0.7 SSW, NJ US",40.9176076,-74.0424778,2025-12-13,0.0,0.0,0.0,,none
GHCND:US1NJBG0072,"RIVER EDGE 0.7 SSW, NJ US",40.9176076,-74.0424778,2025-12-16,0.0,0.0,0.0,,none
GHCND:US1NJBG0072,"RIVER EDGE 0.7 SSW, NJ US",40.9176076,-74.0424778,2025-12-17,0.0,0.0,0.0,,none
GHCND:US1NJBG0072,"RIVER EDGE 0.7 SSW, NJ US",40.9176076,-74.0424778,2025-12-18,0.0,0.0,0.0,,none
GHCND:US1NJBG0072,"RIVER EDGE 0.7 SSW, NJ US",40.9176076,-74.0424778,2025-12-19,1.27,0.05,,,rain
GHCND:US1NJBG0072,"RIVER EDGE 0.7 SSW, NJ US",40.9176076,-74.0424778,2025-12-26,0.0,0.0,0.0,,none
GHCND:US1NJBG0072,"RIVER EDGE 0.7 SSW, NJ US",40.9176076,-74.0424778,2025-12-27,1.19,0.047,84.0,,snow
GHCND:US1NJES0018,"MAPLEWOOD TWP 0.9 SE, NJ US",40.724466,-74.259542,2025-01-12,0.0,0.0,0.0,,none
GHCND:US1NJES0018,"MAPLEWOOD TWP 0.9 SE, NJ US",40.724466,-74.259542,2025-01-14,0.0,0.0,0.0,,none
GHCND:US1NJES0018,"MAPLEWOOD TWP 0.9 SE, NJ US",40.724466,-74.259542,2025-01-15,0.0,0.0,0.0,,none
GHCND:US1NJES0018,"MAPLEWOOD TWP 0.9 SE, NJ US",40.724466,-74.259542,2025-01-16,0.0,0.0,0.0,,none
GHCND:US1NJES0018,"MAPLEWOOD TWP 0.9 SE, NJ US",40.724466,-74.259542,2025-01-18,0.0,0.0,0.0,,none
GHCND:US1NJES0018,"MAPLEWOOD TWP 0.9 SE, NJ US",40.724466,-74.259542,2025-01-19,0.08,0.003,,,rain
GHCND:US1NJES0018,"MAPLEWOOD TWP 0.9 SE, NJ US",40.724466,-74.259542,2025-01-20,0.8099999999999999,0.032,79.0,,snow
GHCND:US1NJES0018,"MAPLEWOOD TWP 0.9 SE, NJ US",40.724466,-74.259542,2025-01-21,0.0,0.0,0.0,,none
GHCND:US1NJES0018,"MAPLEWOOD TWP 0.9 SE, NJ US",40.724466,-74.259542,2025-01-22,0.0,0.0,0.0,,none
GHCND:US1NJES0018,"MAPLEWOOD TWP 0.9 SE, NJ US",40.724466,-74.259542,2025-01-23,0.0,0.0,0.0,,none
GHCND:US1NJES0018,"MAPLEWOOD TWP 0.9 SE, NJ US",40.724466,-74.259542,2025-01-24,0.0,0.0,0.0,,none
GHCND:US1NJES0018,"MAPLEWOOD TWP 0.9 SE, NJ US",40.724466,-74.259542,2025-01-25,0.0,0.0,0.0,,none
GHCND:US1NJES0018,"MAPLEWOOD TWP 0.9 SE, NJ US",40.724466,-74.259542,2025-01-30,0.0,0.0,0.0,,none
GHCND:US1NJES0018,"MAPLEWOOD TWP 0.9 SE, NJ US",40.724466,-74.259542,2025-02-05,0.0,0.0,0.0,,none
GHCND:US1NJES0018,"MAPLEWOOD TWP 0.9 SE, NJ US",40.724466,-74.259542,2025-02-08,0.0,0.0,0.0,,none
GHCND:US1NJES0018,"MAPLEWOOD TWP 0.9 SE, NJ US",40.724466,-74.259542,2025-02-09,1.52,0.06,41.0,,snow
GHCND:US1NJES0018,"MAPLEWOOD TWP 0.9 SE, NJ US",40.724466,-74.259542,2025-02-10,0.0,0.0,0.0,,none
GHCND:US1NJES0018,"MAPLEWOOD TWP 0.9 SE, NJ US",40.724466,-74.259542,2025-02-11,0.0,0.0,0.0,,none
GHCND:US1NJES0018,"MAPLEWOOD TWP 0.9 SE, NJ US",40.724466,-74.259542,2025-02-12,0.36,0.014,28.0,,snow
GHCND:US1NJES0018,"MAPLEWOOD TWP 0.9 SE, NJ US",40.724466,-74.259542,2025-02-13,0.71,0.028,,,rain
GHCND:US1NJES0018,"MAPLEWOOD TWP 0.9 SE, NJ US",40.724466,-74.259542,2025-02-16,2.1100000000000003,0.083,,,rain
GHCND:US1NJES0018,"MAPLEWOOD TWP 0.9 SE, NJ US",40.724466,-74.259542,2025-02-19,0.0,0.0,0.0,,none
GHCND:US1NJES0018,"MAPLEWOOD TWP 0.9 SE, NJ US",40.724466,-74.259542,2025-02-24,0.0,0.0,0.0,,none
GHCND:US1NJES0018,"MAPLEWOOD TWP 0.9 SE, NJ US",40.724466,-74.259542,2025-02-25,0.0,0.0,0.0,,none
GHCND:US1NJES0018,"MAPLEWOOD TWP 0.9 SE, NJ US",40.724466,-74.259542,2025-03-02,0.0,0.0,0.0,,none
GHCND:US1NJES0018,"MAPLEWOOD TWP 0.9 SE, NJ US",40.724466,-74.259542,2025-03-05,0.0,0.0,0.0,,none
GHCND:US1NJES0018,"MAPLEWOOD TWP 0.9 SE, NJ US",40.724466,-74.259542,2025-03-06,3.84,0.151,,,rain
GHCND:US1NJES0018,"MAPLEWOOD TWP 0.9 SE, NJ US",40.724466,-74.259542,2025-03-08,0.0,0.0,0.0,,none
GHCND:US1NJES0018,"MAPLEWOOD TWP 0.9 SE, NJ US",40.724466,-74.259542,2025-03-09,0.0,0.0,0.0,,none
GHCND:US1NJES0018,"MAPLEWOOD TWP 0.9 SE, NJ US",40.724466,-74.259542,2025-03-11,0.0,0.0,0.0,,none
GHCND:US1NJES0018,"MAPLEWOOD TWP 0.9 SE, NJ US",40.724466,-74.259542,2025-03-14,0.0,0.0,0.0,,none
GHCND:US1NJES0018,"MAPLEWOOD TWP 0.9 SE, NJ US",40.724466,-74.259542,2025-03-16,0.03,0.001,,,rain
GHCND:US1NJES0018,"MAPLEWOOD TWP 0.9 SE, NJ US",40.724466,-74.259542,2025-03-18,0.0,0.0,,,none
GHCND:US1NJES0018,"MAPLEWOOD TWP 0.9 SE, NJ US",40.724466,-74.259542,2025-03-19,0.0,0.0,0.0,,none
GHCND:US1NJES0018,"MAPLEWOOD TWP 0.9 SE, NJ US",40.724466,-74.259542,2025-03-21,2.18,0.086,,,rain
GHCND:US1NJES0018,"MAPLEWOOD TWP 0.9 SE, NJ US",40.724466,-74.259542,2025-03-24,0.27999999999999997,0.011,,,rain
GHCND:US1NJES0018,"MAPLEWOOD TWP 0.9 SE, NJ US",40.724466,-74.259542,2025-03-25,0.6599999999999999,0.026,,,rain
GHCND:US1NJES0018,"MAPLEWOOD TWP 0.9 SE, NJ US",40.724466,-74.259542,2025-03-26,0.0,0.0,0.0,,none
GHCND:US1NJES0018,"MAPLEWOOD TWP 0.9 SE, NJ US",40.724466,-74.259542,2025-03-27,0.0,0.0,,,none
GHCND:US1NJES0018,"MAPLEWOOD TWP 0.9 SE, NJ US",40.724466,-74.259542,2025-03-29,0.05,0.002,,,rain
GHCND:US1NJES0018,"MAPLEWOOD TWP 0.9 SE, NJ US",40.724466,-74.259542,2025-03-30,0.03,0.001,,,rain
GHCND:US1NJES0018,"MAPLEWOOD TWP 0.9 SE, NJ US",40.724466,-74.259542,2025-03-31,0.15,0.006,,,rain
GHCND:US1NJES0018,"MAPLEWOOD TWP 0.9 SE, NJ US",40.724466,-74.259542,2025-04-02,0.0,0.0,0.0,,none
GHCND:US1NJES0018,"MAPLEWOOD TWP 0.9 SE, NJ US",40.724466,-74.259542,2025-04-03,0.2,0.008,,,rain
GHCND:US1NJES0018,"MAPLEWOOD TWP 0.9 SE, NJ US",40.724466,-74.259542,2025-04-04,0.32999999999999996,0.013,,,rain
GHCND:US1NJES0018,"MAPLEWOOD TWP 0.9 SE, NJ US",40.724466,-74.259542,2025-04-05,0.0,0.0,,,none
GHCND:US1NJES0018,"MAPLEWOOD TWP 0.9 SE, NJ US",40.724466,-74.259542,2025-04-07,0.3,0.012,,,rain
GHCND:US1NJES0018,"MAPLEWOOD TWP 0.9 SE, NJ US",40.724466,-74.259542,2025-04-09,0.0,0.0,0.0,,none
GHCND:US1NJES0018,"MAPLEWOOD TWP 0.9 SE, NJ US",40.724466,-74.259542,2025-04-13,0.36,0.014,,,rain
GHCND:US1NJES0018,"MAPLEWOOD TWP 0.9 SE, NJ US",40.724466,-74.259542,2025-04-16,0.03,0.001,,,rain
GHCND:US1NJES0018,"MAPLEWOOD TWP 0.9 SE, NJ US",40.724466,-74.259542,2025-04-17,0.0,0.0,0.0,,none
GHCND:US1NJES0018,"MAPLEWOOD TWP 0.9 SE, NJ US",40.724466,-74.259542,2025-04-18,0.0,0.0,0.0,,none
GHCND:US1NJES0018,"MAPLEWOOD TWP 0.9 SE, NJ US",40.724466,-74.259542,2025-04-19,0.0,0.0,0.0,,none
GHCND:US1NJES0018,"MAPLEWOOD TWP 0.9 SE, NJ US",40.724466,-74.259542,2025-04-21,0.0,0.0,0.0,,none
GHCND:US1NJES0018,"MAPLEWOOD TWP 0.9 SE, NJ US",40.724466,-74.259542,2025-04-22,0.0,0.0,,,none
GHCND:US1NJES0018,"MAPLEWOOD TWP 0.9 SE, NJ US",40.724466,-74.259542,2025-04-23,0.0,0.0,0.0,,none
GHCND:US1NJES0018,"MAPLEWOOD TWP 0.9 SE, NJ US",40.724466,-74.259542,2025-04-25,0.0,0.0,0.0,,none
GHCND:US1NJES0018,"MAPLEWOOD TWP 0.9 SE, NJ US",40.724466,-74.259542,2025-04-26,0.36,0.014,,,rain
GHCND:US1NJES0018,"MAPLEWOOD TWP 0.9 SE, NJ US",40.724466,-74.259542,2025-04-27,0.6900000000000001,0.027,,,rain
GHCND:US1NJES0018,"MAPLEWOOD TWP 0.9 SE, NJ US",40.724466,-74.259542,2025-04-28,0.0,0.0,0.0,,none
GHCND:US1NJES0018,"MAPLEWOOD TWP 0.9 SE, NJ US",40.724466,-74.259542,2025-04-29,0.0,0.0,0.0,,none
GHCND:US1NJES0018,"MAPLEWOOD TWP 0.9 SE, NJ US",40.724466,-74.259542,2025-04-30,0.0,0.0,0.0,,none
GHCND:US1NJES0018,"MAPLEWOOD TWP 0.9 SE, NJ US",40.724466,-74.259542,2025-05-03,0.0,0.0,0.0,,none
GHCND:US1NJES0018,"MAPLEWOOD TWP 0.9 SE, NJ US",40.724466,-74.259542,2025-05-04,1.1199999999999999,0.044,,,rain
GHCND:US1NJES0018,"MAPLEWOOD TWP 0.9 SE, NJ US",40.724466,-74.259542,2025-05-06,1.04,0.041,,,rain
GHCND:US1NJES0018,"MAPLEWOOD TWP 0.9 SE, NJ US",40.724466,-74.259542,2025-05-07,0.45999999999999996,0.018,,,rain
GHCND:US1NJES0018,"MAPLEWOOD TWP 0.9 SE, NJ US",40.724466,-74.259542,2025-05-08,0.0,0.0,0.0,,none
GHCND:US1NJES0018,"MAPLEWOOD TWP 0.9 SE, NJ US",40.724466,-74.259542,2025-05-10,0.43,0.017,,,rain
GHCND:US1NJES0018,"MAPLEWOOD TWP 0.9 SE, NJ US",40.724466,-74.259542,2025-05-11,0.0,0.0,0.0,,none
GHCND:US1NJES0018,"MAPLEWOOD TWP 0.9 SE, NJ US",40.724466,-74.259542,2025-05-12,0.0,0.0,0.0,,none
GHCND:US1NJES0018,"MAPLEWOOD TWP 0.9 SE, NJ US",40.724466,-74.259542,2025-05-13,0.0,0.0,,,none
GHCND:US1NJES0018,"MAPLEWOOD TWP 0.9 SE, NJ US",40.724466,-74.259542,2025-05-17,0.76,0.03,,,rain
GHCND:US1NJES0018,"MAPLEWOOD TWP 0.9 SE, NJ US",40.724466,-74.259542,2025-05-20,0.0,0.0,0.0,,none
GHCND:US1NJES0018,"MAPLEWOOD TWP 0.9 SE, NJ US",40.724466,-74.259542,2025-05-21,0.0,0.0,0.0,,none
GHCND:US1NJES0018,"MAPLEWOOD TWP 0.9 SE, NJ US",40.724466,-74.259542,2025-05-30,0.05,0.002,,,rain
GHCND:US1NJES0018,"MAPLEWOOD TWP 0.9 SE, NJ US",40.724466,-74.259542,2025-06-05,0.0,0.0,0.0,,none
GHCND:US1NJES0018,"MAPLEWOOD TWP 0.9 SE, NJ US",40.724466,-74.259542,2025-06-07,0.0,0.0,0.0,,none
GHCND:US1NJES0018,"MAPLEWOOD TWP 0.9 SE, NJ US",40.724466,-74.259542,2025-06-09,0.08,0.003,,,rain
GHCND:US1NJES0018,"MAPLEWOOD TWP 0.9 SE, NJ US",40.724466,-74.259542,2025-06-10,0.25,0.01,,,rain
GHCND:US1NJES0018,"MAPLEWOOD TWP 0.9 SE, NJ US",40.724466,-74.259542,2025-06-21,0.0,0.0,,,none
GHCND:US1NJES0018,"MAPLEWOOD TWP 0.9 SE, NJ US",40.724466,-74.259542,2025-06-23,0.25,0.01,,,rain
GHCND:US1NJES0018,"MAPLEWOOD TWP 0.9 SE, NJ US",40.724466,-74.259542,2025-06-24,0.0,0.0,0.0,,none
GHCND:US1NJES0018,"MAPLEWOOD TWP 0.9 SE, NJ US",40.724466,-74.259542,2025-06-25,0.0,0.0,0.0,,none
GHCND:US1NJES0018,"MAPLEWOOD TWP 0.9 SE, NJ US",40.724466,-74.259542,2025-07-16,0.0,0.0,0.0,,none
GHCND:US1NJES0018,"MAPLEWOOD TWP 0.9 SE, NJ US",40.724466,-74.259542,2025-07-24,0.0,0.0,0.0,,none
GHCND:US1NJES0018,"MAPLEWOOD TWP 0.9 SE, NJ US",40.724466,-74.259542,2025-07-25,0.0,0.0,0.0,,none
GHCND:US1NJES0018,"MAPLEWOOD TWP 0.9 SE, NJ US",40.724466,-74.259542,2025-07-26,1.3699999999999999,0.054,,,rain
GHCND:US1NJES0018,"MAPLEWOOD TWP 0.9 SE, NJ US",40.724466,-74.259542,2025-07-31,0.0,0.0,0.0,,none
GHCND:US1NJES0018,"MAPLEWOOD TWP 0.9 SE, NJ US",40.724466,-74.259542,2025-08-13,0.0,0.0,0.0,,none
GHCND:US1NJES0018,"MAPLEWOOD TWP 0.9 SE, NJ US",40.724466,-74.259542,2025-08-14,0.99,0.039,,,rain
GHCND:US1NJES0018,"MAPLEWOOD TWP 0.9 SE, NJ US",40.724466,-74.259542,2025-08-17,0.0,0.0,0.0,,none
GHCND:US1NJES0018,"MAPLEWOOD TWP 0.9 SE, NJ US",40.724466,-74.259542,2025-08-20,0.0,0.0,,,none
GHCND:US1NJES0018,"MAPLEWOOD TWP 0.9 SE, NJ US",40.724466,-74.259542,2025-08-30,0.0,0.0,0.0,,none
GHCND:US1NJES0018,"MAPLEWOOD TWP 0.9 SE, NJ US",40.724466,-74.259542,2025-09-05,1.47,0.058,,,rain
GHCND:US1NJES0018,"MAPLEWOOD TWP 0.9 SE, NJ US",40.724466,-74.259542,2025-09-18,0.51,0.02,,,rain
GHCND:US1NJES0018,"MAPLEWOOD TWP 0.9 SE, NJ US",40.724466,-74.259542,2025-10-08,0.38,0.015,,,rain
GHCND:US1NJES0018,"MAPLEWOOD TWP 0.9 SE, NJ US",40.724466,-74.259542,2025-10-18,0.0,0.0,0.0,,none
GHCND:US1NJES0018,"MAPLEWOOD TWP 0.9 SE, NJ US",40.724466,-74.259542,2025-10-26,0.0,0.0,0.0,,none
GHCND:US1NJES0018,"MAPLEWOOD TWP 0.9 SE, NJ US",40.724466,-74.259542,2025-10-30,0.86,0.034,,,rain
GHCND:US1NJES0018,"MAPLEWOOD TWP 0.9 SE, NJ US",40.724466,-74.259542,2025-11-02,0.0,0.0,0.0,,none
GHCND:US1NJES0018,"MAPLEWOOD TWP 0.9 SE, NJ US",40.724466,-74.259542,2025-11-03,0.0,0.0,0.0,,none
GHCND:US1NJES0018,"MAPLEWOOD TWP 0.9 SE, NJ US",40.724466,-74.259542,2025-11-08,0.38,0.015,,,rain
GHCND:US1NJES0018,"MAPLEWOOD TWP 0.9 SE, NJ US",40.724466,-74.259542,2025-11-09,0.0,0.0,0.0,,none
GHCND:US1NJES0018,"MAPLEWOOD TWP 0.9 SE, NJ US",40.724466,-74.259542,2025-11-10,0.9400000000000001,0.037,,,rain
GHCND:US1NJES0018,"MAPLEWOOD TWP 0.9 SE, NJ US",40.724466,-74.259542,2025-11-12,0.0,0.0,0.0,,none
GHCND:US1NJES0018,"MAPLEWOOD TWP 0.9 SE, NJ US",40.724466,-74.259542,2025-11-20,0.13,0.005,,,rain
GHCND:US1NJES0018,"MAPLEWOOD TWP 0.9 SE, NJ US",40.724466,-74.259542,2025-11-26,2.08,0.082,,,rain
GHCND:US1NJES0018,"MAPLEWOOD TWP 0.9 SE, NJ US",40.724466,-74.259542,2025-12-02,0.0,0.0,0.0,,none
GHCND:US1NJES0018,"MAPLEWOOD TWP 0.9 SE, NJ US",40.724466,-74.259542,2025-12-03,2.0300000000000002,0.08,0.0,,rain
GHCND:US1NJES0018,"MAPLEWOOD TWP 0.9 SE, NJ US",40.724466,-74.259542,2025-12-09,0.0,0.0,0.0,,none
GHCND:US1NJES0018,"MAPLEWOOD TWP 0.9 SE, NJ US",40.724466,-74.259542,2025-12-10,0.0,0.0,0.0,,none
GHCND:US1NJES0018,"MAPLEWOOD TWP 0.9 SE, NJ US",40.724466,-74.259542,2025-12-13,0.0,0.0,0.0,,none
GHCND:US1NJES0018,"MAPLEWOOD TWP 0.9 SE, NJ US",40.724466,-74.259542,2025-12-14,1.1199999999999999,0.044,48.0,,snow
GHCND:US1NJES0018,"MAPLEWOOD TWP 0.9 SE, NJ US",40.724466,-74.259542,2025-12-15,0.27999999999999997,0.011,43.0,,snow
GHCND:US1NJES0018,"MAPLEWOOD TWP 0.9 SE, NJ US",40.724466,-74.259542,2025-12-16,0.0,0.0,0.0,,none
GHCND:US1NJES0018,"MAPLEWOOD TWP 0.9 SE, NJ US",40.724466,-74.259542,2025-12-17,0.0,0.0,0.0,,none
GHCND:US1NJES0018,"MAPLEWOOD TWP 0.9 SE, NJ US",40.724466,-74.259542,2025-12-18,0.0,0.0,0.0,,none
GHCND:US1NJES0018,"MAPLEWOOD TWP 0.9 SE, NJ US",40.724466,-74.259542,2025-12-19,1.1400000000000001,0.045,,,rain
GHCND:US1NJES0018,"MAPLEWOOD TWP 0.9 SE, NJ US",40.724466,-74.259542,2025-12-26,0.0,0.0,,,none
GHCND:US1NJES0018,"MAPLEWOOD TWP 0.9 SE, NJ US",40.724466,-74.259542,2025-12-27,0.97,0.038,79.0,,snow
GHCND:US1NJES0018,"MAPLEWOOD TWP 0.9 SE, NJ US",40.724466,-74.259542,2025-12-28,0.03,0.001,0.0,,rain
GHCND:US1NJES0018,"MAPLEWOOD TWP 0.9 SE, NJ US",40.724466,-74.259542,2025-12-29,0.1,0.004,,,rain
GHCND:US1NJES0018,"MAPLEWOOD TWP 0.9 SE, NJ US",40.724466,-74.259542,2025-12-30,0.18,0.007,,,rain
GHCND:US1NJES0018,"MAPLEWOOD TWP 0.9 SE, NJ US",40.724466,-74.259542,2025-12-31,0.0,0.0,0.0,,none
GHCND:US1NJES0024,"CEDAR GROVE TWP 0.4 W, NJ US",40.855695,-74.235564,2025-01-12,0.15,0.006,30.0,,snow
GHCND:US1NJES0024,"CEDAR GROVE TWP 0.4 W, NJ US",40.855695,-74.235564,2025-01-14,0.0,0.0,0.0,,none
GHCND:US1NJES0024,"CEDAR GROVE TWP 0.4 W, NJ US",40.855695,-74.235564,2025-01-15,0.0,0.0,0.0,,none
GHCND:US1NJES0024,"CEDAR GROVE TWP 0.4 W, NJ US",40.855695,-74.235564,2025-01-16,0.05,0.002,5.0,,snow
GHCND:US1NJES0024,"CEDAR GROVE TWP 0.4 W, NJ US",40.855695,-74.235564,2025-01-18,0.13,0.005,0.0,,rain
GHCND:US1NJES0024,"CEDAR GROVE TWP 0.4 W, NJ US",40.855695,-74.235564,2025-01-19,0.0,0.0,0.0,,none
GHCND:US1NJES0024,"CEDAR GROVE TWP 0.4 W, NJ US",40.855695,-74.235564,2025-01-20,0.8099999999999999,0.032,132.0,,snow
GHCND:US1NJES0024,"CEDAR GROVE TWP 0.4 W, NJ US",40.855695,-74.235564,2025-01-21,0.0,0.0,0.0,,none
GHCND:US1NJES0024,"CEDAR GROVE TWP 0.4 W, NJ US",40.855695,-74.235564,2025-01-22,0.0,0.0,0.0,,none
GHCND:US1NJES0024,"CEDAR GROVE TWP 0.4 W, NJ US",40.855695,-74.235564,2025-01-23,0.0,0.0,0.0,,none
GHCND:US1NJES0024,"CEDAR GROVE TWP 0.4 W, NJ US",40.855695,-74.235564,2025-01-24,0.0,0.0,0.0,,none
GHCND:US1NJES0024,"CEDAR GROVE TWP 0.4 W, NJ US",40.855695,-74.235564,2025-01-25,0.0,0.0,0.0,,none
GHCND:US1NJES0024,"CEDAR GROVE TWP 0.4 W, NJ US",40.855695,-74.235564,2025-01-30,0.0,0.0,0.0,,none
GHCND:US1NJES0024,"CEDAR GROVE TWP 0.4 W, NJ US",40.855695,-74.235564,2025-01-31,0.5599999999999999,0.022,0.0,,rain
GHCND:US1NJES0024,"CEDAR GROVE TWP 0.4 W, NJ US",40.855695,-74.235564,2025-02-05,0.0,0.0,0.0,,none
GHCND:US1NJES0024,"CEDAR GROVE TWP 0.4 W, NJ US",40.855695,-74.235564,2025-02-08,0.0,0.0,0.0,,none
GHCND:US1NJES0024,"CEDAR GROVE TWP 0.4 W, NJ US",40.855695,-74.235564,2025-02-09,1.7,0.067,81.0,,snow
GHCND:US1NJES0024,"CEDAR GROVE TWP 0.4 W, NJ US",40.855695,-74.235564,2025-02-10,0.0,0.0,0.0,,none
GHCND:US1NJES0024,"CEDAR GROVE TWP 0.4 W, NJ US",40.855695,-74.235564,2025-02-11,0.0,0.0,0.0,,none
GHCND:US1NJES0024,"CEDAR GROVE TWP 0.4 W, NJ US",40.855695,-74.235564,2025-02-12,0.38,0.015,28.0,,snow
GHCND:US1NJES0024,"CEDAR GROVE TWP 0.4 W, NJ US",40.855695,-74.235564,2025-02-13,0.43,0.017,0.0,,rain
GHCND:US1NJES0024,"CEDAR GROVE TWP 0.4 W, NJ US",40.855695,-74.235564,2025-02-16,2.9699999999999998,0.117,0.0,,rain
GHCND:US1NJES0024,"CEDAR GROVE TWP 0.4 W, NJ US",40.855695,-74.235564,2025-02-19,0.0,0.0,0.0,,none
GHCND:US1NJES0024,"CEDAR GROVE TWP 0.4 W, NJ US",40.855695,-74.235564,2025-02-24,0.0,0.0,0.0,,none
GHCND:US1NJES0024,"CEDAR GROVE TWP 0.4 W, NJ US",40.855695,-74.235564,2025-02-25,0.0,0.0,0.0,,none
GHCND:US1NJES0024,"CEDAR GROVE TWP 0.4 W, NJ US",40.855695,-74.235564,2025-03-02,0.0,0.0,0.0,,none
GHCND:US1NJES0024,"CEDAR GROVE TWP 0.4 W, NJ US",40.855695,-74.235564,2025-03-05,4.39,0.173,0.0,,rain
GHCND:US1NJES0024,"CEDAR GROVE TWP 0.4 W, NJ US",40.855695,-74.235564,2025-03-06,0.0,0.0,0.0,,none
GHCND:US1NJES0024,"CEDAR GROVE TWP 0.4 W, NJ US",40.855695,-74.235564,2025-03-08,0.0,0.0,0.0,,none
GHCND:US1NJES0024,"CEDAR GROVE TWP 0.4 W, NJ US",40.855695,-74.235564,2025-03-09,0.0,0.0,0.0,,none
GHCND:US1NJES0024,"CEDAR GROVE TWP 0.4 W, NJ US",40.855695,-74.235564,2025-03-11,0.0,0.0,0.0,,none
GHCND:US1NJES0024,"CEDAR GROVE TWP 0.4 W, NJ US",40.855695,-74.235564,2025-03-14,0.0,0.0,0.0,,none
GHCND:US1NJES0024,"CEDAR GROVE TWP 0.4 W, NJ US",40.855695,-74.235564,2025-03-16,0.05,0.002,0.0,,rain
GHCND:US1NJES0024,"CEDAR GROVE TWP 0.4 W, NJ US",40.855695,-74.235564,2025-03-18,0.0,0.0,0.0,,none
GHCND:US1NJES0024,"CEDAR GROVE TWP 0.4 W, NJ US",40.855695,-74.235564,2025-03-19,0.0,0.0,0.0,,none
GHCND:US1NJES0024,"CEDAR GROVE TWP 0.4 W, NJ US",40.855695,-74.235564,2025-03-21,0.13,0.005,0.0,,rain
GHCND:US1NJES0024,"CEDAR GROVE TWP 0.4 W, NJ US",40.855695,-74.235564,2025-03-24,0.64,0.025,0.0,,rain
GHCND:US1NJES0024,"CEDAR GROVE TWP 0.4 W, NJ US",40.855695,-74.235564,2025-03-26,0.0,0.0,0.0,,none
GHCND:US1NJES0024,"CEDAR GROVE TWP 0.4 W, NJ US",40.855695,-74.235564,2025-03-27,0.0,0.0,0.0,,none
GHCND:US1NJES0024,"CEDAR GROVE TWP 0.4 W, NJ US",40.855695,-74.235564,2025-03-29,0.0,0.0,0.0,,none
GHCND:US1NJES0024,"CEDAR GROVE TWP 0.4 W, NJ US",40.855695,-74.235564,2025-03-30,0.15,0.006,0.0,,rain
GHCND:US1NJES0024,"CEDAR GROVE TWP 0.4 W, NJ US",40.855695,-74.235564,2025-03-31,1.98,0.078,0.0,,rain
GHCND:US1NJES0024,"CEDAR GROVE TWP 0.4 W, NJ US",40.855695,-74.235564,2025-04-02,0.0,0.0,0.0,,none
GHCND:US1NJES0024,"CEDAR GROVE TWP 0.4 W, NJ US",40.855695,-74.235564,2025-04-03,0.27999999999999997,0.011,0.0,,rain
GHCND:US1NJES0024,"CEDAR GROVE TWP 0.4 W, NJ US",40.855695,-74.235564,2025-04-04,0.18,0.007,0.0,,rain
GHCND:US1NJES0024,"CEDAR GROVE TWP 0.4 W, NJ US",40.855695,-74.235564,2025-04-05,0.18,0.007,0.0,,rain
GHCND:US1NJES0024,"CEDAR GROVE TWP 0.4 W, NJ US",40.855695,-74.235564,2025-04-07,0.5599999999999999,0.022,0.0,,rain
GHCND:US1NJES0024,"CEDAR GROVE TWP 0.4 W, NJ US",40.855695,-74.235564,2025-04-09,0.0,0.0,0.0,,none
GHCND:US1NJES0024,"CEDAR GROVE TWP 0.4 W, NJ US",40.855695,-74.235564,2025-04-13,0.0,0.0,0.0,,none
GHCND:US1NJES0024,"CEDAR GROVE TWP 0.4 W, NJ US",40.855695,-74.235564,2025-04-16,0.0,0.0,0.0,,none
GHCND:US1NJES0024,"CEDAR GROVE TWP 0.4 W, NJ US",40.855695,-74.235564,2025-04-17,0.0,0.0,0.0,,none
GHCND:US1NJES0024,"CEDAR GROVE TWP 0.4 W, NJ US",40.855695,-74.235564,2025-04-18,0.0,0.0,0.0,,none
GHCND:US1NJES0024,"CEDAR GROVE TWP 0.4 W, NJ US",40.855695,-74.235564,2025-04-19,0.0,0.0,0.0,,none
GHCND:US1NJES0024,"CEDAR GROVE TWP 0.4 W, NJ US",40.855695,-74.235564,2025-04-21,0.0,0.0,0.0,,none
GHCND:US1NJES0024,"CEDAR GROVE TWP 0.4 W, NJ US",40.855695,-74.235564,2025-04-22,0.0,0.0,0.0,,none
GHCND:US1NJES0024,"CEDAR GROVE TWP 0.4 W, NJ US",40.855695,-74.235564,2025-04-23,0.0,0.0,0.0,,none
GHCND:US1NJES0024,"CEDAR GROVE TWP 0.4 W, NJ US",40.855695,-74.235564,2025-04-25,0.03,0.001,0.0,,rain
GHCND:US1NJES0024,"CEDAR GROVE TWP 0.4 W, NJ US",40.855695,-74.235564,2025-04-26,1.3199999999999998,0.052,0.0,,rain
GHCND:US1NJES0024,"CEDAR GROVE TWP 0.4 W, NJ US",40.855695,-74.235564,2025-04-27,0.0,0.0,0.0,,none
GHCND:US1NJES0024,"CEDAR GROVE TWP 0.4 W, NJ US",40.855695,-74.235564,2025-04-28,0.0,0.0,0.0,,none
GHCND:US1NJES0024,"CEDAR GROVE TWP 0.4 W, NJ US",40.855695,-74.235564,2025-04-29,0.0,0.0,0.0,,none
GHCND:US1NJES0024,"CEDAR GROVE TWP 0.4 W, NJ US",40.855695,-74.235564,2025-04-30,0.0,0.0,0.0,,none
GHCND:US1NJES0024,"CEDAR GROVE TWP 0.4 W, NJ US",40.855695,-74.235564,2025-05-03,0.51,0.02,0.0,,rain
GHCND:US1NJES0024,"CEDAR GROVE TWP 0.4 W, NJ US",40.855695,-74.235564,2025-05-04,0.64,0.025,0.0,,rain
GHCND:US1NJES0024,"CEDAR GROVE TWP 0.4 W, NJ US",40.855695,-74.235564,2025-05-06,0.71,0.028,0.0,,rain
GHCND:US1NJES0024,"CEDAR GROVE TWP 0.4 W, NJ US",40.855695,-74.235564,2025-05-07,0.0,0.0,0.0,,none
GHCND:US1NJES0024,"CEDAR GROVE TWP 0.4 W, NJ US",40.855695,-74.235564,2025-05-08,0.51,0.02,0.0,,rain
GHCND:US1NJES0024,"CEDAR GROVE TWP 0.4 W, NJ US",40.855695,-74.235564,2025-05-10,0.0,0.0,0.0,,none
GHCND:US1NJES0024,"CEDAR GROVE TWP 0.4 W, NJ US",40.855695,-74.235564,2025-05-11,0.0,0.0,0.0,,none
GHCND:US1NJES0024,"CEDAR GROVE TWP 0.4 W, NJ US",40.855695,-74.235564,2025-05-12,0.0,0.0,0.0,,none
GHCND:US1NJES0024,"CEDAR GROVE TWP 0.4 W, NJ US",40.855695,-74.235564,2025-05-13,0.5599999999999999,0.022,0.0,,rain
GHCND:US1NJES0024,"CEDAR GROVE TWP 0.4 W, NJ US",40.855695,-74.235564,2025-05-17,0.0,0.0,0.0,,none
GHCND:US1NJES0024,"CEDAR GROVE TWP 0.4 W, NJ US",40.855695,-74.235564,2025-05-20,0.0,0.0,0.0,,none
GHCND:US1NJES0024,"CEDAR GROVE TWP 0.4 W, NJ US",40.855695,-74.235564,2025-05-21,0.58,0.023,0.0,,rain
GHCND:US1NJES0024,"CEDAR GROVE TWP 0.4 W, NJ US",40.855695,-74.235564,2025-05-30,0.0,0.0,0.0,,none
GHCND:US1NJES0024,"CEDAR GROVE TWP 0.4 W, NJ US",40.855695,-74.235564,2025-06-05,0.0,0.0,0.0,,none
GHCND:US1NJES0024,"CEDAR GROVE TWP 0.4 W, NJ US",40.855695,-74.235564,2025-06-07,0.32999999999999996,0.013,0.0,,rain
GHCND:US1NJES0024,"CEDAR GROVE TWP 0.4 W, NJ US",40.855695,-74.235564,2025-06-09,0.43,0.017,0.0,,rain
GHCND:US1NJES0024,"CEDAR GROVE TWP 0.4 W, NJ US",40.855695,-74.235564,2025-06-10,3.6799999999999997,0.145,0.0,,rain
GHCND:US1NJES0024,"CEDAR GROVE TWP 0.4 W, NJ US",40.855695,-74.235564,2025-06-11,0.0,0.0,0.0,,none
GHCND:US1NJES0024,"CEDAR GROVE TWP 0.4 W, NJ US",40.855695,-74.235564,2025-06-12,0.0,0.0,0.0,,none
GHCND:US1NJES0024,"CEDAR GROVE TWP 0.4 W, NJ US",40.855695,-74.235564,2025-06-21,0.0,0.0,0.0,,none
GHCND:US1NJES0024,"CEDAR GROVE TWP 0.4 W, NJ US",40.855695,-74.235564,2025-06-23,0.0,0.0,0.0,,none
GHCND:US1NJES0024,"CEDAR GROVE TWP 0.4 W, NJ US",40.855695,-74.235564,2025-06-24,0.0,0.0,0.0,,none
GHCND:US1NJES0024,"CEDAR GROVE TWP 0.4 W, NJ US",40.855695,-74.235564,2025-06-25,0.0,0.0,0.0,,none
GHCND:US1NJES0024,"CEDAR GROVE TWP 0.4 W, NJ US",40.855695,-74.235564,2025-07-16,0.0,0.0,0.0,,none
GHCND:US1NJES0024,"CEDAR GROVE TWP 0.4 W, NJ US",40.855695,-74.235564,2025-07-24,0.0,0.0,0.0,,none
GHCND:US1NJES0024,"CEDAR GROVE TWP 0.4 W, NJ US",40.855695,-74.235564,2025-07-25,0.71,0.028,0.0,,rain
GHCND:US1NJES0024,"CEDAR GROVE TWP 0.4 W, NJ US",40.855695,-74.235564,2025-07-26,0.0,0.0,0.0,,none
GHCND:US1NJES0024,"CEDAR GROVE TWP 0.4 W, NJ US",40.855695,-74.235564,2025-07-31,6.68,0.263,0.0,,rain
GHCND:US1NJES0024,"CEDAR GROVE TWP 0.4 W, NJ US",40.855695,-74.235564,2025-08-13,0.64,0.025,0.0,,rain
GHCND:US1NJES0024,"CEDAR GROVE TWP 0.4 W, NJ US",40.855695,-74.235564,2025-08-14,0.05,0.002,0.0,,rain
GHCND:US1NJES0024,"CEDAR GROVE TWP 0.4 W, NJ US",40.855695,-74.235564,2025-08-17,0.1,0.004,0.0,,rain
GHCND:US1NJES0024,"CEDAR GROVE TWP 0.4 W, NJ US",40.855695,-74.235564,2025-08-20,1.6,0.063,0.0,,rain
GHCND:US1NJES0024,"CEDAR GROVE TWP 0.4 W, NJ US",40.855695,-74.235564,2025-08-30,0.0,0.0,0.0,,none
GHCND:US1NJES0024,"CEDAR GROVE TWP 0.4 W, NJ US",40.855695,-74.235564,2025-09-05,0.8099999999999999,0.032,0.0,,rain
GHCND:US1NJES0024,"CEDAR GROVE TWP 0.4 W, NJ US",40.855695,-74.235564,2025-09-18,0.0,0.0,0.0,,none
GHCND:US1NJES0024,"CEDAR GROVE TWP 0.4 W, NJ US",40.855695,-74.235564,2025-10-08,1.4,0.055,0.0,,rain
GHCND:US1NJES0024,"CEDAR GROVE TWP 0.4 W, NJ US",40.855695,-74.235564,2025-10-18,0.0,0.0,0.0,,none
GHCND:US1NJES0024,"CEDAR GROVE TWP 0.4 W, NJ US",40.855695,-74.235564,2025-10-24,0.0,0.0,0.0,,none
GHCND:US1NJES0024,"CEDAR GROVE TWP 0.4 W, NJ US",40.855695,-74.235564,2025-10-26,0.0,0.0,0.0,,none
GHCND:US1NJES0024,"CEDAR GROVE TWP 0.4 W, NJ US",40.855695,-74.235564,2025-10-30,6.99,0.275,0.0,,rain
GHCND:US1NJES0024,"CEDAR GROVE TWP 0.4 W, NJ US",40.855695,-74.235564,2025-11-02,0.0,0.0,0.0,,none
GHCND:US1NJES0024,"CEDAR GROVE TWP 0.4 W, NJ US",40.855695,-74.235564,2025-11-03,0.03,0.001,0.0,,rain
GHCND:US1NJES0024,"CEDAR GROVE TWP 0.4 W, NJ US",40.855695,-74.235564,2025-11-08,0.36,0.014,0.0,,rain
GHCND:US1NJES0024,"CEDAR GROVE TWP 0.4 W, NJ US",40.855695,-74.235564,2025-11-09,0.2,0.008,0.0,,rain
GHCND:US1NJES0024,"CEDAR GROVE TWP 0.4 W, NJ US",40.855695,-74.235564,2025-11-10,1.47,0.058,0.0,,rain
GHCND:US1NJES0024,"CEDAR GROVE TWP 0.4 W, NJ US",40.855695,-74.235564,2025-11-12,0.0,0.0,0.0,,none
GHCND:US1NJES0024,"CEDAR GROVE TWP 0.4 W, NJ US",40.855695,-74.235564,2025-11-20,0.0,0.0,0.0,,none
GHCND:US1NJES0024,"CEDAR GROVE TWP 0.4 W, NJ US",40.855695,-74.235564,2025-11-26,0.15,0.006,0.0,,rain
GHCND:US1NJES0024,"CEDAR GROVE TWP 0.4 W, NJ US",40.855695,-74.235564,2025-12-02,1.9600000000000002,0.077,0.0,,rain
GHCND:US1NJES0024,"CEDAR GROVE TWP 0.4 W, NJ US",40.855695,-74.235564,2025-12-03,0.0,0.0,0.0,,none
GHCND:US1NJES0024,"CEDAR GROVE TWP 0.4 W, NJ US",40.855695,-74.235564,2025-12-09,0.0,0.0,0.0,,none
GHCND:US1NJES0024,"CEDAR GROVE TWP 0.4 W, NJ US",40.855695,-74.235564,2025-12-10,0.38,0.015,0.0,,rain
GHCND:US1NJES0024,"CEDAR GROVE TWP 0.4 W, NJ US",40.855695,-74.235564,2025-12-13,0.05,0.002,5.0,,snow
GHCND:US1NJES0024,"CEDAR GROVE TWP 0.4 W, NJ US",40.855695,-74.235564,2025-12-14,1.35,0.053,150.0,,snow
GHCND:US1NJES0024,"CEDAR GROVE TWP 0.4 W, NJ US",40.855695,-74.235564,2025-12-15,0.0,0.0,0.0,,none
GHCND:US1NJES0024,"CEDAR GROVE TWP 0.4 W, NJ US",40.855695,-74.235564,2025-12-16,0.0,0.0,0.0,,none
GHCND:US1NJES0024,"CEDAR GROVE TWP 0.4 W, NJ US",40.855695,-74.235564,2025-12-17,0.0,0.0,0.0,,none
GHCND:US1NJES0024,"CEDAR GROVE TWP 0.4 W, NJ US",40.855695,-74.235564,2025-12-18,0.2,0.008,0.0,,rain
GHCND:US1NJES0024,"CEDAR GROVE TWP 0.4 W, NJ US",40.855695,-74.235564,2025-12-19,4.37,0.172,0.0,,rain
GHCND:US1NJES0024,"CEDAR GROVE TWP 0.4 W, NJ US",40.855695,-74.235564,2025-12-26,0.32999999999999996,0.013,36.0,,snow
GHCND:US1NJES0024,"CEDAR GROVE TWP 0.4 W, NJ US",40.855695,-74.235564,2025-12-27,0.99,0.039,74.0,,snow
GHCND:US1NJES0024,"CEDAR GROVE TWP 0.4 W, NJ US",40.855695,-74.235564,2025-12-28,0.0,0.0,0.0,,none
GHCND:US1NJES0024,"CEDAR GROVE TWP 0.4 W, NJ US",40.855695,-74.235564,2025-12-29,0.3,0.012,0.0,,rain
GHCND:US1NJES0024,"CEDAR GROVE TWP 0.4 W, NJ US",40.855695,-74.235564,2025-12-30,0.0,0.0,0.0,,none
GHCND:US1NJES0024,"CEDAR GROVE TWP 0.4 W, NJ US",40.855695,-74.235564,2025-12-31,0.0,0.0,0.0,,none
GHCND:US1NJES0031,"MONTCLAIR 0.7 N, NJ US",40.835343,-74.208967,2025-01-12,0.0,0.0,0.0,,none
GHCND:US1NJES0031,"MONTCLAIR 0.7 N, NJ US",40.835343,-74.208967,2025-01-18,0.0,0.0,0.0,,none
GHCND:US1NJES0031,"MONTCLAIR 0.7 N, NJ US",40.835343,-74.208967,2025-01-19,0.05,0.002,0.0,,rain
GHCND:US1NJES0031,"MONTCLAIR 0.7 N, NJ US",40.835343,-74.208967,2025-01-20,1.09,0.043,127.0,,snow
GHCND:US1NJES0031,"MONTCLAIR 0.7 N, NJ US",40.835343,-74.208967,2025-01-21,0.0,0.0,0.0,,none
GHCND:US1NJES0031,"MONTCLAIR 0.7 N, NJ US",40.835343,-74.208967,2025-01-22,0.0,0.0,0.0,,none
GHCND:US1NJES0031,"MONTCLAIR 0.7 N, NJ US",40.835343,-74.208967,2025-01-23,0.0,0.0,0.0,,none
GHCND:US1NJES0031,"MONTCLAIR 0.7 N, NJ US",40.835343,-74.208967,2025-01-24,0.0,0.0,0.0,,none
GHCND:US1NJES0031,"MONTCLAIR 0.7 N, NJ US",40.835343,-74.208967,2025-01-25,0.0,0.0,0.0,,none
GHCND:US1NJES0031,"MONTCLAIR 0.7 N, NJ US",40.835343,-74.208967,2025-01-30,0.0,0.0,0.0,,none
GHCND:US1NJES0031,"MONTCLAIR 0.7 N, NJ US",40.835343,-74.208967,2025-01-31,0.15,0.006,0.0,,rain
GHCND:US1NJES0031,"MONTCLAIR 0.7 N, NJ US",40.835343,-74.208967,2025-02-05,0.0,0.0,0.0,,none
GHCND:US1NJES0031,"MONTCLAIR 0.7 N, NJ US",40.835343,-74.208967,2025-02-08,0.0,0.0,0.0,,none
GHCND:US1NJES0031,"MONTCLAIR 0.7 N, NJ US",40.835343,-74.208967,2025-02-09,1.75,0.069,71.0,,snow
GHCND:US1NJES0031,"MONTCLAIR 0.7 N, NJ US",40.835343,-74.208967,2025-02-10,0.0,0.0,0.0,,none
GHCND:US1NJES0031,"MONTCLAIR 0.7 N, NJ US",40.835343,-74.208967,2025-02-12,0.3,0.012,33.0,,snow
GHCND:US1NJES0031,"MONTCLAIR 0.7 N, NJ US",40.835343,-74.208967,2025-02-13,0.58,0.023,0.0,,rain
GHCND:US1NJES0031,"MONTCLAIR 0.7 N, NJ US",40.835343,-74.208967,2025-02-16,1.8800000000000001,0.074,13.0,,snow
GHCND:US1NJES0031,"MONTCLAIR 0.7 N, NJ US",40.835343,-74.208967,2025-02-19,0.0,0.0,0.0,,none
GHCND:US1NJES0031,"MONTCLAIR 0.7 N, NJ US",40.835343,-74.208967,2025-03-05,0.0,0.0,0.0,,none
GHCND:US1NJES0031,"MONTCLAIR 0.7 N, NJ US",40.835343,-74.208967,2025-03-06,4.55,0.179,0.0,,rain
GHCND:US1NJES0031,"MONTCLAIR 0.7 N, NJ US",40.835343,-74.208967,2025-03-08,0.0,0.0,0.0,,none
GHCND:US1NJES0031,"MONTCLAIR 0.7 N, NJ US",40.835343,-74.208967,2025-03-09,0.0,0.0,0.0,,none
GHCND:US1NJES0031,"MONTCLAIR 0.7 N, NJ US",40.835343,-74.208967,2025-03-11,0.0,0.0,0.0,,none
GHCND:US1NJES0031,"MONTCLAIR 0.7 N, NJ US",40.835343,-74.208967,2025-03-14,0.0,0.0,0.0,,none
GHCND:US1NJES0031,"MONTCLAIR 0.7 N, NJ US",40.835343,-74.208967,2025-03-16,0.08,0.003,0.0,,rain
GHCND:US1NJES0031,"MONTCLAIR 0.7 N, NJ US",40.835343,-74.208967,2025-03-18,0.0,0.0,0.0,,none
GHCND:US1NJES0031,"MONTCLAIR 0.7 N, NJ US",40.835343,-74.208967,2025-03-19,0.0,0.0,0.0,,none
GHCND:US1NJES0031,"MONTCLAIR 0.7 N, NJ US",40.835343,-74.208967,2025-03-21,2.41,0.095,0.0,,rain
GHCND:US1NJES0031,"MONTCLAIR 0.7 N, NJ US",40.835343,-74.208967,2025-03-24,0.22999999999999998,0.009,,,rain
GHCND:US1NJES0031,"MONTCLAIR 0.7 N, NJ US",40.835343,-74.208967,2025-03-25,0.5599999999999999,0.022,0.0,,rain
GHCND:US1NJES0031,"MONTCLAIR 0.7 N, NJ US",40.835343,-74.208967,2025-03-26,0.0,0.0,0.0,,none
GHCND:US1NJES0031,"MONTCLAIR 0.7 N, NJ US",40.835343,-74.208967,2025-03-27,0.0,0.0,0.0,,none
GHCND:US1NJES0031,"MONTCLAIR 0.7 N, NJ US",40.835343,-74.208967,2025-03-29,0.15,0.006,0.0,,rain
GHCND:US1NJES0031,"MONTCLAIR 0.7 N, NJ US",40.835343,-74.208967,2025-03-30,0.08,0.003,0.0,,rain
GHCND:US1NJES0031,"MONTCLAIR 0.7 N, NJ US",40.835343,-74.208967,2025-03-31,0.15,0.006,,,rain
GHCND:US1NJES0031,"MONTCLAIR 0.7 N, NJ US",40.835343,-74.208967,2025-04-02,0.0,0.0,0.0,,none
GHCND:US1NJES0031,"MONTCLAIR 0.7 N, NJ US",40.835343,-74.208967,2025-04-03,0.32999999999999996,0.013,,,rain
GHCND:US1NJES0031,"MONTCLAIR 0.7 N, NJ US",40.835343,-74.208967,2025-04-04,0.22999999999999998,0.009,,,rain
GHCND:US1NJES0031,"MONTCLAIR 0.7 N, NJ US",40.835343,-74.208967,2025-04-05,0.0,0.0,,,none
GHCND:US1NJES0031,"MONTCLAIR 0.7 N, NJ US",40.835343,-74.208967,2025-04-07,0.3,0.012,,,rain
GHCND:US1NJES0031,"MONTCLAIR 0.7 N, NJ US",40.835343,-74.208967,2025-04-09,0.0,0.0,0.0,,none
GHCND:US1NJES0031,"MONTCLAIR 0.7 N, NJ US",40.835343,-74.208967,2025-04-13,0.38,0.015,,,rain
GHCND:US1NJES0031,"MONTCLAIR 0.7 N, NJ US",40.835343,-74.208967,2025-04-16,0.0,0.0,0.0,,none
GHCND:US1NJES0031,"MONTCLAIR 0.7 N, NJ US",40.835343,-74.208967,2025-04-17,0.0,0.0,0.0,,none
GHCND:US1NJES0031,"MONTCLAIR 0.7 N, NJ US",40.835343,-74.208967,2025-04-18,0.0,0.0,0.0,,none
GHCND:US1NJES0031,"MONTCLAIR 0.7 N, NJ US",40.835343,-74.208967,2025-04-19,0.0,0.0,0.0,,none
GHCND:US1NJES0031,"MONTCLAIR 0.7 N, NJ US",40.835343,-74.208967,2025-04-21,0.0,0.0,0.0,,none
GHCND:US1NJES0031,"MONTCLAIR 0.7 N, NJ US",40.835343,-74.208967,2025-04-22,0.0,0.0,,,none
GHCND:US1NJES0031,"MONTCLAIR 0.7 N, NJ US",40.835343,-74.208967,2025-04-23,0.0,0.0,0.0,,none
GHCND:US1NJES0031,"MONTCLAIR 0.7 N, NJ US",40.835343,-74.208967,2025-04-25,0.0,0.0,0.0,,none
GHCND:US1NJES0031,"MONTCLAIR 0.7 N, NJ US",40.835343,-74.208967,2025-04-26,0.43,0.017,,,rain
GHCND:US1NJES0031,"MONTCLAIR 0.7 N, NJ US",40.835343,-74.208967,2025-04-27,0.79,0.031,,,rain
GHCND:US1NJES0031,"MONTCLAIR 0.7 N, NJ US",40.835343,-74.208967,2025-04-28,0.0,0.0,0.0,,none
GHCND:US1NJES0031,"MONTCLAIR 0.7 N, NJ US",40.835343,-74.208967,2025-04-29,0.0,0.0,0.0,,none
GHCND:US1NJES0031,"MONTCLAIR 0.7 N, NJ US",40.835343,-74.208967,2025-04-30,0.0,0.0,0.0,,none
GHCND:US1NJES0031,"MONTCLAIR 0.7 N, NJ US",40.835343,-74.208967,2025-05-03,0.0,0.0,0.0,,none
GHCND:US1NJES0031,"MONTCLAIR 0.7 N, NJ US",40.835343,-74.208967,2025-05-04,0.43,0.017,,,rain
GHCND:US1NJES0031,"MONTCLAIR 0.7 N, NJ US",40.835343,-74.208967,2025-05-06,1.9600000000000002,0.077,,,rain
GHCND:US1NJES0031,"MONTCLAIR 0.7 N, NJ US",40.835343,-74.208967,2025-05-07,0.48,0.019,,,rain
GHCND:US1NJES0031,"MONTCLAIR 0.7 N, NJ US",40.835343,-74.208967,2025-05-08,0.0,0.0,0.0,,none
GHCND:US1NJES0031,"MONTCLAIR 0.7 N, NJ US",40.835343,-74.208967,2025-05-10,1.02,0.04,,,rain
GHCND:US1NJES0031,"MONTCLAIR 0.7 N, NJ US",40.835343,-74.208967,2025-05-11,0.0,0.0,0.0,,none
GHCND:US1NJES0031,"MONTCLAIR 0.7 N, NJ US",40.835343,-74.208967,2025-05-12,0.0,0.0,0.0,,none
GHCND:US1NJES0031,"MONTCLAIR 0.7 N, NJ US",40.835343,-74.208967,2025-05-13,0.0,0.0,,,none
GHCND:US1NJES0031,"MONTCLAIR 0.7 N, NJ US",40.835343,-74.208967,2025-05-17,0.61,0.024,,,rain
GHCND:US1NJES0031,"MONTCLAIR 0.7 N, NJ US",40.835343,-74.208967,2025-05-20,0.0,0.0,0.0,,none
GHCND:US1NJES0031,"MONTCLAIR 0.7 N, NJ US",40.835343,-74.208967,2025-05-21,0.05,0.002,,,rain
GHCND:US1NJES0031,"MONTCLAIR 0.7 N, NJ US",40.835343,-74.208967,2025-05-30,0.05,0.002,,,rain
GHCND:US1NJES0031,"MONTCLAIR 0.7 N, NJ US",40.835343,-74.208967,2025-06-11,2.2399999999999998,0.088,,,rain
GHCND:US1NJES0031,"MONTCLAIR 0.7 N, NJ US",40.835343,-74.208967,2025-06-12,0.0,0.0,0.0,,none
GHCND:US1NJES0031,"MONTCLAIR 0.7 N, NJ US",40.835343,-74.208967,2025-06-21,0.0,0.0,0.0,,none
GHCND:US1NJES0031,"MONTCLAIR 0.7 N, NJ US",40.835343,-74.208967,2025-06-23,0.18,0.007,,,rain
GHCND:US1NJES0031,"MONTCLAIR 0.7 N, NJ US",40.835343,-74.208967,2025-06-24,0.0,0.0,0.0,,none
GHCND:US1NJES0031,"MONTCLAIR 0.7 N, NJ US",40.835343,-74.208967,2025-07-16,0.0,0.0,0.0,,none
GHCND:US1NJES0031,"MONTCLAIR 0.7 N, NJ US",40.835343,-74.208967,2025-07-26,0.3,0.012,,,rain
GHCND:US1NJES0031,"MONTCLAIR 0.7 N, NJ US",40.835343,-74.208967,2025-07-31,0.32999999999999996,0.013,,,rain
GHCND:US1NJES0031,"MONTCLAIR 0.7 N, NJ US",40.835343,-74.208967,2025-08-13,0.0,0.0,0.0,,none
GHCND:US1NJES0031,"MONTCLAIR 0.7 N, NJ US",40.835343,-74.208967,2025-08-14,0.6900000000000001,0.027,,,rain
GHCND:US1NJES0031,"MONTCLAIR 0.7 N, NJ US",40.835343,-74.208967,2025-08-17,0.0,0.0,0.0,,none
GHCND:US1NJES0031,"MONTCLAIR 0.7 N, NJ US",40.835343,-74.208967,2025-08-20,0.0,0.0,0.0,,none
GHCND:US1NJES0031,"MONTCLAIR 0.7 N, NJ US",40.835343,-74.208967,2025-08-30,0.0,0.0,0.0,,none
GHCND:US1NJES0031,"MONTCLAIR 0.7 N, NJ US",40.835343,-74.208967,2025-09-05,2.34,0.092,,,rain
GHCND:US1NJES0031,"MONTCLAIR 0.7 N, NJ US",40.835343,-74.208967,2025-09-18,0.13,0.005,,,rain
GHCND:US1NJES0031,"MONTCLAIR 0.7 N, NJ US",40.835343,-74.208967,2025-10-08,0.6599999999999999,0.026,,,rain
GHCND:US1NJES0031,"MONTCLAIR 0.7 N, NJ US",40.835343,-74.208967,2025-10-18,0.0,0.0,0.0,,none
GHCND:US1NJES0031,"MONTCLAIR 0.7 N, NJ US",40.835343,-74.208967,2025-10-24,0.0,0.0,0.0,,none
GHCND:US1NJES0031,"MONTCLAIR 0.7 N, NJ US",40.835343,-74.208967,2025-10-26,0.0,0.0,0.0,,none
GHCND:US1NJES0031,"MONTCLAIR 0.7 N, NJ US",40.835343,-74.208967,2025-10-30,1.09,0.043,,,rain
GHCND:US1NJES0031,"MONTCLAIR 0.7 N, NJ US",40.835343,-74.208967,2025-11-02,0.0,0.0,0.0,,none
GHCND:US1NJES0031,"MONTCLAIR 0.7 N, NJ US",40.835343,-74.208967,2025-11-03,0.0,0.0,0.0,,none
GHCND:US1NJES0031,"MONTCLAIR 0.7 N, NJ US",40.835343,-74.208967,2025-11-08,0.38,0.015,,,rain
GHCND:US1NJES0031,"MONTCLAIR 0.7 N, NJ US",40.835343,-74.208967,2025-11-09,0.0,0.0,0.0,,none
GHCND:US1NJES0031,"MONTCLAIR 0.7 N, NJ US",40.835343,-74.208967,2025-11-10,0.9099999999999999,0.036,,,rain
GHCND:US1NJES0031,"MONTCLAIR 0.7 N, NJ US",40.835343,-74.208967,2025-11-12,0.0,0.0,0.0,,none
GHCND:US1NJES0031,"MONTCLAIR 0.7 N, NJ US",40.835343,-74.208967,2025-11-20,0.0,0.0,0.0,,none
GHCND:US1NJES0031,"MONTCLAIR 0.7 N, NJ US",40.835343,-74.208967,2025-12-09,0.0,0.0,0.0,,none
GHCND:US1NJES0031,"MONTCLAIR 0.7 N, NJ US",40.835343,-74.208967,2025-12-13,0.0,0.0,0.0,,none
GHCND:US1NJES0031,"MONTCLAIR 0.7 N, NJ US",40.835343,-74.208967,2025-12-14,1.04,0.041,119.0,,snow
GHCND:US1NJES0031,"MONTCLAIR 0.7 N, NJ US",40.835343,-74.208967,2025-12-15,0.15,0.006,13.0,,snow
GHCND:US1NJES0031,"MONTCLAIR 0.7 N, NJ US",40.835343,-74.208967,2025-12-16,0.0,0.0,0.0,,none
GHCND:US1NJES0031,"MONTCLAIR 0.7 N, NJ US",40.835343,-74.208967,2025-12-17,0.0,0.0,0.0,,none
GHCND:US1NJES0031,"MONTCLAIR 0.7 N, NJ US",40.835343,-74.208967,2025-12-18,0.0,0.0,0.0,,none
GHCND:US1NJES0031,"MONTCLAIR 0.7 N, NJ US",40.835343,-74.208967,2025-12-19,2.67,0.105,0.0,,rain
GHCND:US1NJES0031,"MONTCLAIR 0.7 N, NJ US",40.835343,-74.208967,2025-12-26,0.0,0.0,0.0,,none
GHCND:US1NJES0031,"MONTCLAIR 0.7 N, NJ US",40.835343,-74.208967,2025-12-27,1.3,0.051,89.0,,snow
GHCND:US1NJES0031,"MONTCLAIR 0.7 N, NJ US",40.835343,-74.208967,2025-12-28,0.03,0.001,,,rain
GHCND:US1NJES0031,"MONTCLAIR 0.7 N, NJ US",40.835343,-74.208967,2025-12-29,0.13,0.005,0.0,,rain
GHCND:US1NJES0031,"MONTCLAIR 0.7 N, NJ US",40.835343,-74.208967,2025-12-30,0.1,0.004,0.0,,rain
GHCND:US1NJES0031,"MONTCLAIR 0.7 N, NJ US",40.835343,-74.208967,2025-12-31,0.0,0.0,0.0,,none
GHCND:US1NJES0040,"VERONA TWP 0.8 W, NJ US",40.8326,-74.2583,2025-01-12,0.0,0.0,,,none
GHCND:US1NJES0040,"VERONA TWP 0.8 W, NJ US",40.8326,-74.2583,2025-01-14,0.0,0.0,0.0,,none
GHCND:US1NJES0040,"VERONA TWP 0.8 W, NJ US",40.8326,-74.2583,2025-01-15,0.0,0.0,0.0,,none
GHCND:US1NJES0040,"VERONA TWP 0.8 W, NJ US",40.8326,-74.2583,2025-01-16,0.0,0.0,0.0,,none
GHCND:US1NJES0040,"VERONA TWP 0.8 W, NJ US",40.8326,-74.2583,2025-01-20,0.9099999999999999,0.036,,,rain
GHCND:US1NJES0040,"VERONA TWP 0.8 W, NJ US",40.8326,-74.2583,2025-01-21,0.0,0.0,0.0,,none
GHCND:US1NJES0040,"VERONA TWP 0.8 W, NJ US",40.8326,-74.2583,2025-01-22,0.0,0.0,0.0,,none
GHCND:US1NJES0040,"VERONA TWP 0.8 W, NJ US",40.8326,-74.2583,2025-01-23,0.0,0.0,0.0,,none
GHCND:US1NJES0040,"VERONA TWP 0.8 W, NJ US",40.8326,-74.2583,2025-01-24,0.0,0.0,0.0,,none
GHCND:US1NJES0040,"VERONA TWP 0.8 W, NJ US",40.8326,-74.2583,2025-01-25,0.0,0.0,0.0,,none
GHCND:US1NJES0040,"VERONA TWP 0.8 W, NJ US",40.8326,-74.2583,2025-01-30,0.0,0.0,0.0,,none
GHCND:US1NJES0040,"VERONA TWP 0.8 W, NJ US",40.8326,-74.2583,2025-01-31,0.15,0.006,,,rain
GHCND:US1NJES0040,"VERONA TWP 0.8 W, NJ US",40.8326,-74.2583,2025-02-05,0.0,0.0,0.0,,none
GHCND:US1NJES0040,"VERONA TWP 0.8 W, NJ US",40.8326,-74.2583,2025-02-10,0.0,0.0,0.0,,none
GHCND:US1NJES0040,"VERONA TWP 0.8 W, NJ US",40.8326,-74.2583,2025-02-11,0.0,0.0,0.0,,none
GHCND:US1NJES0040,"VERONA TWP 0.8 W, NJ US",40.8326,-74.2583,2025-02-16,1.8,0.071,,,rain
GHCND:US1NJES0040,"VERONA TWP 0.8 W, NJ US",40.8326,-74.2583,2025-02-24,0.0,0.0,0.0,,none
GHCND:US1NJES0040,"VERONA TWP 0.8 W, NJ US",40.8326,-74.2583,2025-02-25,0.0,0.0,0.0,,none
GHCND:US1NJES0040,"VERONA TWP 0.8 W, NJ US",40.8326,-74.2583,2025-03-02,0.0,0.0,0.0,,none
GHCND:US1NJES0040,"VERONA TWP 0.8 W, NJ US",40.8326,-74.2583,2025-03-05,0.0,0.0,0.0,,none
GHCND:US1NJES0040,"VERONA TWP 0.8 W, NJ US",40.8326,-74.2583,2025-03-06,4.32,0.17,,,rain
GHCND:US1NJES0040,"VERONA TWP 0.8 W, NJ US",40.8326,-74.2583,2025-03-08,0.0,0.0,0.0,,none
GHCND:US1NJES0040,"VERONA TWP 0.8 W, NJ US",40.8326,-74.2583,2025-03-09,0.0,0.0,0.0,,none
GHCND:US1NJES0040,"VERONA TWP 0.8 W, NJ US",40.8326,-74.2583,2025-03-11,0.0,0.0,0.0,,none
GHCND:US1NJES0040,"VERONA TWP 0.8 W, NJ US",40.8326,-74.2583,2025-03-14,0.0,0.0,0.0,,none
GHCND:US1NJES0040,"VERONA TWP 0.8 W, NJ US",40.8326,-74.2583,2025-03-16,0.03,0.001,,,rain
GHCND:US1NJES0040,"VERONA TWP 0.8 W, NJ US",40.8326,-74.2583,2025-03-18,0.0,0.0,,,none
GHCND:US1NJES0040,"VERONA TWP 0.8 W, NJ US",40.8326,-74.2583,2025-03-19,0.0,0.0,0.0,,none
GHCND:US1NJES0040,"VERONA TWP 0.8 W, NJ US",40.8326,-74.2583,2025-03-21,2.34,0.092,,,rain
GHCND:US1NJES0040,"VERONA TWP 0.8 W, NJ US",40.8326,-74.2583,2025-03-24,0.2,0.008,,,rain
GHCND:US1NJES0040,"VERONA TWP 0.8 W, NJ US",40.8326,-74.2583,2025-03-25,0.45999999999999996,0.018,,,rain
GHCND:US1NJES0040,"VERONA TWP 0.8 W, NJ US",40.8326,-74.2583,2025-03-26,0.0,0.0,,,none
GHCND:US1NJES0040,"VERONA TWP 0.8 W, NJ US",40.8326,-74.2583,2025-03-27,0.0,0.0,,,none
GHCND:US1NJES0040,"VERONA TWP 0.8 W, NJ US",40.8326,-74.2583,2025-03-29,0.13,0.005,,,rain
GHCND:US1NJES0040,"VERONA TWP 0.8 W, NJ US",40.8326,-74.2583,2025-03-30,0.03,0.001,,,rain
GHCND:US1NJES0040,"VERONA TWP 0.8 W, NJ US",40.8326,-74.2583,2025-03-31,0.18,0.007,,,rain
GHCND:US1NJES0040,"VERONA TWP 0.8 W, NJ US",40.8326,-74.2583,2025-04-02,0.0,0.0,,,none
GHCND:US1NJES0040,"VERONA TWP 0.8 W, NJ US",40.8326,-74.2583,2025-04-03,0.25,0.01,,,rain
GHCND:US1NJES0040,"VERONA TWP 0.8 W, NJ US",40.8326,-74.2583,2025-04-04,0.2,0.008,,,rain
GHCND:US1NJES0040,"VERONA TWP 0.8 W, NJ US",40.8326,-74.2583,2025-04-05,0.0,0.0,,,none
GHCND:US1NJES0040,"VERONA TWP 0.8 W, NJ US",40.8326,-74.2583,2025-04-07,0.27999999999999997,0.011,,,rain
GHCND:US1NJES0040,"VERONA TWP 0.8 W, NJ US",40.8326,-74.2583,2025-04-09,0.0,0.0,,,none
GHCND:US1NJES0040,"VERONA TWP 0.8 W, NJ US",40.8326,-74.2583,2025-04-17,0.0,0.0,,,none
GHCND:US1NJES0040,"VERONA TWP 0.8 W, NJ US",40.8326,-74.2583,2025-04-18,0.0,0.0,0.0,,none
GHCND:US1NJES0040,"VERONA TWP 0.8 W, NJ US",40.8326,-74.2583,2025-04-19,0.0,0.0,0.0,,none
GHCND:US1NJES0040,"VERONA TWP 0.8 W, NJ US",40.8326,-74.2583,2025-04-21,0.0,0.0,0.0,,none
GHCND:US1NJES0040,"VERONA TWP 0.8 W, NJ US",40.8326,-74.2583,2025-04-22,0.0,0.0,0.0,,none
GHCND:US1NJES0040,"VERONA TWP 0.8 W, NJ US",40.8326,-74.2583,2025-04-23,0.0,0.0,0.0,,none
GHCND:US1NJES0040,"VERONA TWP 0.8 W, NJ US",40.8326,-74.2583,2025-04-25,0.0,0.0,0.0,,none
GHCND:US1NJES0040,"VERONA TWP 0.8 W, NJ US",40.8326,-74.2583,2025-04-26,0.45999999999999996,0.018,,,rain
GHCND:US1NJES0040,"VERONA TWP 0.8 W, NJ US",40.8326,-74.2583,2025-04-27,0.3,0.012,,,rain
GHCND:US1NJES0040,"VERONA TWP 0.8 W, NJ US",40.8326,-74.2583,2025-04-28,0.0,0.0,0.0,,none
GHCND:US1NJES0040,"VERONA TWP 0.8 W, NJ US",40.8326,-74.2583,2025-04-29,0.0,0.0,0.0,,none
GHCND:US1NJES0040,"VERONA TWP 0.8 W, NJ US",40.8326,-74.2583,2025-04-30,0.0,0.0,0.0,,none
GHCND:US1NJES0040,"VERONA TWP 0.8 W, NJ US",40.8326,-74.2583,2025-05-03,0.0,0.0,0.0,,none
GHCND:US1NJES0040,"VERONA TWP 0.8 W, NJ US",40.8326,-74.2583,2025-05-04,0.36,0.014,,,rain
GHCND:US1NJES0040,"VERONA TWP 0.8 W, NJ US",40.8326,-74.2583,2025-05-06,1.45,0.057,,,rain
GHCND:US1NJES0040,"VERONA TWP 0.8 W, NJ US",40.8326,-74.2583,2025-05-07,0.36,0.014,,,rain
GHCND:US1NJES0040,"VERONA TWP 0.8 W, NJ US",40.8326,-74.2583,2025-05-08,0.0,0.0,,,none
GHCND:US1NJES0040,"VERONA TWP 0.8 W, NJ US",40.8326,-74.2583,2025-05-10,1.02,0.04,,,rain
GHCND:US1NJES0040,"VERONA TWP 0.8 W, NJ US",40.8326,-74.2583,2025-05-11,0.0,0.0,0.0,,none
GHCND:US1NJES0040,"VERONA TWP 0.8 W, NJ US",40.8326,-74.2583,2025-05-12,0.0,0.0,0.0,,none
GHCND:US1NJES0040,"VERONA TWP 0.8 W, NJ US",40.8326,-74.2583,2025-05-13,0.0,0.0,,,none
GHCND:US1NJES0040,"VERONA TWP 0.8 W, NJ US",40.8326,-74.2583,2025-05-17,0.74,0.029,,,rain
GHCND:US1NJES0040,"VERONA TWP 0.8 W, NJ US",40.8326,-74.2583,2025-05-20,0.0,0.0,0.0,,none
GHCND:US1NJES0040,"VERONA TWP 0.8 W, NJ US",40.8326,-74.2583,2025-05-21,0.03,0.001,,,rain
GHCND:US1NJES0040,"VERONA TWP 0.8 W, NJ US",40.8326,-74.2583,2025-05-30,0.05,0.002,,,rain
GHCND:US1NJES0040,"VERONA TWP 0.8 W, NJ US",40.8326,-74.2583,2025-06-05,0.0,0.0,0.0,,none
GHCND:US1NJES0040,"VERONA TWP 0.8 W, NJ US",40.8326,-74.2583,2025-06-09,0.13,0.005,,,rain
GHCND:US1NJES0040,"VERONA TWP 0.8 W, NJ US",40.8326,-74.2583,2025-06-10,0.27999999999999997,0.011,,,rain
GHCND:US1NJES0040,"VERONA TWP 0.8 W, NJ US",40.8326,-74.2583,2025-06-11,3.12,0.123,,,rain
GHCND:US1NJES0040,"VERONA TWP 0.8 W, NJ US",40.8326,-74.2583,2025-06-12,0.03,0.001,,,rain
GHCND:US1NJES0040,"VERONA TWP 0.8 W, NJ US",40.8326,-74.2583,2025-06-21,0.0,0.0,0.0,,none
GHCND:US1NJES0040,"VERONA TWP 0.8 W, NJ US",40.8326,-74.2583,2025-06-23,0.2,0.008,,,rain
GHCND:US1NJES0040,"VERONA TWP 0.8 W, NJ US",40.8326,-74.2583,2025-06-24,0.0,0.0,,,none
GHCND:US1NJES0040,"VERONA TWP 0.8 W, NJ US",40.8326,-74.2583,2025-06-25,0.0,0.0,0.0,,none
GHCND:US1NJES0040,"VERONA TWP 0.8 W, NJ US",40.8326,-74.2583,2025-07-24,0.0,0.0,0.0,,none
GHCND:US1NJES0040,"VERONA TWP 0.8 W, NJ US",40.8326,-74.2583,2025-07-25,0.0,0.0,0.0,,none
GHCND:US1NJES0040,"VERONA TWP 0.8 W, NJ US",40.8326,-74.2583,2025-07-26,0.2,0.008,,,rain
GHCND:US1NJES0040,"VERONA TWP 0.8 W, NJ US",40.8326,-74.2583,2025-07-31,0.0,0.0,0.0,,none
GHCND:US1NJES0040,"VERONA TWP 0.8 W, NJ US",40.8326,-74.2583,2025-08-13,0.0,0.0,0.0,,none
GHCND:US1NJES0040,"VERONA TWP 0.8 W, NJ US",40.8326,-74.2583,2025-08-14,0.53,0.021,,,rain
GHCND:US1NJES0040,"VERONA TWP 0.8 W, NJ US",40.8326,-74.2583,2025-08-17,0.0,0.0,0.0,,none
GHCND:US1NJES0040,"VERONA TWP 0.8 W, NJ US",40.8326,-74.2583,2025-08-20,0.0,0.0,0.0,,none
GHCND:US1NJES0040,"VERONA TWP 0.8 W, NJ US",40.8326,-74.2583,2025-09-05,2.0300000000000002,0.08,,,rain
GHCND:US1NJES0040,"VERONA TWP 0.8 W, NJ US",40.8326,-74.2583,2025-09-18,0.41,0.016,,,rain
GHCND:US1NJES0040,"VERONA TWP 0.8 W, NJ US",40.8326,-74.2583,2025-10-08,0.41,0.016,,,rain
GHCND:US1NJES0040,"VERONA TWP 0.8 W, NJ US",40.8326,-74.2583,2025-10-18,0.0,0.0,0.0,,none
GHCND:US1NJES0040,"VERONA TWP 0.8 W, NJ US",40.8326,-74.2583,2025-10-24,0.0,0.0,0.0,,none
GHCND:US1NJES0040,"VERONA TWP 0.8 W, NJ US",40.8326,-74.2583,2025-10-26,0.0,0.0,0.0,,none
GHCND:US1NJES0040,"VERONA TWP 0.8 W, NJ US",40.8326,-74.2583,2025-10-30,0.64,0.025,,,rain
GHCND:US1NJES0040,"VERONA TWP 0.8 W, NJ US",40.8326,-74.2583,2025-11-12,0.0,0.0,,,none
GHCND:US1NJES0040,"VERONA TWP 0.8 W, NJ US",40.8326,-74.2583,2025-11-20,0.0,0.0,,,none
GHCND:US1NJES0040,"VERONA TWP 0.8 W, NJ US",40.8326,-74.2583,2025-11-26,1.83,0.072,,,rain
GHCND:US1NJES0040,"VERONA TWP 0.8 W, NJ US",40.8326,-74.2583,2025-12-02,0.0,0.0,,,none
GHCND:US1NJES0040,"VERONA TWP 0.8 W, NJ US",40.8326,-74.2583,2025-12-03,1.5699999999999998,0.062,,,rain
GHCND:US1NJES0040,"VERONA TWP 0.8 W, NJ US",40.8326,-74.2583,2025-12-09,0.0,0.0,0.0,,none
GHCND:US1NJES0040,"VERONA TWP 0.8 W, NJ US",40.8326,-74.2583,2025-12-10,0.0,0.0,0.0,,none
GHCND:US1NJES0040,"VERONA TWP 0.8 W, NJ US",40.8326,-74.2583,2025-12-13,0.0,0.0,0.0,,none
GHCND:US1NJES0040,"VERONA TWP 0.8 W, NJ US",40.8326,-74.2583,2025-12-16,0.0,0.0,0.0,,none
GHCND:US1NJES0040,"VERONA TWP 0.8 W, NJ US",40.8326,-74.2583,2025-12-17,0.0,0.0,0.0,,none
GHCND:US1NJES0040,"VERONA TWP 0.8 W, NJ US",40.8326,-74.2583,2025-12-18,0.0,0.0,0.0,,none
GHCND:US1NJES0040,"VERONA TWP 0.8 W, NJ US",40.8326,-74.2583,2025-12-19,2.2600000000000002,0.089,,,rain
GHCND:US1NJES0040,"VERONA TWP 0.8 W, NJ US",40.8326,-74.2583,2025-12-27,1.3699999999999999,0.054,89.0,,snow
GHCND:US1NJES0040,"VERONA TWP 0.8 W, NJ US",40.8326,-74.2583,2025-12-31,0.0,0.0,0.0,,none
GHCND:US1NJES0052,"MAPLEWOOD TWP 1.0 ESE, NJ US",40.728661,-74.25311,2025-12-02,0.0,0.0,0.0,,none
GHCND:US1NJES0052,"MAPLEWOOD TWP 1.0 ESE, NJ US",40.728661,-74.25311,2025-12-03,2.2600000000000002,0.089,,,rain
GHCND:US1NJES0052,"MAPLEWOOD TWP 1.0 ESE, NJ US",40.728661,-74.25311,2025-12-09,0.0,0.0,0.0,,none
GHCND:US1NJES0052,"MAPLEWOOD TWP 1.0 ESE, NJ US",40.728661,-74.25311,2025-12-10,0.0,0.0,0.0,,none
GHCND:US1NJES0052,"MAPLEWOOD TWP 1.0 ESE, NJ US",40.728661,-74.25311,2025-12-13,0.0,0.0,0.0,,none
GHCND:US1NJES0052,"MAPLEWOOD TWP 1.0 ESE, NJ US",40.728661,-74.25311,2025-12-14,1.3,0.051,142.0,,snow
GHCND:US1NJES0052,"MAPLEWOOD TWP 1.0 ESE, NJ US",40.728661,-74.25311,2025-12-15,0.0,0.0,0.0,,none
GHCND:US1NJES0052,"MAPLEWOOD TWP 1.0 ESE, NJ US",40.728661,-74.25311,2025-12-16,0.0,0.0,0.0,,none
GHCND:US1NJES0052,"MAPLEWOOD TWP 1.0 ESE, NJ US",40.728661,-74.25311,2025-12-17,0.0,0.0,0.0,,none
GHCND:US1NJES0052,"MAPLEWOOD TWP 1.0 ESE, NJ US",40.728661,-74.25311,2025-12-18,0.0,0.0,0.0,,none
GHCND:US1NJES0052,"MAPLEWOOD TWP 1.0 ESE, NJ US",40.728661,-74.25311,2025-12-19,1.17,0.046,,,rain
GHCND:US1NJES0052,"MAPLEWOOD TWP 1.0 ESE, NJ US",40.728661,-74.25311,2025-12-26,0.0,0.0,0.0,,none
GHCND:US1NJES0052,"MAPLEWOOD TWP 1.0 ESE, NJ US",40.728661,-74.25311,2025-12-31,0.0,0.0,0.0,,none
GHCND:US1NJHD0018,"KEARNY 1.7 NNW, NJ US",40.774342,-74.137109,2025-01-12,0.0,0.0,0.0,,none
GHCND:US1NJHD0018,"KEARNY 1.7 NNW, NJ US",40.774342,-74.137109,2025-01-14,0.0,0.0,0.0,,none
GHCND:US1NJHD0018,"KEARNY 1.7 NNW, NJ US",40.774342,-74.137109,2025-01-15,0.0,0.0,0.0,,none
GHCND:US1NJHD0018,"KEARNY 1.7 NNW, NJ US",40.774342,-74.137109,2025-01-16,0.0,0.0,0.0,,none
GHCND:US1NJHD0018,"KEARNY 1.7 NNW, NJ US",40.774342,-74.137109,2025-01-18,0.27999999999999997,0.011,,,rain
GHCND:US1NJHD0018,"KEARNY 1.7 NNW, NJ US",40.774342,-74.137109,2025-01-19,0.74,0.029,76.0,,snow
GHCND:US1NJHD0018,"KEARNY 1.7 NNW, NJ US",40.774342,-74.137109,2025-01-20,0.0,0.0,0.0,,none
GHCND:US1NJHD0018,"KEARNY 1.7 NNW, NJ US",40.774342,-74.137109,2025-01-21,0.0,0.0,0.0,,none
GHCND:US1NJHD0018,"KEARNY 1.7 NNW, NJ US",40.774342,-74.137109,2025-01-22,0.0,0.0,0.0,,none
GHCND:US1NJHD0018,"KEARNY 1.7 NNW, NJ US",40.774342,-74.137109,2025-01-23,0.0,0.0,0.0,,none
GHCND:US1NJHD0018,"KEARNY 1.7 NNW, NJ US",40.774342,-74.137109,2025-01-24,0.0,0.0,0.0,,none
GHCND:US1NJHD0018,"KEARNY 1.7 NNW, NJ US",40.774342,-74.137109,2025-01-25,0.0,0.0,0.0,,none
GHCND:US1NJHD0018,"KEARNY 1.7 NNW, NJ US",40.774342,-74.137109,2025-01-30,0.0,0.0,0.0,,none
GHCND:US1NJHD0018,"KEARNY 1.7 NNW, NJ US",40.774342,-74.137109,2025-01-31,0.2,0.008,,,rain
GHCND:US1NJHD0018,"KEARNY 1.7 NNW, NJ US",40.774342,-74.137109,2025-02-05,0.0,0.0,0.0,,none
GHCND:US1NJHD0018,"KEARNY 1.7 NNW, NJ US",40.774342,-74.137109,2025-02-08,1.6,0.063,69.0,,snow
GHCND:US1NJHD0018,"KEARNY 1.7 NNW, NJ US",40.774342,-74.137109,2025-02-09,0.13,0.005,3.0,,snow
GHCND:US1NJHD0018,"KEARNY 1.7 NNW, NJ US",40.774342,-74.137109,2025-02-10,0.0,0.0,0.0,,none
GHCND:US1NJHD0018,"KEARNY 1.7 NNW, NJ US",40.774342,-74.137109,2025-02-11,0.0,0.0,0.0,,none
GHCND:US1NJHD0018,"KEARNY 1.7 NNW, NJ US",40.774342,-74.137109,2025-02-12,0.1,0.004,15.0,,snow
GHCND:US1NJHD0018,"KEARNY 1.7 NNW, NJ US",40.774342,-74.137109,2025-02-13,0.8099999999999999,0.032,0.0,,rain
GHCND:US1NJHD0018,"KEARNY 1.7 NNW, NJ US",40.774342,-74.137109,2025-02-16,2.2600000000000002,0.089,,,rain
GHCND:US1NJHD0018,"KEARNY 1.7 NNW, NJ US",40.774342,-74.137109,2025-02-19,0.0,0.0,0.0,,none
GHCND:US1NJHD0018,"KEARNY 1.7 NNW, NJ US",40.774342,-74.137109,2025-02-24,0.0,0.0,0.0,,none
GHCND:US1NJHD0018,"KEARNY 1.7 NNW, NJ US",40.774342,-74.137109,2025-02-25,0.0,0.0,0.0,,none
GHCND:US1NJHD0018,"KEARNY 1.7 NNW, NJ US",40.774342,-74.137109,2025-03-02,0.0,0.0,0.0,,none
GHCND:US1NJHD0018,"KEARNY 1.7 NNW, NJ US",40.774342,-74.137109,2025-03-05,3.66,0.144,,,rain
GHCND:US1NJHD0018,"KEARNY 1.7 NNW, NJ US",40.774342,-74.137109,2025-03-06,0.0,0.0,0.0,,none
GHCND:US1NJHD0018,"KEARNY 1.7 NNW, NJ US",40.774342,-74.137109,2025-03-08,0.0,0.0,0.0,,none
GHCND:US1NJHD0018,"KEARNY 1.7 NNW, NJ US",40.774342,-74.137109,2025-03-09,0.0,0.0,0.0,,none
GHCND:US1NJHD0018,"KEARNY 1.7 NNW, NJ US",40.774342,-74.137109,2025-03-11,0.0,0.0,0.0,,none
GHCND:US1NJHD0018,"KEARNY 1.7 NNW, NJ US",40.774342,-74.137109,2025-03-14,0.0,0.0,0.0,,none
GHCND:US1NJHD0018,"KEARNY 1.7 NNW, NJ US",40.774342,-74.137109,2025-03-16,0.03,0.001,,,rain
GHCND:US1NJHD0018,"KEARNY 1.7 NNW, NJ US",40.774342,-74.137109,2025-03-18,0.0,0.0,0.0,,none
GHCND:US1NJHD0018,"KEARNY 1.7 NNW, NJ US",40.774342,-74.137109,2025-03-19,0.0,0.0,0.0,,none
GHCND:US1NJHD0018,"KEARNY 1.7 NNW, NJ US",40.774342,-74.137109,2025-03-21,2.2399999999999998,0.088,,,rain
GHCND:US1NJHD0018,"KEARNY 1.7 NNW, NJ US",40.774342,-74.137109,2025-03-24,1.0699999999999998,0.042,,,rain
GHCND:US1NJHD0018,"KEARNY 1.7 NNW, NJ US",40.774342,-74.137109,2025-03-25,0.0,0.0,0.0,,none
GHCND:US1NJHD0018,"KEARNY 1.7 NNW, NJ US",40.774342,-74.137109,2025-03-26,0.0,0.0,,,none
GHCND:US1NJHD0018,"KEARNY 1.7 NNW, NJ US",40.774342,-74.137109,2025-03-27,0.0,0.0,0.0,,none
GHCND:US1NJHD0018,"KEARNY 1.7 NNW, NJ US",40.774342,-74.137109,2025-03-29,0.0,0.0,,,none
GHCND:US1NJHD0018,"KEARNY 1.7 NNW, NJ US",40.774342,-74.137109,2025-03-30,0.1,0.004,,,rain
GHCND:US1NJHD0018,"KEARNY 1.7 NNW, NJ US",40.774342,-74.137109,2025-03-31,2.16,0.085,,,rain
GHCND:US1NJHD0018,"KEARNY 1.7 NNW, NJ US",40.774342,-74.137109,2025-04-02,0.0,0.0,,,none
GHCND:US1NJHD0018,"KEARNY 1.7 NNW, NJ US",40.774342,-74.137109,2025-04-03,0.2,0.008,,,rain
GHCND:US1NJHD0018,"KEARNY 1.7 NNW, NJ US",40.774342,-74.137109,2025-04-04,0.3,0.012,,,rain
GHCND:US1NJHD0018,"KEARNY 1.7 NNW, NJ US",40.774342,-74.137109,2025-04-05,0.6900000000000001,0.027,,,rain
GHCND:US1NJHD0018,"KEARNY 1.7 NNW, NJ US",40.774342,-74.137109,2025-04-07,0.58,0.023,,,rain
GHCND:US1NJHD0018,"KEARNY 1.7 NNW, NJ US",40.774342,-74.137109,2025-04-09,0.0,0.0,0.0,,none
GHCND:US1NJHD0018,"KEARNY 1.7 NNW, NJ US",40.774342,-74.137109,2025-04-13,0.08,0.003,,,rain
GHCND:US1NJHD0018,"KEARNY 1.7 NNW, NJ US",40.774342,-74.137109,2025-04-16,0.0,0.0,0.0,,none
GHCND:US1NJHD0018,"KEARNY 1.7 NNW, NJ US",40.774342,-74.137109,2025-04-17,0.0,0.0,0.0,,none
GHCND:US1NJHD0018,"KEARNY 1.7 NNW, NJ US",40.774342,-74.137109,2025-04-18,0.0,0.0,0.0,,none
GHCND:US1NJHD0018,"KEARNY 1.7 NNW, NJ US",40.774342,-74.137109,2025-04-19,0.0,0.0,0.0,,none
GHCND:US1NJHD0018,"KEARNY 1.7 NNW, NJ US",40.774342,-74.137109,2025-04-21,0.0,0.0,0.0,,none
GHCND:US1NJHD0018,"KEARNY 1.7 NNW, NJ US",40.774342,-74.137109,2025-04-22,0.0,0.0,0.0,,none
GHCND:US1NJHD0018,"KEARNY 1.7 NNW, NJ US",40.774342,-74.137109,2025-04-23,0.0,0.0,0.0,,none
GHCND:US1NJHD0018,"KEARNY 1.7 NNW, NJ US",40.774342,-74.137109,2025-04-25,0.0,0.0,,,none
GHCND:US1NJHD0018,"KEARNY 1.7 NNW, NJ US",40.774342,-74.137109,2025-04-26,0.89,0.035,,,rain
GHCND:US1NJHD0018,"KEARNY 1.7 NNW, NJ US",40.774342,-74.137109,2025-04-27,0.0,0.0,,,none
GHCND:US1NJHD0018,"KEARNY 1.7 NNW, NJ US",40.774342,-74.137109,2025-04-28,0.0,0.0,0.0,,none
GHCND:US1NJHD0018,"KEARNY 1.7 NNW, NJ US",40.774342,-74.137109,2025-04-29,0.0,0.0,0.0,,none
GHCND:US1NJHD0018,"KEARNY 1.7 NNW, NJ US",40.774342,-74.137109,2025-04-30,0.0,0.0,0.0,,none
GHCND:US1NJHD0018,"KEARNY 1.7 NNW, NJ US",40.774342,-74.137109,2025-05-03,1.04,0.041,,,rain
GHCND:US1NJHD0018,"KEARNY 1.7 NNW, NJ US",40.774342,-74.137109,2025-05-04,0.6900000000000001,0.027,,,rain
GHCND:US1NJHD0018,"KEARNY 1.7 NNW, NJ US",40.774342,-74.137109,2025-05-06,1.3699999999999999,0.054,,,rain
GHCND:US1NJHD0018,"KEARNY 1.7 NNW, NJ US",40.774342,-74.137109,2025-05-07,0.18,0.007,,,rain
GHCND:US1NJHD0018,"KEARNY 1.7 NNW, NJ US",40.774342,-74.137109,2025-05-08,0.15,0.006,,,rain
GHCND:US1NJHD0018,"KEARNY 1.7 NNW, NJ US",40.774342,-74.137109,2025-05-10,0.0,0.0,0.0,,none
GHCND:US1NJHD0018,"KEARNY 1.7 NNW, NJ US",40.774342,-74.137109,2025-05-11,0.0,0.0,0.0,,none
GHCND:US1NJHD0018,"KEARNY 1.7 NNW, NJ US",40.774342,-74.137109,2025-05-12,0.0,0.0,0.0,,none
GHCND:US1NJHD0018,"KEARNY 1.7 NNW, NJ US",40.774342,-74.137109,2025-05-13,0.5599999999999999,0.022,,,rain
GHCND:US1NJHD0018,"KEARNY 1.7 NNW, NJ US",40.774342,-74.137109,2025-05-17,0.0,0.0,0.0,,none
GHCND:US1NJHD0018,"KEARNY 1.7 NNW, NJ US",40.774342,-74.137109,2025-05-20,0.0,0.0,0.0,,none
GHCND:US1NJHD0018,"KEARNY 1.7 NNW, NJ US",40.774342,-74.137109,2025-05-21,0.22999999999999998,0.009,,,rain
GHCND:US1NJHD0018,"KEARNY 1.7 NNW, NJ US",40.774342,-74.137109,2025-05-30,0.0,0.0,,,none
GHCND:US1NJHD0018,"KEARNY 1.7 NNW, NJ US",40.774342,-74.137109,2025-06-05,0.0,0.0,0.0,,none
GHCND:US1NJHD0018,"KEARNY 1.7 NNW, NJ US",40.774342,-74.137109,2025-06-07,0.6599999999999999,0.026,,,rain
GHCND:US1NJHD0018,"KEARNY 1.7 NNW, NJ US",40.774342,-74.137109,2025-06-09,0.27999999999999997,0.011,,,rain
GHCND:US1NJHD0018,"KEARNY 1.7 NNW, NJ US",40.774342,-74.137109,2025-06-10,2.3899999999999997,0.094,,,rain
GHCND:US1NJHD0018,"KEARNY 1.7 NNW, NJ US",40.774342,-74.137109,2025-06-11,0.0,0.0,0.0,,none
GHCND:US1NJHD0018,"KEARNY 1.7 NNW, NJ US",40.774342,-74.137109,2025-06-12,0.0,0.0,0.0,,none
GHCND:US1NJHD0018,"KEARNY 1.7 NNW, NJ US",40.774342,-74.137109,2025-06-21,0.0,0.0,0.0,,none
GHCND:US1NJHD0018,"KEARNY 1.7 NNW, NJ US",40.774342,-74.137109,2025-06-23,0.0,0.0,0.0,,none
GHCND:US1NJHD0018,"KEARNY 1.7 NNW, NJ US",40.774342,-74.137109,2025-06-24,0.0,0.0,0.0,,none
GHCND:US1NJHD0018,"KEARNY 1.7 NNW, NJ US",40.774342,-74.137109,2025-06-25,0.0,0.0,0.0,,none
GHCND:US1NJHD0018,"KEARNY 1.7 NNW, NJ US",40.774342,-74.137109,2025-07-16,0.08,0.003,,,rain
GHCND:US1NJHD0018,"KEARNY 1.7 NNW, NJ US",40.774342,-74.137109,2025-07-24,0.0,0.0,0.0,,none
GHCND:US1NJHD0018,"KEARNY 1.7 NNW, NJ US",40.774342,-74.137109,2025-07-25,2.0100000000000002,0.079,,,rain
GHCND:US1NJHD0018,"KEARNY 1.7 NNW, NJ US",40.774342,-74.137109,2025-07-26,0.0,0.0,0.0,,none
GHCND:US1NJHD0018,"KEARNY 1.7 NNW, NJ US",40.774342,-74.137109,2025-07-31,0.8400000000000001,0.033,,,rain
GHCND:US1NJHD0018,"KEARNY 1.7 NNW, NJ US",40.774342,-74.137109,2025-08-13,3.02,0.119,,,rain
GHCND:US1NJHD0018,"KEARNY 1.7 NNW, NJ US",40.774342,-74.137109,2025-08-14,0.0,0.0,0.0,,none
GHCND:US1NJHD0018,"KEARNY 1.7 NNW, NJ US",40.774342,-74.137109,2025-08-17,0.3,0.012,,,rain
GHCND:US1NJHD0018,"KEARNY 1.7 NNW, NJ US",40.774342,-74.137109,2025-08-20,0.9400000000000001,0.037,,,rain
GHCND:US1NJHD0018,"KEARNY 1.7 NNW, NJ US",40.774342,-74.137109,2025-08-30,0.0,0.0,0.0,,none
GHCND:US1NJHD0018,"KEARNY 1.7 NNW, NJ US",40.774342,-74.137109,2025-09-05,1.0699999999999998,0.042,,,rain
GHCND:US1NJHD0018,"KEARNY 1.7 NNW, NJ US",40.774342,-74.137109,2025-09-18,0.0,0.0,0.0,,none
GHCND:US1NJHD0018,"KEARNY 1.7 NNW, NJ US",40.774342,-74.137109,2025-10-08,1.3,0.051,,,rain
GHCND:US1NJHD0018,"KEARNY 1.7 NNW, NJ US",40.774342,-74.137109,2025-10-18,0.0,0.0,0.0,,none
GHCND:US1NJHD0018,"KEARNY 1.7 NNW, NJ US",40.774342,-74.137109,2025-10-24,0.0,0.0,0.0,,none
GHCND:US1NJHD0018,"KEARNY 1.7 NNW, NJ US",40.774342,-74.137109,2025-10-26,0.0,0.0,0.0,,none
GHCND:US1NJHD0018,"KEARNY 1.7 NNW, NJ US",40.774342,-74.137109,2025-10-30,4.17,0.164,,,rain
GHCND:US1NJHD0018,"KEARNY 1.7 NNW, NJ US",40.774342,-74.137109,2025-11-02,0.0,0.0,0.0,,none
GHCND:US1NJHD0018,"KEARNY 1.7 NNW, NJ US",40.774342,-74.137109,2025-11-03,0.0,0.0,,,none
GHCND:US1NJHD0018,"KEARNY 1.7 NNW, NJ US",40.774342,-74.137109,2025-11-08,0.32999999999999996,0.013,,,rain
GHCND:US1NJHD0018,"KEARNY 1.7 NNW, NJ US",40.774342,-74.137109,2025-11-09,0.3,0.012,,,rain
GHCND:US1NJHD0018,"KEARNY 1.7 NNW, NJ US",40.774342,-74.137109,2025-11-10,1.02,0.04,,,rain
GHCND:US1NJHD0018,"KEARNY 1.7 NNW, NJ US",40.774342,-74.137109,2025-11-12,0.0,0.0,0.0,,none
GHCND:US1NJHD0018,"KEARNY 1.7 NNW, NJ US",40.774342,-74.137109,2025-11-20,0.0,0.0,0.0,,none
GHCND:US1NJHD0018,"KEARNY 1.7 NNW, NJ US",40.774342,-74.137109,2025-11-26,0.27999999999999997,0.011,,,rain
GHCND:US1NJHD0018,"KEARNY 1.7 NNW, NJ US",40.774342,-74.137109,2025-12-02,1.9100000000000001,0.075,0.0,,rain
GHCND:US1NJHD0018,"KEARNY 1.7 NNW, NJ US",40.774342,-74.137109,2025-12-03,0.0,0.0,0.0,,none
GHCND:US1NJHD0018,"KEARNY 1.7 NNW, NJ US",40.774342,-74.137109,2025-12-09,0.0,0.0,0.0,,none
GHCND:US1NJHD0018,"KEARNY 1.7 NNW, NJ US",40.774342,-74.137109,2025-12-10,0.41,0.016,,,rain
GHCND:US1NJHD0018,"KEARNY 1.7 NNW, NJ US",40.774342,-74.137109,2025-12-13,0.05,0.002,3.0,,snow
GHCND:US1NJHD0018,"KEARNY 1.7 NNW, NJ US",40.774342,-74.137109,2025-12-14,0.61,0.024,102.0,,snow
GHCND:US1NJHD0018,"KEARNY 1.7 NNW, NJ US",40.774342,-74.137109,2025-12-15,0.0,0.0,0.0,,none
GHCND:US1NJHD0018,"KEARNY 1.7 NNW, NJ US",40.774342,-74.137109,2025-12-16,0.0,0.0,0.0,,none
GHCND:US1NJHD0018,"KEARNY 1.7 NNW, NJ US",40.774342,-74.137109,2025-12-17,0.0,0.0,0.0,,none
GHCND:US1NJHD0018,"KEARNY 1.7 NNW, NJ US",40.774342,-74.137109,2025-12-18,0.0,0.0,0.0,,none
GHCND:US1NJHD0018,"KEARNY 1.7 NNW, NJ US",40.774342,-74.137109,2025-12-19,3.2,0.126,,,rain
GHCND:US1NJHD0018,"KEARNY 1.7 NNW, NJ US",40.774342,-74.137109,2025-12-26,0.5599999999999999,0.022,20.0,,snow
GHCND:US1NJHD0018,"KEARNY 1.7 NNW, NJ US",40.774342,-74.137109,2025-12-27,0.6599999999999999,0.026,56.0,,snow
GHCND:US1NJHD0018,"KEARNY 1.7 NNW, NJ US",40.774342,-74.137109,2025-12-28,0.0,0.0,,,none
GHCND:US1NJHD0018,"KEARNY 1.7 NNW, NJ US",40.774342,-74.137109,2025-12-29,0.27999999999999997,0.011,,,rain
GHCND:US1NJHD0018,"KEARNY 1.7 NNW, NJ US",40.774342,-74.137109,2025-12-30,0.0,0.0,0.0,,none
GHCND:US1NJHD0018,"KEARNY 1.7 NNW, NJ US",40.774342,-74.137109,2025-12-31,0.0,0.0,0.0,,none
GHCND:US1NJHD0023,"JERSEY CITY 1.6 NNE, NJ US",40.73255,-74.05098,2025-01-12,0.0,0.0,0.0,,none
GHCND:US1NJHD0023,"JERSEY CITY 1.6 NNE, NJ US",40.73255,-74.05098,2025-01-14,0.0,0.0,0.0,,none
GHCND:US1NJHD0023,"JERSEY CITY 1.6 NNE, NJ US",40.73255,-74.05098,2025-01-15,0.0,0.0,0.0,,none
GHCND:US1NJHD0023,"JERSEY CITY 1.6 NNE, NJ US",40.73255,-74.05098,2025-01-16,0.0,0.0,0.0,,none
GHCND:US1NJHD0023,"JERSEY CITY 1.6 NNE, NJ US",40.73255,-74.05098,2025-01-18,0.0,0.0,0.0,,none
GHCND:US1NJHD0023,"JERSEY CITY 1.6 NNE, NJ US",40.73255,-74.05098,2025-01-19,0.13,0.005,0.0,,rain
GHCND:US1NJHD0023,"JERSEY CITY 1.6 NNE, NJ US",40.73255,-74.05098,2025-01-20,0.8400000000000001,0.033,58.0,,snow
GHCND:US1NJHD0023,"JERSEY CITY 1.6 NNE, NJ US",40.73255,-74.05098,2025-01-21,0.0,0.0,0.0,,none
GHCND:US1NJHD0023,"JERSEY CITY 1.6 NNE, NJ US",40.73255,-74.05098,2025-01-22,0.0,0.0,0.0,,none
GHCND:US1NJHD0023,"JERSEY CITY 1.6 NNE, NJ US",40.73255,-74.05098,2025-01-23,0.0,0.0,0.0,,none
GHCND:US1NJHD0023,"JERSEY CITY 1.6 NNE, NJ US",40.73255,-74.05098,2025-01-24,0.0,0.0,0.0,,none
GHCND:US1NJHD0023,"JERSEY CITY 1.6 NNE, NJ US",40.73255,-74.05098,2025-01-25,0.0,0.0,0.0,,none
GHCND:US1NJHD0023,"JERSEY CITY 1.6 NNE, NJ US",40.73255,-74.05098,2025-01-30,0.0,0.0,0.0,,none
GHCND:US1NJHD0023,"JERSEY CITY 1.6 NNE, NJ US",40.73255,-74.05098,2025-01-31,0.03,0.001,0.0,,rain
GHCND:US1NJHD0023,"JERSEY CITY 1.6 NNE, NJ US",40.73255,-74.05098,2025-02-05,0.0,0.0,0.0,,none
GHCND:US1NJHD0023,"JERSEY CITY 1.6 NNE, NJ US",40.73255,-74.05098,2025-02-08,0.0,0.0,0.0,,none
GHCND:US1NJHD0023,"JERSEY CITY 1.6 NNE, NJ US",40.73255,-74.05098,2025-02-09,1.55,0.061,66.0,,snow
GHCND:US1NJHD0023,"JERSEY CITY 1.6 NNE, NJ US",40.73255,-74.05098,2025-02-10,0.0,0.0,0.0,,none
GHCND:US1NJHD0023,"JERSEY CITY 1.6 NNE, NJ US",40.73255,-74.05098,2025-02-11,0.0,0.0,0.0,,none
GHCND:US1NJHD0023,"JERSEY CITY 1.6 NNE, NJ US",40.73255,-74.05098,2025-02-12,0.43,0.017,38.0,,snow
GHCND:US1NJHD0023,"JERSEY CITY 1.6 NNE, NJ US",40.73255,-74.05098,2025-02-13,0.58,0.023,0.0,,rain
GHCND:US1NJHD0023,"JERSEY CITY 1.6 NNE, NJ US",40.73255,-74.05098,2025-02-16,1.8,0.071,13.0,,snow
GHCND:US1NJHD0023,"JERSEY CITY 1.6 NNE, NJ US",40.73255,-74.05098,2025-02-19,0.0,0.0,0.0,,none
GHCND:US1NJHD0023,"JERSEY CITY 1.6 NNE, NJ US",40.73255,-74.05098,2025-02-24,0.0,0.0,0.0,,none
GHCND:US1NJHD0023,"JERSEY CITY 1.6 NNE, NJ US",40.73255,-74.05098,2025-02-25,0.0,0.0,0.0,,none
GHCND:US1NJHD0023,"JERSEY CITY 1.6 NNE, NJ US",40.73255,-74.05098,2025-03-02,0.0,0.0,0.0,,none
GHCND:US1NJHD0023,"JERSEY CITY 1.6 NNE, NJ US",40.73255,-74.05098,2025-03-05,0.0,0.0,0.0,,none
GHCND:US1NJHD0023,"JERSEY CITY 1.6 NNE, NJ US",40.73255,-74.05098,2025-03-06,3.18,0.125,0.0,,rain
GHCND:US1NJHD0023,"JERSEY CITY 1.6 NNE, NJ US",40.73255,-74.05098,2025-03-08,0.0,0.0,0.0,,none
GHCND:US1NJHD0023,"JERSEY CITY 1.6 NNE, NJ US",40.73255,-74.05098,2025-03-09,0.0,0.0,0.0,,none
GHCND:US1NJHD0023,"JERSEY CITY 1.6 NNE, NJ US",40.73255,-74.05098,2025-03-11,0.0,0.0,0.0,,none
GHCND:US1NJHD0023,"JERSEY CITY 1.6 NNE, NJ US",40.73255,-74.05098,2025-03-14,0.0,0.0,0.0,,none
GHCND:US1NJHD0023,"JERSEY CITY 1.6 NNE, NJ US",40.73255,-74.05098,2025-03-16,0.0,0.0,0.0,,none
GHCND:US1NJHD0023,"JERSEY CITY 1.6 NNE, NJ US",40.73255,-74.05098,2025-03-18,0.0,0.0,0.0,,none
GHCND:US1NJHD0023,"JERSEY CITY 1.6 NNE, NJ US",40.73255,-74.05098,2025-03-19,0.0,0.0,0.0,,none
GHCND:US1NJHD0023,"JERSEY CITY 1.6 NNE, NJ US",40.73255,-74.05098,2025-03-21,2.9,0.114,0.0,,rain
GHCND:US1NJHD0023,"JERSEY CITY 1.6 NNE, NJ US",40.73255,-74.05098,2025-03-24,0.22999999999999998,0.009,0.0,,rain
GHCND:US1NJHD0023,"JERSEY CITY 1.6 NNE, NJ US",40.73255,-74.05098,2025-03-25,0.9400000000000001,0.037,0.0,,rain
GHCND:US1NJHD0023,"JERSEY CITY 1.6 NNE, NJ US",40.73255,-74.05098,2025-03-26,0.0,0.0,0.0,,none
GHCND:US1NJHD0023,"JERSEY CITY 1.6 NNE, NJ US",40.73255,-74.05098,2025-03-27,0.0,0.0,0.0,,none
GHCND:US1NJHD0023,"JERSEY CITY 1.6 NNE, NJ US",40.73255,-74.05098,2025-03-29,0.08,0.003,0.0,,rain
GHCND:US1NJHD0023,"JERSEY CITY 1.6 NNE, NJ US",40.73255,-74.05098,2025-03-30,0.0,0.0,0.0,,none
GHCND:US1NJHD0023,"JERSEY CITY 1.6 NNE, NJ US",40.73255,-74.05098,2025-03-31,0.15,0.006,0.0,,rain
GHCND:US1NJHD0023,"JERSEY CITY 1.6 NNE, NJ US",40.73255,-74.05098,2025-04-02,0.0,0.0,0.0,,none
GHCND:US1NJHD0023,"JERSEY CITY 1.6 NNE, NJ US",40.73255,-74.05098,2025-04-03,0.1,0.004,0.0,,rain
GHCND:US1NJHD0023,"JERSEY CITY 1.6 NNE, NJ US",40.73255,-74.05098,2025-04-04,0.3,0.012,0.0,,rain
GHCND:US1NJHD0023,"JERSEY CITY 1.6 NNE, NJ US",40.73255,-74.05098,2025-04-05,0.0,0.0,0.0,,none
GHCND:US1NJHD0023,"JERSEY CITY 1.6 NNE, NJ US",40.73255,-74.05098,2025-04-07,0.15,0.006,0.0,,rain
GHCND:US1NJHD0023,"JERSEY CITY 1.6 NNE, NJ US",40.73255,-74.05098,2025-04-09,0.0,0.0,0.0,,none
GHCND:US1NJHD0023,"JERSEY CITY 1.6 NNE, NJ US",40.73255,-74.05098,2025-04-16,0.0,0.0,0.0,,none
GHCND:US1NJHD0023,"JERSEY CITY 1.6 NNE, NJ US",40.73255,-74.05098,2025-04-17,0.0,0.0,0.0,,none
GHCND:US1NJHD0023,"JERSEY CITY 1.6 NNE, NJ US",40.73255,-74.05098,2025-04-18,0.0,0.0,0.0,,none
GHCND:US1NJHD0023,"JERSEY CITY 1.6 NNE, NJ US",40.73255,-74.05098,2025-04-19,0.0,0.0,0.0,,none
GHCND:US1NJHD0023,"JERSEY CITY 1.6 NNE, NJ US",40.73255,-74.05098,2025-04-21,0.0,0.0,0.0,,none
GHCND:US1NJHD0023,"JERSEY CITY 1.6 NNE, NJ US",40.73255,-74.05098,2025-04-22,0.0,0.0,0.0,,none
GHCND:US1NJHD0023,"JERSEY CITY 1.6 NNE, NJ US",40.73255,-74.05098,2025-04-23,0.0,0.0,0.0,,none
GHCND:US1NJHD0023,"JERSEY CITY 1.6 NNE, NJ US",40.73255,-74.05098,2025-04-25,0.0,0.0,0.0,,none
GHCND:US1NJHD0023,"JERSEY CITY 1.6 NNE, NJ US",40.73255,-74.05098,2025-04-28,0.0,0.0,0.0,,none
GHCND:US1NJHD0023,"JERSEY CITY 1.6 NNE, NJ US",40.73255,-74.05098,2025-04-29,0.0,0.0,0.0,,none
GHCND:US1NJHD0023,"JERSEY CITY 1.6 NNE, NJ US",40.73255,-74.05098,2025-04-30,0.0,0.0,0.0,,none
GHCND:US1NJHD0023,"JERSEY CITY 1.6 NNE, NJ US",40.73255,-74.05098,2025-05-03,0.0,0.0,0.0,,none
GHCND:US1NJHD0023,"JERSEY CITY 1.6 NNE, NJ US",40.73255,-74.05098,2025-05-04,1.22,0.048,0.0,,rain
GHCND:US1NJHD0023,"JERSEY CITY 1.6 NNE, NJ US",40.73255,-74.05098,2025-05-06,1.4,0.055,0.0,,rain
GHCND:US1NJHD0023,"JERSEY CITY 1.6 NNE, NJ US",40.73255,-74.05098,2025-05-07,0.53,0.021,0.0,,rain
GHCND:US1NJHD0023,"JERSEY CITY 1.6 NNE, NJ US",40.73255,-74.05098,2025-05-08,0.0,0.0,0.0,,none
GHCND:US1NJHD0023,"JERSEY CITY 1.6 NNE, NJ US",40.73255,-74.05098,2025-05-11,0.0,0.0,0.0,,none
GHCND:US1NJHD0023,"JERSEY CITY 1.6 NNE, NJ US",40.73255,-74.05098,2025-05-12,0.0,0.0,0.0,,none
GHCND:US1NJHD0023,"JERSEY CITY 1.6 NNE, NJ US",40.73255,-74.05098,2025-05-13,0.0,0.0,0.0,,none
GHCND:US1NJHD0023,"JERSEY CITY 1.6 NNE, NJ US",40.73255,-74.05098,2025-05-17,0.43,0.017,0.0,,rain
GHCND:US1NJHD0023,"JERSEY CITY 1.6 NNE, NJ US",40.73255,-74.05098,2025-05-20,0.0,0.0,0.0,,none
GHCND:US1NJHD0023,"JERSEY CITY 1.6 NNE, NJ US",40.73255,-74.05098,2025-05-21,0.0,0.0,0.0,,none
GHCND:US1NJHD0023,"JERSEY CITY 1.6 NNE, NJ US",40.73255,-74.05098,2025-05-30,0.03,0.001,0.0,,rain
GHCND:US1NJHD0023,"JERSEY CITY 1.6 NNE, NJ US",40.73255,-74.05098,2025-06-05,0.0,0.0,0.0,,none
GHCND:US1NJHD0023,"JERSEY CITY 1.6 NNE, NJ US",40.73255,-74.05098,2025-06-12,0.0,0.0,0.0,,none
GHCND:US1NJHD0023,"JERSEY CITY 1.6 NNE, NJ US",40.73255,-74.05098,2025-06-21,0.0,0.0,0.0,,none
GHCND:US1NJHD0023,"JERSEY CITY 1.6 NNE, NJ US",40.73255,-74.05098,2025-06-23,0.25,0.01,0.0,,rain
GHCND:US1NJHD0023,"JERSEY CITY 1.6 NNE, NJ US",40.73255,-74.05098,2025-06-24,0.0,0.0,0.0,,none
GHCND:US1NJHD0023,"JERSEY CITY 1.6 NNE, NJ US",40.73255,-74.05098,2025-06-25,0.0,0.0,0.0,,none
GHCND:US1NJHD0023,"JERSEY CITY 1.6 NNE, NJ US",40.73255,-74.05098,2025-07-16,0.0,0.0,0.0,,none
GHCND:US1NJHD0023,"JERSEY CITY 1.6 NNE, NJ US",40.73255,-74.05098,2025-07-24,0.0,0.0,0.0,,none
GHCND:US1NJHD0023,"JERSEY CITY 1.6 NNE, NJ US",40.73255,-74.05098,2025-07-25,0.0,0.0,0.0,,none
GHCND:US1NJHD0023,"JERSEY CITY 1.6 NNE, NJ US",40.73255,-74.05098,2025-07-26,0.74,0.029,0.0,,rain
GHCND:US1NJHD0023,"JERSEY CITY 1.6 NNE, NJ US",40.73255,-74.05098,2025-07-31,0.0,0.0,0.0,,none
GHCND:US1NJHD0023,"JERSEY CITY 1.6 NNE, NJ US",40.73255,-74.05098,2025-08-13,0.0,0.0,0.0,,none
GHCND:US1NJHD0023,"JERSEY CITY 1.6 NNE, NJ US",40.73255,-74.05098,2025-08-14,2.3899999999999997,0.094,0.0,,rain
GHCND:US1NJHD0023,"JERSEY CITY 1.6 NNE, NJ US",40.73255,-74.05098,2025-08-17,0.0,0.0,0.0,,none
GHCND:US1NJHD0023,"JERSEY CITY 1.6 NNE, NJ US",40.73255,-74.05098,2025-08-20,0.0,0.0,0.0,,none
GHCND:US1NJHD0023,"JERSEY CITY 1.6 NNE, NJ US",40.73255,-74.05098,2025-08-30,0.0,0.0,0.0,,none
GHCND:US1NJHD0023,"JERSEY CITY 1.6 NNE, NJ US",40.73255,-74.05098,2025-09-05,1.22,0.048,0.0,,rain
GHCND:US1NJHD0023,"JERSEY CITY 1.6 NNE, NJ US",40.73255,-74.05098,2025-09-18,0.18,0.007,0.0,,rain
GHCND:US1NJHD0023,"JERSEY CITY 1.6 NNE, NJ US",40.73255,-74.05098,2025-10-18,0.0,0.0,0.0,,none
GHCND:US1NJHD0023,"JERSEY CITY 1.6 NNE, NJ US",40.73255,-74.05098,2025-10-24,0.0,0.0,0.0,,none
GHCND:US1NJHD0023,"JERSEY CITY 1.6 NNE, NJ US",40.73255,-74.05098,2025-10-26,0.0,0.0,0.0,,none
GHCND:US1NJHD0023,"JERSEY CITY 1.6 NNE, NJ US",40.73255,-74.05098,2025-11-02,0.0,0.0,0.0,,none
GHCND:US1NJHD0023,"JERSEY CITY 1.6 NNE, NJ US",40.73255,-74.05098,2025-11-03,0.0,0.0,0.0,,none
GHCND:US1NJHD0023,"JERSEY CITY 1.6 NNE, NJ US",40.73255,-74.05098,2025-11-08,0.36,0.014,0.0,,rain
GHCND:US1NJHD0023,"JERSEY CITY 1.6 NNE, NJ US",40.73255,-74.05098,2025-11-12,0.0,0.0,0.0,,none
GHCND:US1NJHD0023,"JERSEY CITY 1.6 NNE, NJ US",40.73255,-74.05098,2025-11-26,1.5699999999999998,0.062,0.0,,rain
GHCND:US1NJHD0023,"JERSEY CITY 1.6 NNE, NJ US",40.73255,-74.05098,2025-12-02,0.0,0.0,0.0,,none
GHCND:US1NJHD0023,"JERSEY CITY 1.6 NNE, NJ US",40.73255,-74.05098,2025-12-03,2.08,0.082,0.0,,rain
GHCND:US1NJHD0023,"JERSEY CITY 1.6 NNE, NJ US",40.73255,-74.05098,2025-12-09,0.0,0.0,0.0,,none
GHCND:US1NJHD0023,"JERSEY CITY 1.6 NNE, NJ US",40.73255,-74.05098,2025-12-10,0.0,0.0,0.0,,none
GHCND:US1NJHD0023,"JERSEY CITY 1.6 NNE, NJ US",40.73255,-74.05098,2025-12-13,0.0,0.0,0.0,,none
GHCND:US1NJHD0023,"JERSEY CITY 1.6 NNE, NJ US",40.73255,-74.05098,2025-12-14,1.52,0.06,127.0,,snow
GHCND:US1NJHD0023,"JERSEY CITY 1.6 NNE, NJ US",40.73255,-74.05098,2025-12-15,0.0,0.0,0.0,,none
GHCND:US1NJHD0023,"JERSEY CITY 1.6 NNE, NJ US",40.73255,-74.05098,2025-12-16,0.0,0.0,0.0,,none
GHCND:US1NJHD0023,"JERSEY CITY 1.6 NNE, NJ US",40.73255,-74.05098,2025-12-17,0.0,0.0,0.0,,none
GHCND:US1NJHD0023,"JERSEY CITY 1.6 NNE, NJ US",40.73255,-74.05098,2025-12-18,0.0,0.0,0.0,,none
GHCND:US1NJHD0023,"JERSEY CITY 1.6 NNE, NJ US",40.73255,-74.05098,2025-12-26,0.0,0.0,0.0,,none
GHCND:US1NJHD0023,"JERSEY CITY 1.6 NNE, NJ US",40.73255,-74.05098,2025-12-27,1.09,0.043,89.0,,snow
GHCND:US1NJHD0023,"JERSEY CITY 1.6 NNE, NJ US",40.73255,-74.05098,2025-12-28,0.0,0.0,0.0,,none
GHCND:US1NJHD0023,"JERSEY CITY 1.6 NNE, NJ US",40.73255,-74.05098,2025-12-29,0.1,0.004,0.0,,rain
GHCND:US1NJHD0023,"JERSEY CITY 1.6 NNE, NJ US",40.73255,-74.05098,2025-12-30,0.2,0.008,0.0,,rain
GHCND:US1NJHD0023,"JERSEY CITY 1.6 NNE, NJ US",40.73255,-74.05098,2025-12-31,0.0,0.0,0.0,,none
GHCND:US1NJPS0012,"LITTLE FALLS TWP 0.5 WNW, NJ US",40.879633,-74.227041,2025-01-12,0.0,0.0,0.0,,none
GHCND:US1NJPS0012,"LITTLE FALLS TWP 0.5 WNW, NJ US",40.879633,-74.227041,2025-01-14,0.0,0.0,0.0,,none
GHCND:US1NJPS0012,"LITTLE FALLS TWP 0.5 WNW, NJ US",40.879633,-74.227041,2025-01-15,0.0,0.0,0.0,,none
GHCND:US1NJPS0012,"LITTLE FALLS TWP 0.5 WNW, NJ US",40.879633,-74.227041,2025-01-16,0.0,0.0,0.0,,none
GHCND:US1NJPS0012,"LITTLE FALLS TWP 0.5 WNW, NJ US",40.879633,-74.227041,2025-01-18,0.0,0.0,0.0,,none
GHCND:US1NJPS0012,"LITTLE FALLS TWP 0.5 WNW, NJ US",40.879633,-74.227041,2025-01-19,0.13,0.005,0.0,,rain
GHCND:US1NJPS0012,"LITTLE FALLS TWP 0.5 WNW, NJ US",40.879633,-74.227041,2025-01-20,1.17,0.046,142.0,,snow
GHCND:US1NJPS0012,"LITTLE FALLS TWP 0.5 WNW, NJ US",40.879633,-74.227041,2025-01-21,0.0,0.0,0.0,,none
GHCND:US1NJPS0012,"LITTLE FALLS TWP 0.5 WNW, NJ US",40.879633,-74.227041,2025-01-22,0.0,0.0,0.0,,none
GHCND:US1NJPS0012,"LITTLE FALLS TWP 0.5 WNW, NJ US",40.879633,-74.227041,2025-01-23,0.0,0.0,0.0,,none
GHCND:US1NJPS0012,"LITTLE FALLS TWP 0.5 WNW, NJ US",40.879633,-74.227041,2025-01-24,0.0,0.0,0.0,,none
GHCND:US1NJPS0012,"LITTLE FALLS TWP 0.5 WNW, NJ US",40.879633,-74.227041,2025-01-25,0.0,0.0,0.0,,none
GHCND:US1NJPS0012,"LITTLE FALLS TWP 0.5 WNW, NJ US",40.879633,-74.227041,2025-01-30,0.0,0.0,0.0,,none
GHCND:US1NJPS0012,"LITTLE FALLS TWP 0.5 WNW, NJ US",40.879633,-74.227041,2025-01-31,0.15,0.006,0.0,,rain
GHCND:US1NJPS0012,"LITTLE FALLS TWP 0.5 WNW, NJ US",40.879633,-74.227041,2025-02-05,0.0,0.0,0.0,,none
GHCND:US1NJPS0012,"LITTLE FALLS TWP 0.5 WNW, NJ US",40.879633,-74.227041,2025-02-08,0.0,0.0,0.0,,none
GHCND:US1NJPS0012,"LITTLE FALLS TWP 0.5 WNW, NJ US",40.879633,-74.227041,2025-02-09,1.6800000000000002,0.066,79.0,,snow
GHCND:US1NJPS0012,"LITTLE FALLS TWP 0.5 WNW, NJ US",40.879633,-74.227041,2025-02-10,0.0,0.0,0.0,,none
GHCND:US1NJPS0012,"LITTLE FALLS TWP 0.5 WNW, NJ US",40.879633,-74.227041,2025-02-11,0.0,0.0,0.0,,none
GHCND:US1NJPS0012,"LITTLE FALLS TWP 0.5 WNW, NJ US",40.879633,-74.227041,2025-02-12,0.36,0.014,30.0,,snow
GHCND:US1NJPS0012,"LITTLE FALLS TWP 0.5 WNW, NJ US",40.879633,-74.227041,2025-02-13,0.5599999999999999,0.022,5.0,,snow
GHCND:US1NJPS0012,"LITTLE FALLS TWP 0.5 WNW, NJ US",40.879633,-74.227041,2025-02-16,1.85,0.073,18.0,,snow
GHCND:US1NJPS0012,"LITTLE FALLS TWP 0.5 WNW, NJ US",40.879633,-74.227041,2025-02-19,0.0,0.0,0.0,,none
GHCND:US1NJPS0012,"LITTLE FALLS TWP 0.5 WNW, NJ US",40.879633,-74.227041,2025-02-24,0.0,0.0,0.0,,none
GHCND:US1NJPS0012,"LITTLE FALLS TWP 0.5 WNW, NJ US",40.879633,-74.227041,2025-02-25,0.0,0.0,0.0,,none
GHCND:US1NJPS0012,"LITTLE FALLS TWP 0.5 WNW, NJ US",40.879633,-74.227041,2025-03-02,0.0,0.0,0.0,,none
GHCND:US1NJPS0012,"LITTLE FALLS TWP 0.5 WNW, NJ US",40.879633,-74.227041,2025-03-05,0.0,0.0,0.0,,none
GHCND:US1NJPS0012,"LITTLE FALLS TWP 0.5 WNW, NJ US",40.879633,-74.227041,2025-03-06,4.24,0.167,0.0,,rain
GHCND:US1NJPS0012,"LITTLE FALLS TWP 0.5 WNW, NJ US",40.879633,-74.227041,2025-03-08,0.0,0.0,0.0,,none
GHCND:US1NJPS0012,"LITTLE FALLS TWP 0.5 WNW, NJ US",40.879633,-74.227041,2025-03-09,0.0,0.0,0.0,,none
GHCND:US1NJPS0012,"LITTLE FALLS TWP 0.5 WNW, NJ US",40.879633,-74.227041,2025-03-11,0.0,0.0,0.0,,none
GHCND:US1NJPS0012,"LITTLE FALLS TWP 0.5 WNW, NJ US",40.879633,-74.227041,2025-03-14,0.0,0.0,0.0,,none
GHCND:US1NJPS0012,"LITTLE FALLS TWP 0.5 WNW, NJ US",40.879633,-74.227041,2025-03-16,0.0,0.0,0.0,,none
GHCND:US1NJPS0012,"LITTLE FALLS TWP 0.5 WNW, NJ US",40.879633,-74.227041,2025-03-18,0.0,0.0,0.0,,none
GHCND:US1NJPS0012,"LITTLE FALLS TWP 0.5 WNW, NJ US",40.879633,-74.227041,2025-03-19,0.0,0.0,0.0,,none
GHCND:US1NJPS0012,"LITTLE FALLS TWP 0.5 WNW, NJ US",40.879633,-74.227041,2025-03-21,2.5100000000000002,0.099,0.0,,rain
GHCND:US1NJPS0012,"LITTLE FALLS TWP 0.5 WNW, NJ US",40.879633,-74.227041,2025-03-24,0.13,0.005,0.0,,rain
GHCND:US1NJPS0012,"LITTLE FALLS TWP 0.5 WNW, NJ US",40.879633,-74.227041,2025-03-25,0.51,0.02,0.0,,rain
GHCND:US1NJPS0012,"LITTLE FALLS TWP 0.5 WNW, NJ US",40.879633,-74.227041,2025-03-26,0.0,0.0,0.0,,none
GHCND:US1NJPS0012,"LITTLE FALLS TWP 0.5 WNW, NJ US",40.879633,-74.227041,2025-03-27,0.0,0.0,0.0,,none
GHCND:US1NJPS0012,"LITTLE FALLS TWP 0.5 WNW, NJ US",40.879633,-74.227041,2025-03-29,0.1,0.004,0.0,,rain
GHCND:US1NJPS0012,"LITTLE FALLS TWP 0.5 WNW, NJ US",40.879633,-74.227041,2025-03-30,0.03,0.001,0.0,,rain
GHCND:US1NJPS0012,"LITTLE FALLS TWP 0.5 WNW, NJ US",40.879633,-74.227041,2025-03-31,0.13,0.005,0.0,,rain
GHCND:US1NJPS0012,"LITTLE FALLS TWP 0.5 WNW, NJ US",40.879633,-74.227041,2025-04-02,0.0,0.0,0.0,,none
GHCND:US1NJPS0012,"LITTLE FALLS TWP 0.5 WNW, NJ US",40.879633,-74.227041,2025-04-03,0.25,0.01,0.0,,rain
GHCND:US1NJPS0012,"LITTLE FALLS TWP 0.5 WNW, NJ US",40.879633,-74.227041,2025-04-04,0.18,0.007,0.0,,rain
GHCND:US1NJPS0012,"LITTLE FALLS TWP 0.5 WNW, NJ US",40.879633,-74.227041,2025-04-05,0.0,0.0,0.0,,none
GHCND:US1NJPS0012,"LITTLE FALLS TWP 0.5 WNW, NJ US",40.879633,-74.227041,2025-04-07,0.27999999999999997,0.011,0.0,,rain
GHCND:US1NJPS0012,"LITTLE FALLS TWP 0.5 WNW, NJ US",40.879633,-74.227041,2025-04-09,0.0,0.0,0.0,,none
GHCND:US1NJPS0012,"LITTLE FALLS TWP 0.5 WNW, NJ US",40.879633,-74.227041,2025-04-13,0.32999999999999996,0.013,0.0,,rain
GHCND:US1NJPS0012,"LITTLE FALLS TWP 0.5 WNW, NJ US",40.879633,-74.227041,2025-04-16,0.0,0.0,0.0,,none
GHCND:US1NJPS0012,"LITTLE FALLS TWP 0.5 WNW, NJ US",40.879633,-74.227041,2025-04-17,0.0,0.0,0.0,,none
GHCND:US1NJPS0012,"LITTLE FALLS TWP 0.5 WNW, NJ US",40.879633,-74.227041,2025-04-18,0.0,0.0,0.0,,none
GHCND:US1NJPS0012,"LITTLE FALLS TWP 0.5 WNW, NJ US",40.879633,-74.227041,2025-04-19,0.0,0.0,0.0,,none
GHCND:US1NJPS0012,"LITTLE FALLS TWP 0.5 WNW, NJ US",40.879633,-74.227041,2025-04-21,0.0,0.0,0.0,,none
GHCND:US1NJPS0012,"LITTLE FALLS TWP 0.5 WNW, NJ US",40.879633,-74.227041,2025-04-22,0.0,0.0,0.0,,none
GHCND:US1NJPS0012,"LITTLE FALLS TWP 0.5 WNW, NJ US",40.879633,-74.227041,2025-04-23,0.0,0.0,0.0,,none
GHCND:US1NJPS0012,"LITTLE FALLS TWP 0.5 WNW, NJ US",40.879633,-74.227041,2025-04-25,0.0,0.0,0.0,,none
GHCND:US1NJPS0012,"LITTLE FALLS TWP 0.5 WNW, NJ US",40.879633,-74.227041,2025-04-26,0.45999999999999996,0.018,0.0,,rain
GHCND:US1NJPS0012,"LITTLE FALLS TWP 0.5 WNW, NJ US",40.879633,-74.227041,2025-04-27,1.09,0.043,0.0,,rain
GHCND:US1NJPS0012,"LITTLE FALLS TWP 0.5 WNW, NJ US",40.879633,-74.227041,2025-04-28,0.0,0.0,0.0,,none
GHCND:US1NJPS0012,"LITTLE FALLS TWP 0.5 WNW, NJ US",40.879633,-74.227041,2025-04-29,0.0,0.0,0.0,,none
GHCND:US1NJPS0012,"LITTLE FALLS TWP 0.5 WNW, NJ US",40.879633,-74.227041,2025-04-30,0.0,0.0,0.0,,none
GHCND:US1NJPS0012,"LITTLE FALLS TWP 0.5 WNW, NJ US",40.879633,-74.227041,2025-05-03,0.0,0.0,0.0,,none
GHCND:US1NJPS0012,"LITTLE FALLS TWP 0.5 WNW, NJ US",40.879633,-74.227041,2025-05-04,0.3,0.012,0.0,,rain
GHCND:US1NJPS0012,"LITTLE FALLS TWP 0.5 WNW, NJ US",40.879633,-74.227041,2025-05-06,1.45,0.057,0.0,,rain
GHCND:US1NJPS0012,"LITTLE FALLS TWP 0.5 WNW, NJ US",40.879633,-74.227041,2025-05-07,0.38,0.015,0.0,,rain
GHCND:US1NJPS0012,"LITTLE FALLS TWP 0.5 WNW, NJ US",40.879633,-74.227041,2025-05-08,0.0,0.0,0.0,,none
GHCND:US1NJPS0012,"LITTLE FALLS TWP 0.5 WNW, NJ US",40.879633,-74.227041,2025-05-10,1.75,0.069,0.0,,rain
GHCND:US1NJPS0012,"LITTLE FALLS TWP 0.5 WNW, NJ US",40.879633,-74.227041,2025-05-11,0.0,0.0,0.0,,none
GHCND:US1NJPS0012,"LITTLE FALLS TWP 0.5 WNW, NJ US",40.879633,-74.227041,2025-05-12,0.0,0.0,0.0,,none
GHCND:US1NJPS0012,"LITTLE FALLS TWP 0.5 WNW, NJ US",40.879633,-74.227041,2025-05-13,0.0,0.0,0.0,,none
GHCND:US1NJPS0012,"LITTLE FALLS TWP 0.5 WNW, NJ US",40.879633,-74.227041,2025-05-17,0.53,0.021,0.0,,rain
GHCND:US1NJPS0012,"LITTLE FALLS TWP 0.5 WNW, NJ US",40.879633,-74.227041,2025-05-20,0.0,0.0,0.0,,none
GHCND:US1NJPS0012,"LITTLE FALLS TWP 0.5 WNW, NJ US",40.879633,-74.227041,2025-05-21,0.0,0.0,0.0,,none
GHCND:US1NJPS0012,"LITTLE FALLS TWP 0.5 WNW, NJ US",40.879633,-74.227041,2025-05-30,0.05,0.002,0.0,,rain
GHCND:US1NJPS0012,"LITTLE FALLS TWP 0.5 WNW, NJ US",40.879633,-74.227041,2025-06-05,0.0,0.0,0.0,,none
GHCND:US1NJPS0012,"LITTLE FALLS TWP 0.5 WNW, NJ US",40.879633,-74.227041,2025-06-07,0.05,0.002,0.0,,rain
GHCND:US1NJPS0012,"LITTLE FALLS TWP 0.5 WNW, NJ US",40.879633,-74.227041,2025-06-09,0.13,0.005,0.0,,rain
GHCND:US1NJPS0012,"LITTLE FALLS TWP 0.5 WNW, NJ US",40.879633,-74.227041,2025-06-10,0.61,0.024,0.0,,rain
GHCND:US1NJPS0012,"LITTLE FALLS TWP 0.5 WNW, NJ US",40.879633,-74.227041,2025-06-11,3.38,0.133,0.0,,rain
GHCND:US1NJPS0012,"LITTLE FALLS TWP 0.5 WNW, NJ US",40.879633,-74.227041,2025-06-12,0.0,0.0,0.0,,none
GHCND:US1NJPS0012,"LITTLE FALLS TWP 0.5 WNW, NJ US",40.879633,-74.227041,2025-06-21,0.0,0.0,0.0,,none
GHCND:US1NJPS0012,"LITTLE FALLS TWP 0.5 WNW, NJ US",40.879633,-74.227041,2025-06-23,0.15,0.006,0.0,,rain
GHCND:US1NJPS0012,"LITTLE FALLS TWP 0.5 WNW, NJ US",40.879633,-74.227041,2025-06-24,0.0,0.0,0.0,,none
GHCND:US1NJPS0012,"LITTLE FALLS TWP 0.5 WNW, NJ US",40.879633,-74.227041,2025-06-25,0.0,0.0,0.0,,none
GHCND:US1NJPS0012,"LITTLE FALLS TWP 0.5 WNW, NJ US",40.879633,-74.227041,2025-07-16,0.0,0.0,0.0,,none
GHCND:US1NJPS0012,"LITTLE FALLS TWP 0.5 WNW, NJ US",40.879633,-74.227041,2025-07-24,0.0,0.0,0.0,,none
GHCND:US1NJPS0012,"LITTLE FALLS TWP 0.5 WNW, NJ US",40.879633,-74.227041,2025-07-25,0.0,0.0,0.0,,none
GHCND:US1NJPS0012,"LITTLE FALLS TWP 0.5 WNW, NJ US",40.879633,-74.227041,2025-07-26,0.53,0.021,0.0,,rain
GHCND:US1NJPS0012,"LITTLE FALLS TWP 0.5 WNW, NJ US",40.879633,-74.227041,2025-07-31,0.0,0.0,0.0,,none
GHCND:US1NJPS0012,"LITTLE FALLS TWP 0.5 WNW, NJ US",40.879633,-74.227041,2025-08-13,0.0,0.0,0.0,,none
GHCND:US1NJPS0012,"LITTLE FALLS TWP 0.5 WNW, NJ US",40.879633,-74.227041,2025-08-14,0.48,0.019,0.0,,rain
GHCND:US1NJPS0012,"LITTLE FALLS TWP 0.5 WNW, NJ US",40.879633,-74.227041,2025-08-17,0.0,0.0,0.0,,none
GHCND:US1NJPS0012,"LITTLE FALLS TWP 0.5 WNW, NJ US",40.879633,-74.227041,2025-08-20,0.0,0.0,0.0,,none
GHCND:US1NJPS0012,"LITTLE FALLS TWP 0.5 WNW, NJ US",40.879633,-74.227041,2025-08-30,0.0,0.0,0.0,,none
GHCND:US1NJPS0012,"LITTLE FALLS TWP 0.5 WNW, NJ US",40.879633,-74.227041,2025-09-05,2.0100000000000002,0.079,0.0,,rain
GHCND:US1NJPS0012,"LITTLE FALLS TWP 0.5 WNW, NJ US",40.879633,-74.227041,2025-09-18,0.03,0.001,0.0,,rain
GHCND:US1NJPS0012,"LITTLE FALLS TWP 0.5 WNW, NJ US",40.879633,-74.227041,2025-10-08,0.9099999999999999,0.036,0.0,,rain
GHCND:US1NJPS0012,"LITTLE FALLS TWP 0.5 WNW, NJ US",40.879633,-74.227041,2025-10-18,0.0,0.0,0.0,,none
GHCND:US1NJPS0012,"LITTLE FALLS TWP 0.5 WNW, NJ US",40.879633,-74.227041,2025-10-24,0.0,0.0,0.0,,none
GHCND:US1NJPS0012,"LITTLE FALLS TWP 0.5 WNW, NJ US",40.879633,-74.227041,2025-10-26,0.0,0.0,0.0,,none
GHCND:US1NJPS0012,"LITTLE FALLS TWP 0.5 WNW, NJ US",40.879633,-74.227041,2025-10-30,0.61,0.024,0.0,,rain
GHCND:US1NJPS0012,"LITTLE FALLS TWP 0.5 WNW, NJ US",40.879633,-74.227041,2025-11-02,0.0,0.0,0.0,,none
GHCND:US1NJPS0012,"LITTLE FALLS TWP 0.5 WNW, NJ US",40.879633,-74.227041,2025-11-03,0.0,0.0,0.0,,none
GHCND:US1NJPS0012,"LITTLE FALLS TWP 0.5 WNW, NJ US",40.879633,-74.227041,2025-11-08,0.38,0.015,0.0,,rain
GHCND:US1NJPS0012,"LITTLE FALLS TWP 0.5 WNW, NJ US",40.879633,-74.227041,2025-11-09,0.0,0.0,0.0,,none
GHCND:US1NJPS0012,"LITTLE FALLS TWP 0.5 WNW, NJ US",40.879633,-74.227041,2025-11-10,0.79,0.031,0.0,,rain
GHCND:US1NJPS0012,"LITTLE FALLS TWP 0.5 WNW, NJ US",40.879633,-74.227041,2025-11-12,0.0,0.0,0.0,,none
GHCND:US1NJPS0012,"LITTLE FALLS TWP 0.5 WNW, NJ US",40.879633,-74.227041,2025-11-20,0.1,0.004,0.0,,rain
GHCND:US1NJPS0012,"LITTLE FALLS TWP 0.5 WNW, NJ US",40.879633,-74.227041,2025-11-26,1.6,0.063,0.0,,rain
GHCND:US1NJPS0012,"LITTLE FALLS TWP 0.5 WNW, NJ US",40.879633,-74.227041,2025-12-02,0.0,0.0,0.0,,none
GHCND:US1NJPS0012,"LITTLE FALLS TWP 0.5 WNW, NJ US",40.879633,-74.227041,2025-12-03,1.85,0.073,0.0,,rain
GHCND:US1NJPS0012,"LITTLE FALLS TWP 0.5 WNW, NJ US",40.879633,-74.227041,2025-12-09,0.0,0.0,0.0,,none
GHCND:US1NJPS0012,"LITTLE FALLS TWP 0.5 WNW, NJ US",40.879633,-74.227041,2025-12-10,0.0,0.0,0.0,,none
GHCND:US1NJPS0012,"LITTLE FALLS TWP 0.5 WNW, NJ US",40.879633,-74.227041,2025-12-13,0.0,0.0,0.0,,none
GHCND:US1NJPS0012,"LITTLE FALLS TWP 0.5 WNW, NJ US",40.879633,-74.227041,2025-12-14,0.8400000000000001,0.033,104.0,,snow
GHCND:US1NJPS0012,"LITTLE FALLS TWP 0.5 WNW, NJ US",40.879633,-74.227041,2025-12-15,0.36,0.014,46.0,,snow
GHCND:US1NJPS0012,"LITTLE FALLS TWP 0.5 WNW, NJ US",40.879633,-74.227041,2025-12-16,0.0,0.0,0.0,,none
GHCND:US1NJPS0012,"LITTLE FALLS TWP 0.5 WNW, NJ US",40.879633,-74.227041,2025-12-17,0.0,0.0,0.0,,none
GHCND:US1NJPS0012,"LITTLE FALLS TWP 0.5 WNW, NJ US",40.879633,-74.227041,2025-12-18,0.0,0.0,0.0,,none
GHCND:US1NJPS0012,"LITTLE FALLS TWP 0.5 WNW, NJ US",40.879633,-74.227041,2025-12-19,1.24,0.049,0.0,,rain
GHCND:US1NJPS0012,"LITTLE FALLS TWP 0.5 WNW, NJ US",40.879633,-74.227041,2025-12-26,0.0,0.0,0.0,,none
GHCND:US1NJPS0012,"LITTLE FALLS TWP 0.5 WNW, NJ US",40.879633,-74.227041,2025-12-27,1.3,0.051,91.0,,snow
GHCND:US1NJPS0012,"LITTLE FALLS TWP 0.5 WNW, NJ US",40.879633,-74.227041,2025-12-28,0.05,0.002,5.0,,snow
GHCND:US1NJPS0012,"LITTLE FALLS TWP 0.5 WNW, NJ US",40.879633,-74.227041,2025-12-29,0.1,0.004,0.0,,rain
GHCND:US1NJPS0012,"LITTLE FALLS TWP 0.5 WNW, NJ US",40.879633,-74.227041,2025-12-30,0.2,0.008,0.0,,rain
GHCND:US1NJPS0012,"LITTLE FALLS TWP 0.5 WNW, NJ US",40.879633,-74.227041,2025-12-31,0.0,0.0,0.0,,none
GHCND:US1NYKN0059,"BROOKLYN 2.4 WSW, NY US",40.65968,-73.982799,2025-01-19,0.2,0.008,,,rain
GHCND:US1NYKN0059,"BROOKLYN 2.4 WSW, NY US",40.65968,-73.982799,2025-02-16,2.1100000000000003,0.083,,,rain
GHCND:US1NYKN0059,"BROOKLYN 2.4 WSW, NY US",40.65968,-73.982799,2025-03-05,0.0,0.0,0.0,,none
GHCND:US1NYKN0059,"BROOKLYN 2.4 WSW, NY US",40.65968,-73.982799,2025-03-06,2.7199999999999998,0.107,,,rain
GHCND:US1NYKN0059,"BROOKLYN 2.4 WSW, NY US",40.65968,-73.982799,2025-03-16,0.0,0.0,,,none
GHCND:US1NYKN0059,"BROOKLYN 2.4 WSW, NY US",40.65968,-73.982799,2025-03-18,0.0,0.0,0.0,,none
GHCND:US1NYKN0059,"BROOKLYN 2.4 WSW, NY US",40.65968,-73.982799,2025-03-19,0.0,0.0,0.0,,none
GHCND:US1NYKN0059,"BROOKLYN 2.4 WSW, NY US",40.65968,-73.982799,2025-03-21,2.57,0.101,,,rain
GHCND:US1NYKN0059,"BROOKLYN 2.4 WSW, NY US",40.65968,-73.982799,2025-03-24,0.43,0.017,,,rain
GHCND:US1NYKN0059,"BROOKLYN 2.4 WSW, NY US",40.65968,-73.982799,2025-03-25,1.6,0.063,,,rain
GHCND:US1NYKN0059,"BROOKLYN 2.4 WSW, NY US",40.65968,-73.982799,2025-03-26,0.0,0.0,,,none
GHCND:US1NYKN0059,"BROOKLYN 2.4 WSW, NY US",40.65968,-73.982799,2025-03-27,0.0,0.0,0.0,,none
GHCND:US1NYKN0059,"BROOKLYN 2.4 WSW, NY US",40.65968,-73.982799,2025-03-29,0.05,0.002,,,rain
GHCND:US1NYKN0059,"BROOKLYN 2.4 WSW, NY US",40.65968,-73.982799,2025-04-26,0.18,0.007,,,rain
GHCND:US1NYKN0059,"BROOKLYN 2.4 WSW, NY US",40.65968,-73.982799,2025-05-06,1.4,0.055,,,rain
GHCND:US1NYKN0059,"BROOKLYN 2.4 WSW, NY US",40.65968,-73.982799,2025-05-07,0.32999999999999996,0.013,,,rain
GHCND:US1NYKN0059,"BROOKLYN 2.4 WSW, NY US",40.65968,-73.982799,2025-05-08,0.0,0.0,0.0,,none
GHCND:US1NYKN0059,"BROOKLYN 2.4 WSW, NY US",40.65968,-73.982799,2025-05-10,1.7,0.067,,,rain
GHCND:US1NYKN0059,"BROOKLYN 2.4 WSW, NY US",40.65968,-73.982799,2025-05-12,0.0,0.0,0.0,,none
GHCND:US1NYKN0059,"BROOKLYN 2.4 WSW, NY US",40.65968,-73.982799,2025-05-13,0.0,0.0,0.0,,none
GHCND:US1NYKN0059,"BROOKLYN 2.4 WSW, NY US",40.65968,-73.982799,2025-05-17,0.48,0.019,,,rain
GHCND:US1NYKN0059,"BROOKLYN 2.4 WSW, NY US",40.65968,-73.982799,2025-05-20,0.0,0.0,0.0,,none
GHCND:US1NYKN0059,"BROOKLYN 2.4 WSW, NY US",40.65968,-73.982799,2025-05-21,0.0,0.0,0.0,,none
GHCND:US1NYKN0059,"BROOKLYN 2.4 WSW, NY US",40.65968,-73.982799,2025-05-30,0.0,0.0,,,none
GHCND:US1NYKN0059,"BROOKLYN 2.4 WSW, NY US",40.65968,-73.982799,2025-06-07,0.0,0.0,0.0,,none
GHCND:US1NYKN0059,"BROOKLYN 2.4 WSW, NY US",40.65968,-73.982799,2025-06-09,0.03,0.001,,,rain
GHCND:US1NYKN0059,"BROOKLYN 2.4 WSW, NY US",40.65968,-73.982799,2025-06-10,0.15,0.006,,,rain
GHCND:US1NYKN0059,"BROOKLYN 2.4 WSW, NY US",40.65968,-73.982799,2025-06-11,0.5599999999999999,0.022,,,rain
GHCND:US1NYKN0059,"BROOKLYN 2.4 WSW, NY US",40.65968,-73.982799,2025-06-12,0.0,0.0,0.0,,none
GHCND:US1NYKN0059,"BROOKLYN 2.4 WSW, NY US",40.65968,-73.982799,2025-06-21,0.0,0.0,0.0,,none
GHCND:US1NYKN0059,"BROOKLYN 2.4 WSW, NY US",40.65968,-73.982799,2025-06-24,0.0,0.0,0.0,,none
GHCND:US1NYKN0059,"BROOKLYN 2.4 WSW, NY US",40.65968,-73.982799,2025-07-16,0.0,0.0,0.0,,none
GHCND:US1NYKN0059,"BROOKLYN 2.4 WSW, NY US",40.65968,-73.982799,2025-07-25,0.0,0.0,0.0,,none
GHCND:US1NYKN0059,"BROOKLYN 2.4 WSW, NY US",40.65968,-73.982799,2025-07-26,0.15,0.006,,,rain
GHCND:US1NYKN0059,"BROOKLYN 2.4 WSW, NY US",40.65968,-73.982799,2025-07-31,0.08,0.003,,,rain
GHCND:US1NYKN0059,"BROOKLYN 2.4 WSW, NY US",40.65968,-73.982799,2025-08-13,0.0,0.0,0.0,,none
GHCND:US1NYKN0059,"BROOKLYN 2.4 WSW, NY US",40.65968,-73.982799,2025-08-14,1.3,0.051,,,rain
GHCND:US1NYKN0059,"BROOKLYN 2.4 WSW, NY US",40.65968,-73.982799,2025-08-20,0.0,0.0,0.0,,none
GHCND:US1NYKN0059,"BROOKLYN 2.4 WSW, NY US",40.65968,-73.982799,2025-08-30,0.0,0.0,0.0,,none
GHCND:US1NYKN0059,"BROOKLYN 2.4 WSW, NY US",40.65968,-73.982799,2025-09-05,1.35,0.053,,,rain
GHCND:US1NYKN0059,"BROOKLYN 2.4 WSW, NY US",40.65968,-73.982799,2025-10-30,0.6900000000000001,0.027,,,rain
GHCND:US1NYKN0059,"BROOKLYN 2.4 WSW, NY US",40.65968,-73.982799,2025-11-02,0.0,0.0,0.0,,none
GHCND:US1NYKN0059,"BROOKLYN 2.4 WSW, NY US",40.65968,-73.982799,2025-11-03,0.0,0.0,0.0,,none
GHCND:US1NYKN0059,"BROOKLYN 2.4 WSW, NY US",40.65968,-73.982799,2025-11-08,0.18,0.007,,,rain
GHCND:US1NYKN0059,"BROOKLYN 2.4 WSW, NY US",40.65968,-73.982799,2025-11-09,0.03,0.001,,,rain
GHCND:US1NYKN0059,"BROOKLYN 2.4 WSW, NY US",40.65968,-73.982799,2025-11-10,1.22,0.048,,,rain
GHCND:US1NYKN0059,"BROOKLYN 2.4 WSW, NY US",40.65968,-73.982799,2025-11-12,0.0,0.0,0.0,,none
GHCND:US1NYKN0059,"BROOKLYN 2.4 WSW, NY US",40.65968,-73.982799,2025-11-20,0.03,0.001,,,rain
GHCND:US1NYKN0059,"BROOKLYN 2.4 WSW, NY US",40.65968,-73.982799,2025-11-26,1.4,0.055,,,rain
GHCND:US1NYKN0059,"BROOKLYN 2.4 WSW, NY US",40.65968,-73.982799,2025-12-02,0.08,0.003,,,rain
GHCND:US1NYKN0059,"BROOKLYN 2.4 WSW, NY US",40.65968,-73.982799,2025-12-03,2.29,0.09,,,rain
GHCND:US1NYKN0059,"BROOKLYN 2.4 WSW, NY US",40.65968,-73.982799,2025-12-19,2.29,0.09,,,rain
GHCND:US1NYKN0059,"BROOKLYN 2.4 WSW, NY US",40.65968,-73.982799,2025-12-28,0.0,0.0,0.0,,none
GHCND:US1NYKN0059,"BROOKLYN 2.4 WSW, NY US",40.65968,-73.982799,2025-12-30,0.18,0.007,,,rain
GHCND:US1NYNS0027,"PORT WASHINGTON 0.8 N, NY US",40.839167,-73.68025,2025-01-19,0.25,0.01,,,rain
GHCND:US1NYNS0027,"PORT WASHINGTON 0.8 N, NY US",40.839167,-73.68025,2025-03-02,0.0,0.0,0.0,,none
GHCND:US1NYNS0027,"PORT WASHINGTON 0.8 N, NY US",40.839167,-73.68025,2025-03-05,0.0,0.0,0.0,,none
GHCND:US1NYNS0027,"PORT WASHINGTON 0.8 N, NY US",40.839167,-73.68025,2025-03-06,2.6399999999999997,0.104,,,rain
GHCND:US1NYNS0027,"PORT WASHINGTON 0.8 N, NY US",40.839167,-73.68025,2025-03-08,0.0,0.0,0.0,,none
GHCND:US1NYNS0027,"PORT WASHINGTON 0.8 N, NY US",40.839167,-73.68025,2025-03-09,0.0,0.0,0.0,,none
GHCND:US1NYNS0027,"PORT WASHINGTON 0.8 N, NY US",40.839167,-73.68025,2025-03-14,0.0,0.0,0.0,,none
GHCND:US1NYNS0027,"PORT WASHINGTON 0.8 N, NY US",40.839167,-73.68025,2025-03-16,0.05,0.002,0.0,,rain
GHCND:US1NYNS0027,"PORT WASHINGTON 0.8 N, NY US",40.839167,-73.68025,2025-03-18,0.15,0.006,,,rain
GHCND:US1NYNS0027,"PORT WASHINGTON 0.8 N, NY US",40.839167,-73.68025,2025-03-21,0.99,0.039,,,rain
GHCND:US1NYNS0027,"PORT WASHINGTON 0.8 N, NY US",40.839167,-73.68025,2025-03-24,0.1,0.004,,,rain
GHCND:US1NYNS0027,"PORT WASHINGTON 0.8 N, NY US",40.839167,-73.68025,2025-03-25,1.6800000000000002,0.066,,,rain
GHCND:US1NYNS0027,"PORT WASHINGTON 0.8 N, NY US",40.839167,-73.68025,2025-03-26,0.03,0.001,,,rain
GHCND:US1NYNS0027,"PORT WASHINGTON 0.8 N, NY US",40.839167,-73.68025,2025-03-27,0.03,0.001,,,rain
GHCND:US1NYNS0027,"PORT WASHINGTON 0.8 N, NY US",40.839167,-73.68025,2025-03-29,0.2,0.008,,,rain
GHCND:US1NYNS0027,"PORT WASHINGTON 0.8 N, NY US",40.839167,-73.68025,2025-03-30,0.05,0.002,,,rain
GHCND:US1NYNS0027,"PORT WASHINGTON 0.8 N, NY US",40.839167,-73.68025,2025-03-31,0.2,0.008,,,rain
GHCND:US1NYNS0027,"PORT WASHINGTON 0.8 N, NY US",40.839167,-73.68025,2025-04-02,0.0,0.0,0.0,,none
GHCND:US1NYNS0027,"PORT WASHINGTON 0.8 N, NY US",40.839167,-73.68025,2025-04-03,0.27999999999999997,0.011,,,rain
GHCND:US1NYNS0027,"PORT WASHINGTON 0.8 N, NY US",40.839167,-73.68025,2025-04-04,0.2,0.008,,,rain
GHCND:US1NYNS0027,"PORT WASHINGTON 0.8 N, NY US",40.839167,-73.68025,2025-04-05,0.05,0.002,,,rain
GHCND:US1NYNS0027,"PORT WASHINGTON 0.8 N, NY US",40.839167,-73.68025,2025-04-09,0.05,0.002,,,rain
GHCND:US1NYNS0027,"PORT WASHINGTON 0.8 N, NY US",40.839167,-73.68025,2025-04-13,0.15,0.006,,,rain
GHCND:US1NYNS0027,"PORT WASHINGTON 0.8 N, NY US",40.839167,-73.68025,2025-04-18,0.0,0.0,0.0,,none
GHCND:US1NYNS0027,"PORT WASHINGTON 0.8 N, NY US",40.839167,-73.68025,2025-04-19,0.0,0.0,0.0,,none
GHCND:US1NYNS0027,"PORT WASHINGTON 0.8 N, NY US",40.839167,-73.68025,2025-04-26,0.45999999999999996,0.018,,,rain
GHCND:US1NYNS0027,"PORT WASHINGTON 0.8 N, NY US",40.839167,-73.68025,2025-04-27,1.17,0.046,,,rain
GHCND:US1NYNS0027,"PORT WASHINGTON 0.8 N, NY US",40.839167,-73.68025,2025-04-28,0.0,0.0,0.0,,none
GHCND:US1NYNS0027,"PORT WASHINGTON 0.8 N, NY US",40.839167,-73.68025,2025-04-30,0.0,0.0,0.0,,none
GHCND:US1NYNS0027,"PORT WASHINGTON 0.8 N, NY US",40.839167,-73.68025,2025-05-03,0.0,0.0,0.0,,none
GHCND:US1NYNS0027,"PORT WASHINGTON 0.8 N, NY US",40.839167,-73.68025,2025-05-04,0.0,0.0,,,none
GHCND:US1NYNS0027,"PORT WASHINGTON 0.8 N, NY US",40.839167,-73.68025,2025-05-06,2.79,0.11,,,rain
GHCND:US1NYNS0027,"PORT WASHINGTON 0.8 N, NY US",40.839167,-73.68025,2025-05-07,0.08,0.003,,,rain
GHCND:US1NYNS0027,"PORT WASHINGTON 0.8 N, NY US",40.839167,-73.68025,2025-05-08,0.0,0.0,,,none
GHCND:US1NYNS0027,"PORT WASHINGTON 0.8 N, NY US",40.839167,-73.68025,2025-05-10,1.09,0.043,,,rain
GHCND:US1NYNS0027,"PORT WASHINGTON 0.8 N, NY US",40.839167,-73.68025,2025-05-11,0.0,0.0,0.0,,none
GHCND:US1NYNS0027,"PORT WASHINGTON 0.8 N, NY US",40.839167,-73.68025,2025-05-17,0.08,0.003,,,rain
GHCND:US1NYNS0027,"PORT WASHINGTON 0.8 N, NY US",40.839167,-73.68025,2025-06-07,0.0,0.0,0.0,,none
GHCND:US1NYNS0027,"PORT WASHINGTON 0.8 N, NY US",40.839167,-73.68025,2025-06-10,0.9400000000000001,0.037,,,rain
GHCND:US1NYNS0027,"PORT WASHINGTON 0.8 N, NY US",40.839167,-73.68025,2025-06-11,0.58,0.023,,,rain
GHCND:US1NYNS0027,"PORT WASHINGTON 0.8 N, NY US",40.839167,-73.68025,2025-06-21,0.0,0.0,0.0,,none
GHCND:US1NYNS0027,"PORT WASHINGTON 0.8 N, NY US",40.839167,-73.68025,2025-07-31,1.85,0.073,,,rain
GHCND:US1NYNS0027,"PORT WASHINGTON 0.8 N, NY US",40.839167,-73.68025,2025-08-14,2.5100000000000002,0.099,,,rain
GHCND:US1NYNS0027,"PORT WASHINGTON 0.8 N, NY US",40.839167,-73.68025,2025-08-17,0.05,0.002,,,rain
GHCND:US1NYNS0027,"PORT WASHINGTON 0.8 N, NY US",40.839167,-73.68025,2025-09-05,1.24,0.049,,,rain
GHCND:US1NYNS0027,"PORT WASHINGTON 0.8 N, NY US",40.839167,-73.68025,2025-09-18,0.1,0.004,,,rain
GHCND:US1NYNS0027,"PORT WASHINGTON 0.8 N, NY US",40.839167,-73.68025,2025-10-30,0.1,0.004,,,rain
GHCND:US1NYNS0027,"PORT WASHINGTON 0.8 N, NY US",40.839167,-73.68025,2025-11-10,0.79,0.031,,,rain
GHCND:US1NYNS0027,"PORT WASHINGTON 0.8 N, NY US",40.839167,-73.68025,2025-11-12,0.03,0.001,,,rain
GHCND:US1NYQN0026,"JACKSON HEIGHTS 0.3 WSW, NY US",40.754411,-73.888164,2025-03-06,4.65,0.183,,,rain
GHCND:US1NYQN0026,"JACKSON HEIGHTS 0.3 WSW, NY US",40.754411,-73.888164,2025-03-09,0.0,0.0,0.0,,none
GHCND:US1NYQN0026,"JACKSON HEIGHTS 0.3 WSW, NY US",40.754411,-73.888164,2025-04-13,0.58,0.023,,,rain
GHCND:US1NYQN0026,"JACKSON HEIGHTS 0.3 WSW, NY US",40.754411,-73.888164,2025-04-25,0.0,0.0,0.0,,none
GHCND:US1NYQN0026,"JACKSON HEIGHTS 0.3 WSW, NY US",40.754411,-73.888164,2025-11-12,0.0,0.0,0.0,,none
GHCND:US1NYQN0026,"JACKSON HEIGHTS 0.3 WSW, NY US",40.754411,-73.888164,2025-11-20,0.0,0.0,,,none
GHCND:US1NYQN0026,"JACKSON HEIGHTS 0.3 WSW, NY US",40.754411,-73.888164,2025-11-26,1.7,0.067,,,rain
GHCND:US1NYQN0026,"JACKSON HEIGHTS 0.3 WSW, NY US",40.754411,-73.888164,2025-12-02,0.0,0.0,0.0,,none
GHCND:US1NYQN0026,"JACKSON HEIGHTS 0.3 WSW, NY US",40.754411,-73.888164,2025-12-09,0.0,0.0,0.0,,none
GHCND:US1NYQN0033,"HOWARD BEACH 0.4 NNW, NY US",40.662099,-73.841345,2025-01-12,0.0,0.0,0.0,,none
GHCND:US1NYQN0033,"HOWARD BEACH 0.4 NNW, NY US",40.662099,-73.841345,2025-01-14,0.0,0.0,0.0,,none
GHCND:US1NYQN0033,"HOWARD BEACH 0.4 NNW, NY US",40.662099,-73.841345,2025-01-15,0.0,0.0,0.0,,none
GHCND:US1NYQN0033,"HOWARD BEACH 0.4 NNW, NY US",40.662099,-73.841345,2025-01-16,0.0,0.0,0.0,,none
GHCND:US1NYQN0033,"HOWARD BEACH 0.4 NNW, NY US",40.662099,-73.841345,2025-01-18,0.0,0.0,0.0,,none
GHCND:US1NYQN0033,"HOWARD BEACH 0.4 NNW, NY US",40.662099,-73.841345,2025-01-19,0.43,0.017,,,rain
GHCND:US1NYQN0033,"HOWARD BEACH 0.4 NNW, NY US",40.662099,-73.841345,2025-01-20,0.8400000000000001,0.033,97.0,,snow
GHCND:US1NYQN0033,"HOWARD BEACH 0.4 NNW, NY US",40.662099,-73.841345,2025-01-21,0.0,0.0,0.0,,none
GHCND:US1NYQN0033,"HOWARD BEACH 0.4 NNW, NY US",40.662099,-73.841345,2025-01-22,0.0,0.0,0.0,,none
GHCND:US1NYQN0033,"HOWARD BEACH 0.4 NNW, NY US",40.662099,-73.841345,2025-01-23,0.0,0.0,0.0,,none
GHCND:US1NYQN0033,"HOWARD BEACH 0.4 NNW, NY US",40.662099,-73.841345,2025-01-24,0.0,0.0,0.0,,none
GHCND:US1NYQN0033,"HOWARD BEACH 0.4 NNW, NY US",40.662099,-73.841345,2025-01-25,0.0,0.0,0.0,,none
GHCND:US1NYQN0033,"HOWARD BEACH 0.4 NNW, NY US",40.662099,-73.841345,2025-01-30,0.0,0.0,0.0,,none
GHCND:US1NYQN0033,"HOWARD BEACH 0.4 NNW, NY US",40.662099,-73.841345,2025-01-31,0.05,0.002,,,rain
GHCND:US1NYQN0033,"HOWARD BEACH 0.4 NNW, NY US",40.662099,-73.841345,2025-02-05,0.0,0.0,0.0,,none
GHCND:US1NYQN0033,"HOWARD BEACH 0.4 NNW, NY US",40.662099,-73.841345,2025-02-08,0.0,0.0,0.0,,none
GHCND:US1NYQN0033,"HOWARD BEACH 0.4 NNW, NY US",40.662099,-73.841345,2025-02-09,1.73,0.068,94.0,,snow
GHCND:US1NYQN0033,"HOWARD BEACH 0.4 NNW, NY US",40.662099,-73.841345,2025-02-10,0.0,0.0,0.0,,none
GHCND:US1NYQN0033,"HOWARD BEACH 0.4 NNW, NY US",40.662099,-73.841345,2025-02-11,0.0,0.0,0.0,,none
GHCND:US1NYQN0033,"HOWARD BEACH 0.4 NNW, NY US",40.662099,-73.841345,2025-02-12,0.51,0.02,46.0,,snow
GHCND:US1NYQN0033,"HOWARD BEACH 0.4 NNW, NY US",40.662099,-73.841345,2025-02-13,0.6900000000000001,0.027,,,rain
GHCND:US1NYQN0033,"HOWARD BEACH 0.4 NNW, NY US",40.662099,-73.841345,2025-02-16,2.54,0.1,20.0,,snow
GHCND:US1NYQN0033,"HOWARD BEACH 0.4 NNW, NY US",40.662099,-73.841345,2025-02-19,0.0,0.0,0.0,,none
GHCND:US1NYQN0033,"HOWARD BEACH 0.4 NNW, NY US",40.662099,-73.841345,2025-02-24,0.0,0.0,0.0,,none
GHCND:US1NYQN0033,"HOWARD BEACH 0.4 NNW, NY US",40.662099,-73.841345,2025-02-25,0.0,0.0,0.0,,none
GHCND:US1NYQN0033,"HOWARD BEACH 0.4 NNW, NY US",40.662099,-73.841345,2025-03-02,0.0,0.0,0.0,,none
GHCND:US1NYQN0033,"HOWARD BEACH 0.4 NNW, NY US",40.662099,-73.841345,2025-03-05,0.0,0.0,0.0,,none
GHCND:US1NYQN0033,"HOWARD BEACH 0.4 NNW, NY US",40.662099,-73.841345,2025-03-06,3.8899999999999997,0.153,,,rain
GHCND:US1NYQN0033,"HOWARD BEACH 0.4 NNW, NY US",40.662099,-73.841345,2025-03-08,0.0,0.0,0.0,,none
GHCND:US1NYQN0033,"HOWARD BEACH 0.4 NNW, NY US",40.662099,-73.841345,2025-03-09,0.0,0.0,0.0,,none
GHCND:US1NYQN0033,"HOWARD BEACH 0.4 NNW, NY US",40.662099,-73.841345,2025-03-11,0.0,0.0,0.0,,none
GHCND:US1NYQN0033,"HOWARD BEACH 0.4 NNW, NY US",40.662099,-73.841345,2025-03-14,0.0,0.0,0.0,,none
GHCND:US1NYQN0033,"HOWARD BEACH 0.4 NNW, NY US",40.662099,-73.841345,2025-03-16,0.0,0.0,0.0,,none
GHCND:US1NYQN0033,"HOWARD BEACH 0.4 NNW, NY US",40.662099,-73.841345,2025-03-18,0.0,0.0,,,none
GHCND:US1NYQN0033,"HOWARD BEACH 0.4 NNW, NY US",40.662099,-73.841345,2025-03-19,0.0,0.0,0.0,,none
GHCND:US1NYQN0033,"HOWARD BEACH 0.4 NNW, NY US",40.662099,-73.841345,2025-03-21,1.85,0.073,,,rain
GHCND:US1NYQN0033,"HOWARD BEACH 0.4 NNW, NY US",40.662099,-73.841345,2025-03-24,0.32999999999999996,0.013,,,rain
GHCND:US1NYQN0033,"HOWARD BEACH 0.4 NNW, NY US",40.662099,-73.841345,2025-03-25,2.1100000000000003,0.083,,,rain
GHCND:US1NYQN0033,"HOWARD BEACH 0.4 NNW, NY US",40.662099,-73.841345,2025-03-26,0.0,0.0,0.0,,none
GHCND:US1NYQN0033,"HOWARD BEACH 0.4 NNW, NY US",40.662099,-73.841345,2025-03-27,0.0,0.0,0.0,,none
GHCND:US1NYQN0033,"HOWARD BEACH 0.4 NNW, NY US",40.662099,-73.841345,2025-03-29,0.08,0.003,,,rain
GHCND:US1NYQN0033,"HOWARD BEACH 0.4 NNW, NY US",40.662099,-73.841345,2025-03-30,0.0,0.0,0.0,,none
GHCND:US1NYQN0033,"HOWARD BEACH 0.4 NNW, NY US",40.662099,-73.841345,2025-03-31,0.08,0.003,,,rain
GHCND:US1NYQN0033,"HOWARD BEACH 0.4 NNW, NY US",40.662099,-73.841345,2025-04-02,0.0,0.0,0.0,,none
GHCND:US1NYQN0033,"HOWARD BEACH 0.4 NNW, NY US",40.662099,-73.841345,2025-04-03,0.2,0.008,,,rain
GHCND:US1NYQN0033,"HOWARD BEACH 0.4 NNW, NY US",40.662099,-73.841345,2025-04-04,0.38,0.015,,,rain
GHCND:US1NYQN0033,"HOWARD BEACH 0.4 NNW, NY US",40.662099,-73.841345,2025-04-05,0.15,0.006,,,rain
GHCND:US1NYQN0033,"HOWARD BEACH 0.4 NNW, NY US",40.662099,-73.841345,2025-04-07,0.1,0.004,,,rain
GHCND:US1NYQN0033,"HOWARD BEACH 0.4 NNW, NY US",40.662099,-73.841345,2025-04-09,0.0,0.0,0.0,,none
GHCND:US1NYQN0033,"HOWARD BEACH 0.4 NNW, NY US",40.662099,-73.841345,2025-04-13,0.61,0.024,,,rain
GHCND:US1NYQN0033,"HOWARD BEACH 0.4 NNW, NY US",40.662099,-73.841345,2025-04-16,0.0,0.0,0.0,,none
GHCND:US1NYQN0033,"HOWARD BEACH 0.4 NNW, NY US",40.662099,-73.841345,2025-04-17,0.0,0.0,0.0,,none
GHCND:US1NYQN0033,"HOWARD BEACH 0.4 NNW, NY US",40.662099,-73.841345,2025-04-18,0.0,0.0,0.0,,none
GHCND:US1NYQN0033,"HOWARD BEACH 0.4 NNW, NY US",40.662099,-73.841345,2025-04-19,0.0,0.0,0.0,,none
GHCND:US1NYQN0033,"HOWARD BEACH 0.4 NNW, NY US",40.662099,-73.841345,2025-04-21,0.0,0.0,0.0,,none
GHCND:US1NYQN0033,"HOWARD BEACH 0.4 NNW, NY US",40.662099,-73.841345,2025-04-22,0.0,0.0,,,none
GHCND:US1NYQN0033,"HOWARD BEACH 0.4 NNW, NY US",40.662099,-73.841345,2025-04-23,0.0,0.0,0.0,,none
GHCND:US1NYQN0033,"HOWARD BEACH 0.4 NNW, NY US",40.662099,-73.841345,2025-04-25,0.0,0.0,0.0,,none
GHCND:US1NYQN0033,"HOWARD BEACH 0.4 NNW, NY US",40.662099,-73.841345,2025-04-26,0.38,0.015,,,rain
GHCND:US1NYQN0033,"HOWARD BEACH 0.4 NNW, NY US",40.662099,-73.841345,2025-04-27,0.9400000000000001,0.037,,,rain
GHCND:US1NYQN0033,"HOWARD BEACH 0.4 NNW, NY US",40.662099,-73.841345,2025-04-28,0.0,0.0,0.0,,none
GHCND:US1NYQN0033,"HOWARD BEACH 0.4 NNW, NY US",40.662099,-73.841345,2025-04-29,0.0,0.0,0.0,,none
GHCND:US1NYQN0033,"HOWARD BEACH 0.4 NNW, NY US",40.662099,-73.841345,2025-04-30,0.0,0.0,0.0,,none
GHCND:US1NYQN0033,"HOWARD BEACH 0.4 NNW, NY US",40.662099,-73.841345,2025-05-03,0.0,0.0,0.0,,none
GHCND:US1NYQN0033,"HOWARD BEACH 0.4 NNW, NY US",40.662099,-73.841345,2025-05-04,0.0,0.0,0.0,,none
GHCND:US1NYQN0033,"HOWARD BEACH 0.4 NNW, NY US",40.662099,-73.841345,2025-05-06,3.63,0.143,,,rain
GHCND:US1NYQN0033,"HOWARD BEACH 0.4 NNW, NY US",40.662099,-73.841345,2025-05-07,0.27999999999999997,0.011,,,rain
GHCND:US1NYQN0033,"HOWARD BEACH 0.4 NNW, NY US",40.662099,-73.841345,2025-05-08,0.0,0.0,0.0,,none
GHCND:US1NYQN0033,"HOWARD BEACH 0.4 NNW, NY US",40.662099,-73.841345,2025-05-10,2.0100000000000002,0.079,,,rain
GHCND:US1NYQN0033,"HOWARD BEACH 0.4 NNW, NY US",40.662099,-73.841345,2025-05-11,0.0,0.0,0.0,,none
GHCND:US1NYQN0033,"HOWARD BEACH 0.4 NNW, NY US",40.662099,-73.841345,2025-05-12,0.0,0.0,0.0,,none
GHCND:US1NYQN0033,"HOWARD BEACH 0.4 NNW, NY US",40.662099,-73.841345,2025-05-13,0.0,0.0,0.0,,none
GHCND:US1NYQN0033,"HOWARD BEACH 0.4 NNW, NY US",40.662099,-73.841345,2025-05-17,0.27999999999999997,0.011,,,rain
GHCND:US1NYQN0033,"HOWARD BEACH 0.4 NNW, NY US",40.662099,-73.841345,2025-05-20,0.0,0.0,0.0,,none
GHCND:US1NYQN0033,"HOWARD BEACH 0.4 NNW, NY US",40.662099,-73.841345,2025-05-21,0.0,0.0,0.0,,none
GHCND:US1NYQN0033,"HOWARD BEACH 0.4 NNW, NY US",40.662099,-73.841345,2025-05-30,0.08,0.003,,,rain
GHCND:US1NYQN0033,"HOWARD BEACH 0.4 NNW, NY US",40.662099,-73.841345,2025-06-05,0.0,0.0,0.0,,none
GHCND:US1NYQN0033,"HOWARD BEACH 0.4 NNW, NY US",40.662099,-73.841345,2025-06-07,0.0,0.0,0.0,,none
GHCND:US1NYQN0033,"HOWARD BEACH 0.4 NNW, NY US",40.662099,-73.841345,2025-06-09,0.03,0.001,,,rain
GHCND:US1NYQN0033,"HOWARD BEACH 0.4 NNW, NY US",40.662099,-73.841345,2025-06-10,0.08,0.003,,,rain
GHCND:US1NYQN0033,"HOWARD BEACH 0.4 NNW, NY US",40.662099,-73.841345,2025-06-11,0.74,0.029,,,rain
GHCND:US1NYQN0033,"HOWARD BEACH 0.4 NNW, NY US",40.662099,-73.841345,2025-06-12,0.0,0.0,0.0,,none
GHCND:US1NYQN0033,"HOWARD BEACH 0.4 NNW, NY US",40.662099,-73.841345,2025-06-21,0.0,0.0,0.0,,none
GHCND:US1NYQN0033,"HOWARD BEACH 0.4 NNW, NY US",40.662099,-73.841345,2025-06-23,0.32999999999999996,0.013,,,rain
GHCND:US1NYQN0033,"HOWARD BEACH 0.4 NNW, NY US",40.662099,-73.841345,2025-06-24,0.0,0.0,0.0,,none
GHCND:US1NYQN0033,"HOWARD BEACH 0.4 NNW, NY US",40.662099,-73.841345,2025-06-25,0.0,0.0,0.0,,none
GHCND:US1NYQN0033,"HOWARD BEACH 0.4 NNW, NY US",40.662099,-73.841345,2025-07-16,0.0,0.0,0.0,,none
GHCND:US1NYQN0033,"HOWARD BEACH 0.4 NNW, NY US",40.662099,-73.841345,2025-07-24,0.0,0.0,0.0,,none
GHCND:US1NYQN0033,"HOWARD BEACH 0.4 NNW, NY US",40.662099,-73.841345,2025-07-25,0.0,0.0,0.0,,none
GHCND:US1NYQN0033,"HOWARD BEACH 0.4 NNW, NY US",40.662099,-73.841345,2025-07-26,0.15,0.006,,,rain
GHCND:US1NYQN0033,"HOWARD BEACH 0.4 NNW, NY US",40.662099,-73.841345,2025-07-31,0.08,0.003,,,rain
GHCND:US1NYQN0033,"HOWARD BEACH 0.4 NNW, NY US",40.662099,-73.841345,2025-08-13,0.0,0.0,0.0,,none
GHCND:US1NYQN0033,"HOWARD BEACH 0.4 NNW, NY US",40.662099,-73.841345,2025-08-14,1.83,0.072,,,rain
GHCND:US1NYQN0033,"HOWARD BEACH 0.4 NNW, NY US",40.662099,-73.841345,2025-08-17,0.0,0.0,0.0,,none
GHCND:US1NYQN0033,"HOWARD BEACH 0.4 NNW, NY US",40.662099,-73.841345,2025-08-20,0.0,0.0,0.0,,none
GHCND:US1NYQN0033,"HOWARD BEACH 0.4 NNW, NY US",40.662099,-73.841345,2025-08-30,0.0,0.0,0.0,,none
GHCND:US1NYQN0033,"HOWARD BEACH 0.4 NNW, NY US",40.662099,-73.841345,2025-09-05,1.1400000000000001,0.045,,,rain
GHCND:US1NYQN0033,"HOWARD BEACH 0.4 NNW, NY US",40.662099,-73.841345,2025-09-18,0.03,0.001,,,rain
GHCND:US1NYQN0033,"HOWARD BEACH 0.4 NNW, NY US",40.662099,-73.841345,2025-10-08,0.0,0.0,,,none
GHCND:US1NYQN0033,"HOWARD BEACH 0.4 NNW, NY US",40.662099,-73.841345,2025-10-18,0.0,0.0,0.0,,none
GHCND:US1NYQN0033,"HOWARD BEACH 0.4 NNW, NY US",40.662099,-73.841345,2025-10-24,0.0,0.0,0.0,,none
GHCND:US1NYQN0033,"HOWARD BEACH 0.4 NNW, NY US",40.662099,-73.841345,2025-10-26,0.0,0.0,0.0,,none
GHCND:US1NYQN0033,"HOWARD BEACH 0.4 NNW, NY US",40.662099,-73.841345,2025-10-30,0.38,0.015,,,rain
GHCND:US1NYQN0033,"HOWARD BEACH 0.4 NNW, NY US",40.662099,-73.841345,2025-11-02,0.0,0.0,0.0,,none
GHCND:US1NYQN0033,"HOWARD BEACH 0.4 NNW, NY US",40.662099,-73.841345,2025-11-03,0.0,0.0,0.0,,none
GHCND:US1NYQN0033,"HOWARD BEACH 0.4 NNW, NY US",40.662099,-73.841345,2025-11-08,0.08,0.003,,,rain
GHCND:US1NYQN0033,"HOWARD BEACH 0.4 NNW, NY US",40.662099,-73.841345,2025-11-09,0.0,0.0,0.0,,none
GHCND:US1NYQN0033,"HOWARD BEACH 0.4 NNW, NY US",40.662099,-73.841345,2025-11-10,1.04,0.041,,,rain
GHCND:US1NYQN0033,"HOWARD BEACH 0.4 NNW, NY US",40.662099,-73.841345,2025-11-12,0.0,0.0,0.0,,none
GHCND:US1NYQN0033,"HOWARD BEACH 0.4 NNW, NY US",40.662099,-73.841345,2025-11-20,0.0,0.0,0.0,,none
GHCND:US1NYQN0033,"HOWARD BEACH 0.4 NNW, NY US",40.662099,-73.841345,2025-11-26,2.1100000000000003,0.083,,,rain
GHCND:US1NYQN0033,"HOWARD BEACH 0.4 NNW, NY US",40.662099,-73.841345,2025-12-02,0.0,0.0,0.0,,none
GHCND:US1NYQN0033,"HOWARD BEACH 0.4 NNW, NY US",40.662099,-73.841345,2025-12-03,3.1,0.122,,,rain
GHCND:US1NYQN0033,"HOWARD BEACH 0.4 NNW, NY US",40.662099,-73.841345,2025-12-09,0.0,0.0,0.0,,none
GHCND:US1NYQN0033,"HOWARD BEACH 0.4 NNW, NY US",40.662099,-73.841345,2025-12-10,0.0,0.0,0.0,,none
GHCND:US1NYQN0033,"HOWARD BEACH 0.4 NNW, NY US",40.662099,-73.841345,2025-12-13,0.0,0.0,0.0,,none
GHCND:US1NYQN0033,"HOWARD BEACH 0.4 NNW, NY US",40.662099,-73.841345,2025-12-14,0.76,0.03,64.0,,snow
GHCND:US1NYQN0033,"HOWARD BEACH 0.4 NNW, NY US",40.662099,-73.841345,2025-12-15,0.51,0.02,51.0,,snow
GHCND:US1NYQN0033,"HOWARD BEACH 0.4 NNW, NY US",40.662099,-73.841345,2025-12-16,0.0,0.0,0.0,,none
GHCND:US1NYQN0033,"HOWARD BEACH 0.4 NNW, NY US",40.662099,-73.841345,2025-12-17,0.0,0.0,0.0,,none
GHCND:US1NYQN0033,"HOWARD BEACH 0.4 NNW, NY US",40.662099,-73.841345,2025-12-18,0.0,0.0,0.0,,none
GHCND:US1NYQN0033,"HOWARD BEACH 0.4 NNW, NY US",40.662099,-73.841345,2025-12-19,0.36,0.014,,,rain
GHCND:US1NYQN0033,"HOWARD BEACH 0.4 NNW, NY US",40.662099,-73.841345,2025-12-26,0.0,0.0,0.0,,none
GHCND:US1NYQN0033,"HOWARD BEACH 0.4 NNW, NY US",40.662099,-73.841345,2025-12-27,1.09,0.043,104.0,,snow
GHCND:US1NYQN0033,"HOWARD BEACH 0.4 NNW, NY US",40.662099,-73.841345,2025-12-28,0.0,0.0,0.0,,none
GHCND:US1NYQN0033,"HOWARD BEACH 0.4 NNW, NY US",40.662099,-73.841345,2025-12-29,0.25,0.01,,,rain
GHCND:US1NYQN0033,"HOWARD BEACH 0.4 NNW, NY US",40.662099,-73.841345,2025-12-30,0.18,0.007,,,rain
GHCND:US1NYQN0033,"HOWARD BEACH 0.4 NNW, NY US",40.662099,-73.841345,2025-12-31,0.0,0.0,0.0,,none
GHCND:US1NYQN0039,"LITTLE NECK 0.3 SE, NY US",40.7589466,-73.7289427,2025-01-12,0.0,0.0,0.0,,none
GHCND:US1NYQN0039,"LITTLE NECK 0.3 SE, NY US",40.7589466,-73.7289427,2025-01-14,0.0,0.0,0.0,,none
GHCND:US1NYQN0039,"LITTLE NECK 0.3 SE, NY US",40.7589466,-73.7289427,2025-01-15,0.0,0.0,0.0,,none
GHCND:US1NYQN0039,"LITTLE NECK 0.3 SE, NY US",40.7589466,-73.7289427,2025-01-16,0.0,0.0,0.0,,none
GHCND:US1NYQN0039,"LITTLE NECK 0.3 SE, NY US",40.7589466,-73.7289427,2025-01-18,0.0,0.0,0.0,,none
GHCND:US1NYQN0039,"LITTLE NECK 0.3 SE, NY US",40.7589466,-73.7289427,2025-01-19,0.61,0.024,0.0,,rain
GHCND:US1NYQN0039,"LITTLE NECK 0.3 SE, NY US",40.7589466,-73.7289427,2025-01-20,0.89,0.035,71.0,,snow
GHCND:US1NYQN0039,"LITTLE NECK 0.3 SE, NY US",40.7589466,-73.7289427,2025-01-21,0.0,0.0,0.0,,none
GHCND:US1NYQN0039,"LITTLE NECK 0.3 SE, NY US",40.7589466,-73.7289427,2025-01-22,0.0,0.0,0.0,,none
GHCND:US1NYQN0039,"LITTLE NECK 0.3 SE, NY US",40.7589466,-73.7289427,2025-01-23,0.0,0.0,0.0,,none
GHCND:US1NYQN0039,"LITTLE NECK 0.3 SE, NY US",40.7589466,-73.7289427,2025-01-24,0.0,0.0,0.0,,none
GHCND:US1NYQN0039,"LITTLE NECK 0.3 SE, NY US",40.7589466,-73.7289427,2025-01-25,0.0,0.0,0.0,,none
GHCND:US1NYQN0039,"LITTLE NECK 0.3 SE, NY US",40.7589466,-73.7289427,2025-01-30,0.0,0.0,0.0,,none
GHCND:US1NYQN0039,"LITTLE NECK 0.3 SE, NY US",40.7589466,-73.7289427,2025-01-31,0.08,0.003,0.0,,rain
GHCND:US1NYQN0039,"LITTLE NECK 0.3 SE, NY US",40.7589466,-73.7289427,2025-02-05,0.0,0.0,0.0,,none
GHCND:US1NYQN0039,"LITTLE NECK 0.3 SE, NY US",40.7589466,-73.7289427,2025-02-08,0.0,0.0,0.0,,none
GHCND:US1NYQN0039,"LITTLE NECK 0.3 SE, NY US",40.7589466,-73.7289427,2025-02-09,1.73,0.068,81.0,,snow
GHCND:US1NYQN0039,"LITTLE NECK 0.3 SE, NY US",40.7589466,-73.7289427,2025-02-10,0.0,0.0,0.0,,none
GHCND:US1NYQN0039,"LITTLE NECK 0.3 SE, NY US",40.7589466,-73.7289427,2025-02-11,0.0,0.0,0.0,,none
GHCND:US1NYQN0039,"LITTLE NECK 0.3 SE, NY US",40.7589466,-73.7289427,2025-02-12,0.51,0.02,43.0,,snow
GHCND:US1NYQN0039,"LITTLE NECK 0.3 SE, NY US",40.7589466,-73.7289427,2025-02-13,0.6599999999999999,0.026,3.0,,snow
GHCND:US1NYQN0039,"LITTLE NECK 0.3 SE, NY US",40.7589466,-73.7289427,2025-02-16,2.31,0.091,25.0,,snow
GHCND:US1NYQN0039,"LITTLE NECK 0.3 SE, NY US",40.7589466,-73.7289427,2025-02-19,0.0,0.0,0.0,,none
GHCND:US1NYQN0039,"LITTLE NECK 0.3 SE, NY US",40.7589466,-73.7289427,2025-02-24,0.0,0.0,0.0,,none
GHCND:US1NYQN0039,"LITTLE NECK 0.3 SE, NY US",40.7589466,-73.7289427,2025-02-25,0.0,0.0,0.0,,none
GHCND:US1NYQN0039,"LITTLE NECK 0.3 SE, NY US",40.7589466,-73.7289427,2025-03-02,0.0,0.0,0.0,,none
GHCND:US1NYQN0039,"LITTLE NECK 0.3 SE, NY US",40.7589466,-73.7289427,2025-03-05,0.0,0.0,0.0,,none
GHCND:US1NYQN0039,"LITTLE NECK 0.3 SE, NY US",40.7589466,-73.7289427,2025-03-06,4.34,0.171,0.0,,rain
GHCND:US1NYQN0039,"LITTLE NECK 0.3 SE, NY US",40.7589466,-73.7289427,2025-03-08,0.0,0.0,0.0,,none
GHCND:US1NYQN0039,"LITTLE NECK 0.3 SE, NY US",40.7589466,-73.7289427,2025-03-09,0.0,0.0,0.0,,none
GHCND:US1NYQN0039,"LITTLE NECK 0.3 SE, NY US",40.7589466,-73.7289427,2025-03-11,0.0,0.0,0.0,,none
GHCND:US1NYQN0039,"LITTLE NECK 0.3 SE, NY US",40.7589466,-73.7289427,2025-03-14,0.0,0.0,0.0,,none
GHCND:US1NYQN0039,"LITTLE NECK 0.3 SE, NY US",40.7589466,-73.7289427,2025-03-16,0.08,0.003,0.0,,rain
GHCND:US1NYQN0039,"LITTLE NECK 0.3 SE, NY US",40.7589466,-73.7289427,2025-03-18,0.15,0.006,0.0,,rain
GHCND:US1NYQN0039,"LITTLE NECK 0.3 SE, NY US",40.7589466,-73.7289427,2025-03-19,0.0,0.0,0.0,,none
GHCND:US1NYQN0039,"LITTLE NECK 0.3 SE, NY US",40.7589466,-73.7289427,2025-03-21,1.0699999999999998,0.042,0.0,,rain
GHCND:US1NYQN0039,"LITTLE NECK 0.3 SE, NY US",40.7589466,-73.7289427,2025-03-24,0.08,0.003,0.0,,rain
GHCND:US1NYQN0039,"LITTLE NECK 0.3 SE, NY US",40.7589466,-73.7289427,2025-03-25,1.83,0.072,0.0,,rain
GHCND:US1NYQN0039,"LITTLE NECK 0.3 SE, NY US",40.7589466,-73.7289427,2025-03-26,0.0,0.0,0.0,,none
GHCND:US1NYQN0039,"LITTLE NECK 0.3 SE, NY US",40.7589466,-73.7289427,2025-03-27,0.0,0.0,0.0,,none
GHCND:US1NYQN0039,"LITTLE NECK 0.3 SE, NY US",40.7589466,-73.7289427,2025-03-29,0.18,0.007,0.0,,rain
GHCND:US1NYQN0039,"LITTLE NECK 0.3 SE, NY US",40.7589466,-73.7289427,2025-03-30,0.03,0.001,0.0,,rain
GHCND:US1NYQN0039,"LITTLE NECK 0.3 SE, NY US",40.7589466,-73.7289427,2025-03-31,0.22999999999999998,0.009,0.0,,rain
GHCND:US1NYQN0039,"LITTLE NECK 0.3 SE, NY US",40.7589466,-73.7289427,2025-04-02,0.0,0.0,0.0,,none
GHCND:US1NYQN0039,"LITTLE NECK 0.3 SE, NY US",40.7589466,-73.7289427,2025-04-03,0.18,0.007,0.0,,rain
GHCND:US1NYQN0039,"LITTLE NECK 0.3 SE, NY US",40.7589466,-73.7289427,2025-04-04,0.2,0.008,0.0,,rain
GHCND:US1NYQN0039,"LITTLE NECK 0.3 SE, NY US",40.7589466,-73.7289427,2025-04-05,0.27999999999999997,0.011,0.0,,rain
GHCND:US1NYQN0039,"LITTLE NECK 0.3 SE, NY US",40.7589466,-73.7289427,2025-04-07,0.2,0.008,0.0,,rain
GHCND:US1NYQN0039,"LITTLE NECK 0.3 SE, NY US",40.7589466,-73.7289427,2025-04-09,0.0,0.0,0.0,,none
GHCND:US1NYQN0039,"LITTLE NECK 0.3 SE, NY US",40.7589466,-73.7289427,2025-04-13,0.43,0.017,0.0,,rain
GHCND:US1NYQN0039,"LITTLE NECK 0.3 SE, NY US",40.7589466,-73.7289427,2025-04-16,0.0,0.0,0.0,,none
GHCND:US1NYQN0039,"LITTLE NECK 0.3 SE, NY US",40.7589466,-73.7289427,2025-04-17,0.0,0.0,0.0,,none
GHCND:US1NYQN0039,"LITTLE NECK 0.3 SE, NY US",40.7589466,-73.7289427,2025-04-18,0.0,0.0,0.0,,none
GHCND:US1NYQN0039,"LITTLE NECK 0.3 SE, NY US",40.7589466,-73.7289427,2025-04-19,0.0,0.0,0.0,,none
GHCND:US1NYQN0039,"LITTLE NECK 0.3 SE, NY US",40.7589466,-73.7289427,2025-04-21,0.0,0.0,0.0,,none
GHCND:US1NYQN0039,"LITTLE NECK 0.3 SE, NY US",40.7589466,-73.7289427,2025-04-22,0.03,0.001,0.0,,rain
GHCND:US1NYQN0039,"LITTLE NECK 0.3 SE, NY US",40.7589466,-73.7289427,2025-04-23,0.0,0.0,0.0,,none
GHCND:US1NYQN0039,"LITTLE NECK 0.3 SE, NY US",40.7589466,-73.7289427,2025-04-25,0.0,0.0,0.0,,none
GHCND:US1NYQN0039,"LITTLE NECK 0.3 SE, NY US",40.7589466,-73.7289427,2025-04-26,0.38,0.015,0.0,,rain
GHCND:US1NYQN0039,"LITTLE NECK 0.3 SE, NY US",40.7589466,-73.7289427,2025-04-27,1.35,0.053,0.0,,rain
GHCND:US1NYQN0039,"LITTLE NECK 0.3 SE, NY US",40.7589466,-73.7289427,2025-04-28,0.0,0.0,0.0,,none
GHCND:US1NYQN0039,"LITTLE NECK 0.3 SE, NY US",40.7589466,-73.7289427,2025-04-29,0.0,0.0,0.0,,none
GHCND:US1NYQN0039,"LITTLE NECK 0.3 SE, NY US",40.7589466,-73.7289427,2025-04-30,0.0,0.0,0.0,,none
GHCND:US1NYQN0039,"LITTLE NECK 0.3 SE, NY US",40.7589466,-73.7289427,2025-05-03,0.0,0.0,0.0,,none
GHCND:US1NYQN0039,"LITTLE NECK 0.3 SE, NY US",40.7589466,-73.7289427,2025-05-04,0.0,0.0,0.0,,none
GHCND:US1NYQN0039,"LITTLE NECK 0.3 SE, NY US",40.7589466,-73.7289427,2025-05-06,4.29,0.169,0.0,,rain
GHCND:US1NYQN0039,"LITTLE NECK 0.3 SE, NY US",40.7589466,-73.7289427,2025-05-07,0.25,0.01,0.0,,rain
GHCND:US1NYQN0039,"LITTLE NECK 0.3 SE, NY US",40.7589466,-73.7289427,2025-05-08,0.05,0.002,0.0,,rain
GHCND:US1NYQN0039,"LITTLE NECK 0.3 SE, NY US",40.7589466,-73.7289427,2025-05-10,0.8099999999999999,0.032,,,rain
GHCND:US1NYQN0039,"LITTLE NECK 0.3 SE, NY US",40.7589466,-73.7289427,2025-05-11,0.0,0.0,0.0,,none
GHCND:US1NYQN0039,"LITTLE NECK 0.3 SE, NY US",40.7589466,-73.7289427,2025-05-12,0.0,0.0,0.0,,none
GHCND:US1NYQN0039,"LITTLE NECK 0.3 SE, NY US",40.7589466,-73.7289427,2025-05-13,0.0,0.0,0.0,,none
GHCND:US1NYQN0039,"LITTLE NECK 0.3 SE, NY US",40.7589466,-73.7289427,2025-05-17,0.13,0.005,,,rain
GHCND:US1NYQN0039,"LITTLE NECK 0.3 SE, NY US",40.7589466,-73.7289427,2025-05-20,0.0,0.0,0.0,,none
GHCND:US1NYQN0039,"LITTLE NECK 0.3 SE, NY US",40.7589466,-73.7289427,2025-05-21,0.0,0.0,0.0,,none
GHCND:US1NYQN0039,"LITTLE NECK 0.3 SE, NY US",40.7589466,-73.7289427,2025-05-30,0.15,0.006,0.0,,rain
GHCND:US1NYQN0039,"LITTLE NECK 0.3 SE, NY US",40.7589466,-73.7289427,2025-06-05,0.0,0.0,0.0,,none
GHCND:US1NYQN0039,"LITTLE NECK 0.3 SE, NY US",40.7589466,-73.7289427,2025-06-07,0.0,0.0,0.0,,none
GHCND:US1NYQN0039,"LITTLE NECK 0.3 SE, NY US",40.7589466,-73.7289427,2025-06-09,0.0,0.0,0.0,,none
GHCND:US1NYQN0039,"LITTLE NECK 0.3 SE, NY US",40.7589466,-73.7289427,2025-06-10,0.25,0.01,,,rain
GHCND:US1NYQN0039,"LITTLE NECK 0.3 SE, NY US",40.7589466,-73.7289427,2025-06-11,0.51,0.02,,,rain
GHCND:US1NYQN0039,"LITTLE NECK 0.3 SE, NY US",40.7589466,-73.7289427,2025-06-12,0.0,0.0,0.0,,none
GHCND:US1NYQN0039,"LITTLE NECK 0.3 SE, NY US",40.7589466,-73.7289427,2025-06-21,0.0,0.0,0.0,,none
GHCND:US1NYQN0039,"LITTLE NECK 0.3 SE, NY US",40.7589466,-73.7289427,2025-06-23,0.25,0.01,,,rain
GHCND:US1NYQN0039,"LITTLE NECK 0.3 SE, NY US",40.7589466,-73.7289427,2025-06-24,0.0,0.0,0.0,,none
GHCND:US1NYQN0039,"LITTLE NECK 0.3 SE, NY US",40.7589466,-73.7289427,2025-06-25,0.0,0.0,0.0,,none
GHCND:US1NYQN0039,"LITTLE NECK 0.3 SE, NY US",40.7589466,-73.7289427,2025-07-16,0.0,0.0,0.0,,none
GHCND:US1NYQN0039,"LITTLE NECK 0.3 SE, NY US",40.7589466,-73.7289427,2025-07-24,0.0,0.0,0.0,,none
GHCND:US1NYQN0039,"LITTLE NECK 0.3 SE, NY US",40.7589466,-73.7289427,2025-07-25,0.0,0.0,0.0,,none
GHCND:US1NYQN0039,"LITTLE NECK 0.3 SE, NY US",40.7589466,-73.7289427,2025-07-26,1.6300000000000001,0.064,,,rain
GHCND:US1NYQN0039,"LITTLE NECK 0.3 SE, NY US",40.7589466,-73.7289427,2025-07-31,1.73,0.068,,,rain
GHCND:US1NYQN0039,"LITTLE NECK 0.3 SE, NY US",40.7589466,-73.7289427,2025-08-13,0.0,0.0,0.0,,none
GHCND:US1NYQN0039,"LITTLE NECK 0.3 SE, NY US",40.7589466,-73.7289427,2025-08-14,2.21,0.087,,,rain
GHCND:US1NYQN0039,"LITTLE NECK 0.3 SE, NY US",40.7589466,-73.7289427,2025-08-17,0.0,0.0,0.0,,none
GHCND:US1NYQN0039,"LITTLE NECK 0.3 SE, NY US",40.7589466,-73.7289427,2025-08-20,0.0,0.0,0.0,,none
GHCND:US1NYQN0039,"LITTLE NECK 0.3 SE, NY US",40.7589466,-73.7289427,2025-08-30,0.0,0.0,0.0,,none
GHCND:US1NYQN0039,"LITTLE NECK 0.3 SE, NY US",40.7589466,-73.7289427,2025-09-05,1.02,0.04,,,rain
GHCND:US1NYQN0039,"LITTLE NECK 0.3 SE, NY US",40.7589466,-73.7289427,2025-09-18,0.2,0.008,,,rain
GHCND:US1NYQN0039,"LITTLE NECK 0.3 SE, NY US",40.7589466,-73.7289427,2025-10-08,0.1,0.004,,,rain
GHCND:US1NYQN0039,"LITTLE NECK 0.3 SE, NY US",40.7589466,-73.7289427,2025-10-18,0.0,0.0,0.0,,none
GHCND:US1NYQN0039,"LITTLE NECK 0.3 SE, NY US",40.7589466,-73.7289427,2025-10-24,0.0,0.0,0.0,,none
GHCND:US1NYQN0039,"LITTLE NECK 0.3 SE, NY US",40.7589466,-73.7289427,2025-10-26,0.0,0.0,0.0,,none
GHCND:US1NYQN0039,"LITTLE NECK 0.3 SE, NY US",40.7589466,-73.7289427,2025-10-30,0.1,0.004,,,rain
GHCND:US1NYQN0039,"LITTLE NECK 0.3 SE, NY US",40.7589466,-73.7289427,2025-11-02,0.0,0.0,0.0,,none
GHCND:US1NYQN0039,"LITTLE NECK 0.3 SE, NY US",40.7589466,-73.7289427,2025-11-03,0.0,0.0,0.0,,none
GHCND:US1NYQN0039,"LITTLE NECK 0.3 SE, NY US",40.7589466,-73.7289427,2025-11-08,0.15,0.006,,,rain
GHCND:US1NYQN0039,"LITTLE NECK 0.3 SE, NY US",40.7589466,-73.7289427,2025-11-09,0.0,0.0,0.0,,none
GHCND:US1NYQN0039,"LITTLE NECK 0.3 SE, NY US",40.7589466,-73.7289427,2025-11-10,0.6900000000000001,0.027,,,rain
GHCND:US1NYQN0039,"LITTLE NECK 0.3 SE, NY US",40.7589466,-73.7289427,2025-11-12,0.0,0.0,0.0,,none
GHCND:US1NYQN0039,"LITTLE NECK 0.3 SE, NY US",40.7589466,-73.7289427,2025-11-20,0.41,0.016,,,rain
GHCND:US1NYQN0039,"LITTLE NECK 0.3 SE, NY US",40.7589466,-73.7289427,2025-11-26,2.06,0.081,,,rain
GHCND:US1NYQN0039,"LITTLE NECK 0.3 SE, NY US",40.7589466,-73.7289427,2025-12-02,0.0,0.0,0.0,,none
GHCND:US1NYQN0039,"LITTLE NECK 0.3 SE, NY US",40.7589466,-73.7289427,2025-12-03,2.59,0.102,,,rain
GHCND:US1NYQN0039,"LITTLE NECK 0.3 SE, NY US",40.7589466,-73.7289427,2025-12-09,0.0,0.0,0.0,,none
GHCND:US1NYQN0039,"LITTLE NECK 0.3 SE, NY US",40.7589466,-73.7289427,2025-12-10,0.0,0.0,0.0,,none
GHCND:US1NYQN0039,"LITTLE NECK 0.3 SE, NY US",40.7589466,-73.7289427,2025-12-13,0.0,0.0,0.0,,none
GHCND:US1NYQN0039,"LITTLE NECK 0.3 SE, NY US",40.7589466,-73.7289427,2025-12-14,1.3199999999999998,0.052,74.0,,snow
GHCND:US1NYQN0039,"LITTLE NECK 0.3 SE, NY US",40.7589466,-73.7289427,2025-12-15,0.58,0.023,79.0,,snow
GHCND:US1NYQN0039,"LITTLE NECK 0.3 SE, NY US",40.7589466,-73.7289427,2025-12-16,0.0,0.0,0.0,,none
GHCND:US1NYQN0039,"LITTLE NECK 0.3 SE, NY US",40.7589466,-73.7289427,2025-12-17,0.0,0.0,0.0,,none
GHCND:US1NYQN0039,"LITTLE NECK 0.3 SE, NY US",40.7589466,-73.7289427,2025-12-18,0.0,0.0,0.0,,none
GHCND:US1NYQN0039,"LITTLE NECK 0.3 SE, NY US",40.7589466,-73.7289427,2025-12-19,0.8400000000000001,0.033,0.0,,rain
GHCND:US1NYQN0039,"LITTLE NECK 0.3 SE, NY US",40.7589466,-73.7289427,2025-12-26,0.0,0.0,0.0,,none
GHCND:US1NYQN0039,"LITTLE NECK 0.3 SE, NY US",40.7589466,-73.7289427,2025-12-27,1.02,0.04,99.0,,snow
GHCND:US1NYQN0039,"LITTLE NECK 0.3 SE, NY US",40.7589466,-73.7289427,2025-12-28,0.0,0.0,0.0,,none
GHCND:US1NYQN0039,"LITTLE NECK 0.3 SE, NY US",40.7589466,-73.7289427,2025-12-29,0.2,0.008,0.0,,rain
GHCND:US1NYQN0039,"LITTLE NECK 0.3 SE, NY US",40.7589466,-73.7289427,2025-12-30,0.22999999999999998,0.009,0.0,,rain
GHCND:US1NYQN0039,"LITTLE NECK 0.3 SE, NY US",40.7589466,-73.7289427,2025-12-31,0.0,0.0,0.0,,none
GHCND:US1NYRC0001,"STATEN ISLAND 4.5 SSE, NY US",40.542096,-74.147558,2025-01-12,0.0,0.0,0.0,,none
GHCND:US1NYRC0001,"STATEN ISLAND 4.5 SSE, NY US",40.542096,-74.147558,2025-01-14,0.0,0.0,0.0,,none
GHCND:US1NYRC0001,"STATEN ISLAND 4.5 SSE, NY US",40.542096,-74.147558,2025-01-15,0.0,0.0,0.0,,none
GHCND:US1NYRC0001,"STATEN ISLAND 4.5 SSE, NY US",40.542096,-74.147558,2025-01-16,0.0,0.0,0.0,,none
GHCND:US1NYRC0001,"STATEN ISLAND 4.5 SSE, NY US",40.542096,-74.147558,2025-01-18,0.0,0.0,0.0,,none
GHCND:US1NYRC0001,"STATEN ISLAND 4.5 SSE, NY US",40.542096,-74.147558,2025-01-19,0.15,0.006,,,rain
GHCND:US1NYRC0001,"STATEN ISLAND 4.5 SSE, NY US",40.542096,-74.147558,2025-01-20,0.58,0.023,,,rain
GHCND:US1NYRC0001,"STATEN ISLAND 4.5 SSE, NY US",40.542096,-74.147558,2025-01-22,0.0,0.0,0.0,,none
GHCND:US1NYRC0001,"STATEN ISLAND 4.5 SSE, NY US",40.542096,-74.147558,2025-01-23,0.0,0.0,0.0,,none
GHCND:US1NYRC0001,"STATEN ISLAND 4.5 SSE, NY US",40.542096,-74.147558,2025-01-24,0.0,0.0,0.0,,none
GHCND:US1NYRC0001,"STATEN ISLAND 4.5 SSE, NY US",40.542096,-74.147558,2025-01-25,0.0,0.0,0.0,,none
GHCND:US1NYRC0001,"STATEN ISLAND 4.5 SSE, NY US",40.542096,-74.147558,2025-01-30,0.0,0.0,0.0,,none
GHCND:US1NYRC0001,"STATEN ISLAND 4.5 SSE, NY US",40.542096,-74.147558,2025-01-31,0.0,0.0,0.0,,none
GHCND:US1NYRC0001,"STATEN ISLAND 4.5 SSE, NY US",40.542096,-74.147558,2025-02-05,0.0,0.0,0.0,,none
GHCND:US1NYRC0001,"STATEN ISLAND 4.5 SSE, NY US",40.542096,-74.147558,2025-02-08,0.0,0.0,0.0,,none
GHCND:US1NYRC0001,"STATEN ISLAND 4.5 SSE, NY US",40.542096,-74.147558,2025-02-09,1.85,0.073,56.0,,snow
GHCND:US1NYRC0001,"STATEN ISLAND 4.5 SSE, NY US",40.542096,-74.147558,2025-02-10,0.0,0.0,0.0,,none
GHCND:US1NYRC0001,"STATEN ISLAND 4.5 SSE, NY US",40.542096,-74.147558,2025-02-11,0.0,0.0,0.0,,none
GHCND:US1NYRC0001,"STATEN ISLAND 4.5 SSE, NY US",40.542096,-74.147558,2025-02-12,0.5599999999999999,0.022,,,rain
GHCND:US1NYRC0001,"STATEN ISLAND 4.5 SSE, NY US",40.542096,-74.147558,2025-02-13,0.53,0.021,,,rain
GHCND:US1NYRC0001,"STATEN ISLAND 4.5 SSE, NY US",40.542096,-74.147558,2025-02-16,2.4899999999999998,0.098,,,rain
GHCND:US1NYRC0001,"STATEN ISLAND 4.5 SSE, NY US",40.542096,-74.147558,2025-02-19,0.0,0.0,0.0,,none
GHCND:US1NYRC0001,"STATEN ISLAND 4.5 SSE, NY US",40.542096,-74.147558,2025-02-24,0.0,0.0,0.0,,none
GHCND:US1NYRC0001,"STATEN ISLAND 4.5 SSE, NY US",40.542096,-74.147558,2025-02-25,0.0,0.0,0.0,,none
GHCND:US1NYRC0001,"STATEN ISLAND 4.5 SSE, NY US",40.542096,-74.147558,2025-03-02,0.0,0.0,0.0,,none
GHCND:US1NYRC0001,"STATEN ISLAND 4.5 SSE, NY US",40.542096,-74.147558,2025-03-05,0.0,0.0,0.0,,none
GHCND:US1NYRC0001,"STATEN ISLAND 4.5 SSE, NY US",40.542096,-74.147558,2025-03-06,2.0100000000000002,0.079,,,rain
GHCND:US1NYRC0001,"STATEN ISLAND 4.5 SSE, NY US",40.542096,-74.147558,2025-03-08,0.0,0.0,0.0,,none
GHCND:US1NYRC0001,"STATEN ISLAND 4.5 SSE, NY US",40.542096,-74.147558,2025-03-09,0.0,0.0,0.0,,none
GHCND:US1NYRC0001,"STATEN ISLAND 4.5 SSE, NY US",40.542096,-74.147558,2025-03-11,0.0,0.0,0.0,,none
GHCND:US1NYRC0001,"STATEN ISLAND 4.5 SSE, NY US",40.542096,-74.147558,2025-03-14,0.0,0.0,0.0,,none
GHCND:US1NYRC0001,"STATEN ISLAND 4.5 SSE, NY US",40.542096,-74.147558,2025-03-16,0.05,0.002,,,rain
GHCND:US1NYRC0001,"STATEN ISLAND 4.5 SSE, NY US",40.542096,-74.147558,2025-03-18,0.0,0.0,0.0,,none
GHCND:US1NYRC0001,"STATEN ISLAND 4.5 SSE, NY US",40.542096,-74.147558,2025-03-19,0.0,0.0,0.0,,none
GHCND:US1NYRC0001,"STATEN ISLAND 4.5 SSE, NY US",40.542096,-74.147558,2025-03-21,2.54,0.1,,,rain
GHCND:US1NYRC0001,"STATEN ISLAND 4.5 SSE, NY US",40.542096,-74.147558,2025-03-26,0.0,0.0,0.0,,none
GHCND:US1NYRC0001,"STATEN ISLAND 4.5 SSE, NY US",40.542096,-74.147558,2025-03-27,0.2,0.008,,,rain
GHCND:US1NYRC0001,"STATEN ISLAND 4.5 SSE, NY US",40.542096,-74.147558,2025-03-29,0.08,0.003,,,rain
GHCND:US1NYRC0001,"STATEN ISLAND 4.5 SSE, NY US",40.542096,-74.147558,2025-03-30,0.03,0.001,,,rain
GHCND:US1NYRC0001,"STATEN ISLAND 4.5 SSE, NY US",40.542096,-74.147558,2025-03-31,0.08,0.003,,,rain
GHCND:US1NYRC0001,"STATEN ISLAND 4.5 SSE, NY US",40.542096,-74.147558,2025-04-02,0.0,0.0,0.0,,none
GHCND:US1NYRC0001,"STATEN ISLAND 4.5 SSE, NY US",40.542096,-74.147558,2025-04-03,0.1,0.004,,,rain
GHCND:US1NYRC0001,"STATEN ISLAND 4.5 SSE, NY US",40.542096,-74.147558,2025-04-04,0.53,0.021,,,rain
GHCND:US1NYRC0001,"STATEN ISLAND 4.5 SSE, NY US",40.542096,-74.147558,2025-04-05,0.2,0.008,,,rain
GHCND:US1NYRC0001,"STATEN ISLAND 4.5 SSE, NY US",40.542096,-74.147558,2025-04-07,0.05,0.002,,,rain
GHCND:US1NYRC0001,"STATEN ISLAND 4.5 SSE, NY US",40.542096,-74.147558,2025-04-09,0.0,0.0,0.0,,none
GHCND:US1NYRC0001,"STATEN ISLAND 4.5 SSE, NY US",40.542096,-74.147558,2025-04-16,0.0,0.0,0.0,,none
GHCND:US1NYRC0001,"STATEN ISLAND 4.5 SSE, NY US",40.542096,-74.147558,2025-04-17,0.0,0.0,0.0,,none
GHCND:US1NYRC0001,"STATEN ISLAND 4.5 SSE, NY US",40.542096,-74.147558,2025-04-18,0.0,0.0,0.0,,none
GHCND:US1NYRC0001,"STATEN ISLAND 4.5 SSE, NY US",40.542096,-74.147558,2025-04-19,0.0,0.0,0.0,,none
GHCND:US1NYRC0001,"STATEN ISLAND 4.5 SSE, NY US",40.542096,-74.147558,2025-04-21,0.0,0.0,0.0,,none
GHCND:US1NYRC0001,"STATEN ISLAND 4.5 SSE, NY US",40.542096,-74.147558,2025-04-22,0.08,0.003,,,rain
GHCND:US1NYRC0001,"STATEN ISLAND 4.5 SSE, NY US",40.542096,-74.147558,2025-04-23,0.0,0.0,0.0,,none
GHCND:US1NYRC0001,"STATEN ISLAND 4.5 SSE, NY US",40.542096,-74.147558,2025-04-25,0.0,0.0,0.0,,none
GHCND:US1NYRC0001,"STATEN ISLAND 4.5 SSE, NY US",40.542096,-74.147558,2025-04-28,0.0,0.0,0.0,,none
GHCND:US1NYRC0001,"STATEN ISLAND 4.5 SSE, NY US",40.542096,-74.147558,2025-04-29,0.0,0.0,0.0,,none
GHCND:US1NYRC0001,"STATEN ISLAND 4.5 SSE, NY US",40.542096,-74.147558,2025-04-30,0.0,0.0,0.0,,none
GHCND:US1NYRC0001,"STATEN ISLAND 4.5 SSE, NY US",40.542096,-74.147558,2025-05-03,0.0,0.0,0.0,,none
GHCND:US1NYRC0001,"STATEN ISLAND 4.5 SSE, NY US",40.542096,-74.147558,2025-05-04,0.0,0.0,0.0,,none
GHCND:US1NYRC0001,"STATEN ISLAND 4.5 SSE, NY US",40.542096,-74.147558,2025-05-06,1.6300000000000001,0.064,,,rain
GHCND:US1NYRC0001,"STATEN ISLAND 4.5 SSE, NY US",40.542096,-74.147558,2025-05-07,0.32999999999999996,0.013,,,rain
GHCND:US1NYRC0001,"STATEN ISLAND 4.5 SSE, NY US",40.542096,-74.147558,2025-05-08,0.0,0.0,0.0,,none
GHCND:US1NYRC0001,"STATEN ISLAND 4.5 SSE, NY US",40.542096,-74.147558,2025-05-10,0.08,0.003,,,rain
GHCND:US1NYRC0001,"STATEN ISLAND 4.5 SSE, NY US",40.542096,-74.147558,2025-05-11,0.0,0.0,0.0,,none
GHCND:US1NYRC0001,"STATEN ISLAND 4.5 SSE, NY US",40.542096,-74.147558,2025-05-12,0.0,0.0,0.0,,none
GHCND:US1NYRC0001,"STATEN ISLAND 4.5 SSE, NY US",40.542096,-74.147558,2025-05-13,0.0,0.0,0.0,,none
GHCND:US1NYRC0001,"STATEN ISLAND 4.5 SSE, NY US",40.542096,-74.147558,2025-05-17,0.61,0.024,,,rain
GHCND:US1NYRC0001,"STATEN ISLAND 4.5 SSE, NY US",40.542096,-74.147558,2025-05-20,0.0,0.0,0.0,,none
GHCND:US1NYRC0001,"STATEN ISLAND 4.5 SSE, NY US",40.542096,-74.147558,2025-05-21,0.0,0.0,0.0,,none
GHCND:US1NYRC0001,"STATEN ISLAND 4.5 SSE, NY US",40.542096,-74.147558,2025-05-30,0.05,0.002,,,rain
GHCND:US1NYRC0001,"STATEN ISLAND 4.5 SSE, NY US",40.542096,-74.147558,2025-06-05,0.0,0.0,0.0,,none
GHCND:US1NYRC0001,"STATEN ISLAND 4.5 SSE, NY US",40.542096,-74.147558,2025-06-09,0.05,0.002,,,rain
GHCND:US1NYRC0001,"STATEN ISLAND 4.5 SSE, NY US",40.542096,-74.147558,2025-06-10,0.13,0.005,,,rain
GHCND:US1NYRC0001,"STATEN ISLAND 4.5 SSE, NY US",40.542096,-74.147558,2025-06-11,0.3,0.012,,,rain
GHCND:US1NYRC0001,"STATEN ISLAND 4.5 SSE, NY US",40.542096,-74.147558,2025-06-12,0.0,0.0,0.0,,none
GHCND:US1NYRC0001,"STATEN ISLAND 4.5 SSE, NY US",40.542096,-74.147558,2025-06-21,0.0,0.0,0.0,,none
GHCND:US1NYRC0001,"STATEN ISLAND 4.5 SSE, NY US",40.542096,-74.147558,2025-06-24,0.0,0.0,0.0,,none
GHCND:US1NYRC0001,"STATEN ISLAND 4.5 SSE, NY US",40.542096,-74.147558,2025-06-25,0.0,0.0,0.0,,none
GHCND:US1NYRC0001,"STATEN ISLAND 4.5 SSE, NY US",40.542096,-74.147558,2025-07-16,0.0,0.0,0.0,,none
GHCND:US1NYRC0001,"STATEN ISLAND 4.5 SSE, NY US",40.542096,-74.147558,2025-07-24,0.0,0.0,0.0,,none
GHCND:US1NYRC0001,"STATEN ISLAND 4.5 SSE, NY US",40.542096,-74.147558,2025-07-25,0.0,0.0,0.0,,none
GHCND:US1NYRC0001,"STATEN ISLAND 4.5 SSE, NY US",40.542096,-74.147558,2025-07-26,0.8400000000000001,0.033,,,rain
GHCND:US1NYRC0001,"STATEN ISLAND 4.5 SSE, NY US",40.542096,-74.147558,2025-07-31,0.0,0.0,0.0,,none
GHCND:US1NYRC0001,"STATEN ISLAND 4.5 SSE, NY US",40.542096,-74.147558,2025-08-13,0.0,0.0,0.0,,none
GHCND:US1NYRC0001,"STATEN ISLAND 4.5 SSE, NY US",40.542096,-74.147558,2025-08-14,0.79,0.031,,,rain
GHCND:US1NYRC0001,"STATEN ISLAND 4.5 SSE, NY US",40.542096,-74.147558,2025-08-17,0.0,0.0,0.0,,none
GHCND:US1NYRC0001,"STATEN ISLAND 4.5 SSE, NY US",40.542096,-74.147558,2025-08-20,0.0,0.0,0.0,,none
GHCND:US1NYRC0001,"STATEN ISLAND 4.5 SSE, NY US",40.542096,-74.147558,2025-08-30,0.0,0.0,0.0,,none
GHCND:US1NYRC0001,"STATEN ISLAND 4.5 SSE, NY US",40.542096,-74.147558,2025-09-05,0.89,0.035,,,rain
GHCND:US1NYRC0001,"STATEN ISLAND 4.5 SSE, NY US",40.542096,-74.147558,2025-09-18,0.48,0.019,,,rain
GHCND:US1NYRC0001,"STATEN ISLAND 4.5 SSE, NY US",40.542096,-74.147558,2025-10-18,0.0,0.0,0.0,,none
GHCND:US1NYRC0001,"STATEN ISLAND 4.5 SSE, NY US",40.542096,-74.147558,2025-10-24,0.0,0.0,0.0,,none
GHCND:US1NYRC0001,"STATEN ISLAND 4.5 SSE, NY US",40.542096,-74.147558,2025-10-26,0.0,0.0,0.0,,none
GHCND:US1NYRC0001,"STATEN ISLAND 4.5 SSE, NY US",40.542096,-74.147558,2025-11-02,0.0,0.0,0.0,,none
GHCND:US1NYRC0001,"STATEN ISLAND 4.5 SSE, NY US",40.542096,-74.147558,2025-11-03,0.0,0.0,0.0,,none
GHCND:US1NYRC0001,"STATEN ISLAND 4.5 SSE, NY US",40.542096,-74.147558,2025-11-08,0.2,0.008,,,rain
GHCND:US1NYRC0001,"STATEN ISLAND 4.5 SSE, NY US",40.542096,-74.147558,2025-11-09,0.0,0.0,0.0,,none
GHCND:US1NYRC0001,"STATEN ISLAND 4.5 SSE, NY US",40.542096,-74.147558,2025-11-10,0.74,0.029,,,rain
GHCND:US1NYRC0001,"STATEN ISLAND 4.5 SSE, NY US",40.542096,-74.147558,2025-11-12,0.0,0.0,0.0,,none
GHCND:US1NYRC0001,"STATEN ISLAND 4.5 SSE, NY US",40.542096,-74.147558,2025-11-20,0.61,0.024,,,rain
GHCND:US1NYRC0001,"STATEN ISLAND 4.5 SSE, NY US",40.542096,-74.147558,2025-11-26,2.18,0.086,,,rain
GHCND:US1NYRC0001,"STATEN ISLAND 4.5 SSE, NY US",40.542096,-74.147558,2025-12-09,0.0,0.0,0.0,,none
GHCND:US1NYRC0001,"STATEN ISLAND 4.5 SSE, NY US",40.542096,-74.147558,2025-12-10,0.0,0.0,0.0,,none
GHCND:US1NYRC0001,"STATEN ISLAND 4.5 SSE, NY US",40.542096,-74.147558,2025-12-13,0.0,0.0,0.0,,none
GHCND:US1NYRC0001,"STATEN ISLAND 4.5 SSE, NY US",40.542096,-74.147558,2025-12-14,1.65,0.065,,,rain
GHCND:US1NYRC0001,"STATEN ISLAND 4.5 SSE, NY US",40.542096,-74.147558,2025-12-16,0.0,0.0,0.0,,none
GHCND:US1NYRC0001,"STATEN ISLAND 4.5 SSE, NY US",40.542096,-74.147558,2025-12-17,0.0,0.0,0.0,,none
GHCND:US1NYRC0001,"STATEN ISLAND 4.5 SSE, NY US",40.542096,-74.147558,2025-12-18,0.0,0.0,0.0,,none
GHCND:US1NYRC0001,"STATEN ISLAND 4.5 SSE, NY US",40.542096,-74.147558,2025-12-19,1.6800000000000002,0.066,,,rain
GHCND:US1NYRC0001,"STATEN ISLAND 4.5 SSE, NY US",40.542096,-74.147558,2025-12-26,0.0,0.0,0.0,,none
GHCND:US1NYRC0001,"STATEN ISLAND 4.5 SSE, NY US",40.542096,-74.147558,2025-12-27,1.04,0.041,,,rain
GHCND:US1NYRC0001,"STATEN ISLAND 4.5 SSE, NY US",40.542096,-74.147558,2025-12-28,0.15,0.006,,,rain
GHCND:US1NYRC0001,"STATEN ISLAND 4.5 SSE, NY US",40.542096,-74.147558,2025-12-29,0.13,0.005,,,rain
GHCND:US1NYRC0001,"STATEN ISLAND 4.5 SSE, NY US",40.542096,-74.147558,2025-12-30,0.2,0.008,,,rain
GHCND:US1NYRC0001,"STATEN ISLAND 4.5 SSE, NY US",40.542096,-74.147558,2025-12-31,0.0,0.0,0.0,,none
GHCND:US1NYRC0002,"STATEN ISLAND 1.4 SE, NY US",40.567385,-74.132695,2025-01-12,0.0,0.0,0.0,,none
GHCND:US1NYRC0002,"STATEN ISLAND 1.4 SE, NY US",40.567385,-74.132695,2025-01-14,0.0,0.0,0.0,,none
GHCND:US1NYRC0002,"STATEN ISLAND 1.4 SE, NY US",40.567385,-74.132695,2025-01-15,0.0,0.0,0.0,,none
GHCND:US1NYRC0002,"STATEN ISLAND 1.4 SE, NY US",40.567385,-74.132695,2025-01-16,0.0,0.0,0.0,,none
GHCND:US1NYRC0002,"STATEN ISLAND 1.4 SE, NY US",40.567385,-74.132695,2025-01-21,0.0,0.0,0.0,,none
GHCND:US1NYRC0002,"STATEN ISLAND 1.4 SE, NY US",40.567385,-74.132695,2025-01-22,0.0,0.0,0.0,,none
GHCND:US1NYRC0002,"STATEN ISLAND 1.4 SE, NY US",40.567385,-74.132695,2025-01-23,0.0,0.0,0.0,,none
GHCND:US1NYRC0002,"STATEN ISLAND 1.4 SE, NY US",40.567385,-74.132695,2025-01-24,0.0,0.0,0.0,,none
GHCND:US1NYRC0002,"STATEN ISLAND 1.4 SE, NY US",40.567385,-74.132695,2025-01-25,0.0,0.0,0.0,,none
GHCND:US1NYRC0002,"STATEN ISLAND 1.4 SE, NY US",40.567385,-74.132695,2025-01-30,0.0,0.0,0.0,,none
GHCND:US1NYRC0002,"STATEN ISLAND 1.4 SE, NY US",40.567385,-74.132695,2025-01-31,0.03,0.001,,,rain
GHCND:US1NYRC0002,"STATEN ISLAND 1.4 SE, NY US",40.567385,-74.132695,2025-02-05,0.0,0.0,0.0,,none
GHCND:US1NYRC0002,"STATEN ISLAND 1.4 SE, NY US",40.567385,-74.132695,2025-02-08,0.0,0.0,0.0,,none
GHCND:US1NYRC0002,"STATEN ISLAND 1.4 SE, NY US",40.567385,-74.132695,2025-02-09,1.65,0.065,38.0,,snow
GHCND:US1NYRC0002,"STATEN ISLAND 1.4 SE, NY US",40.567385,-74.132695,2025-02-10,0.0,0.0,0.0,,none
GHCND:US1NYRC0002,"STATEN ISLAND 1.4 SE, NY US",40.567385,-74.132695,2025-02-11,0.0,0.0,0.0,,none
GHCND:US1NYRC0002,"STATEN ISLAND 1.4 SE, NY US",40.567385,-74.132695,2025-02-12,0.64,0.025,41.0,,snow
GHCND:US1NYRC0002,"STATEN ISLAND 1.4 SE, NY US",40.567385,-74.132695,2025-02-13,0.53,0.021,,,rain
GHCND:US1NYRC0002,"STATEN ISLAND 1.4 SE, NY US",40.567385,-74.132695,2025-02-19,0.0,0.0,0.0,,none
GHCND:US1NYRC0002,"STATEN ISLAND 1.4 SE, NY US",40.567385,-74.132695,2025-02-24,0.0,0.0,0.0,,none
GHCND:US1NYRC0002,"STATEN ISLAND 1.4 SE, NY US",40.567385,-74.132695,2025-02-25,0.0,0.0,0.0,,none
GHCND:US1NYRC0002,"STATEN ISLAND 1.4 SE, NY US",40.567385,-74.132695,2025-03-02,0.0,0.0,0.0,,none
GHCND:US1NYRC0002,"STATEN ISLAND 1.4 SE, NY US",40.567385,-74.132695,2025-03-05,0.0,0.0,0.0,,none
GHCND:US1NYRC0002,"STATEN ISLAND 1.4 SE, NY US",40.567385,-74.132695,2025-03-06,2.59,0.102,,,rain
GHCND:US1NYRC0002,"STATEN ISLAND 1.4 SE, NY US",40.567385,-74.132695,2025-03-08,0.0,0.0,0.0,,none
GHCND:US1NYRC0002,"STATEN ISLAND 1.4 SE, NY US",40.567385,-74.132695,2025-03-09,0.0,0.0,0.0,,none
GHCND:US1NYRC0002,"STATEN ISLAND 1.4 SE, NY US",40.567385,-74.132695,2025-03-11,0.0,0.0,0.0,,none
GHCND:US1NYRC0002,"STATEN ISLAND 1.4 SE, NY US",40.567385,-74.132695,2025-03-14,0.0,0.0,0.0,,none
GHCND:US1NYRC0002,"STATEN ISLAND 1.4 SE, NY US",40.567385,-74.132695,2025-03-18,0.05,0.002,,,rain
GHCND:US1NYRC0002,"STATEN ISLAND 1.4 SE, NY US",40.567385,-74.132695,2025-03-19,0.0,0.0,,,none
GHCND:US1NYRC0002,"STATEN ISLAND 1.4 SE, NY US",40.567385,-74.132695,2025-03-21,2.87,0.113,,,rain
GHCND:US1NYRC0002,"STATEN ISLAND 1.4 SE, NY US",40.567385,-74.132695,2025-03-24,0.36,0.014,,,rain
GHCND:US1NYRC0002,"STATEN ISLAND 1.4 SE, NY US",40.567385,-74.132695,2025-03-25,1.19,0.047,,,rain
GHCND:US1NYRC0002,"STATEN ISLAND 1.4 SE, NY US",40.567385,-74.132695,2025-03-26,0.0,0.0,0.0,,none
GHCND:US1NYRC0002,"STATEN ISLAND 1.4 SE, NY US",40.567385,-74.132695,2025-03-27,0.1,0.004,,,rain
GHCND:US1NYRC0002,"STATEN ISLAND 1.4 SE, NY US",40.567385,-74.132695,2025-04-02,0.0,0.0,0.0,,none
GHCND:US1NYRC0002,"STATEN ISLAND 1.4 SE, NY US",40.567385,-74.132695,2025-04-03,0.15,0.006,,,rain
GHCND:US1NYRC0002,"STATEN ISLAND 1.4 SE, NY US",40.567385,-74.132695,2025-04-04,0.36,0.014,,,rain
GHCND:US1NYRC0002,"STATEN ISLAND 1.4 SE, NY US",40.567385,-74.132695,2025-04-05,0.08,0.003,,,rain
GHCND:US1NYRC0002,"STATEN ISLAND 1.4 SE, NY US",40.567385,-74.132695,2025-04-07,0.2,0.008,,,rain
GHCND:US1NYRC0002,"STATEN ISLAND 1.4 SE, NY US",40.567385,-74.132695,2025-04-09,0.0,0.0,0.0,,none
GHCND:US1NYRC0002,"STATEN ISLAND 1.4 SE, NY US",40.567385,-74.132695,2025-04-13,0.48,0.019,,,rain
GHCND:US1NYRC0002,"STATEN ISLAND 1.4 SE, NY US",40.567385,-74.132695,2025-04-16,0.0,0.0,,,none
GHCND:US1NYRC0002,"STATEN ISLAND 1.4 SE, NY US",40.567385,-74.132695,2025-04-17,0.0,0.0,0.0,,none
GHCND:US1NYRC0002,"STATEN ISLAND 1.4 SE, NY US",40.567385,-74.132695,2025-04-18,0.0,0.0,0.0,,none
GHCND:US1NYRC0002,"STATEN ISLAND 1.4 SE, NY US",40.567385,-74.132695,2025-04-19,0.0,0.0,0.0,,none
GHCND:US1NYRC0002,"STATEN ISLAND 1.4 SE, NY US",40.567385,-74.132695,2025-04-21,0.0,0.0,0.0,,none
GHCND:US1NYRC0002,"STATEN ISLAND 1.4 SE, NY US",40.567385,-74.132695,2025-04-22,0.0,0.0,,,none
GHCND:US1NYRC0002,"STATEN ISLAND 1.4 SE, NY US",40.567385,-74.132695,2025-04-23,0.0,0.0,0.0,,none
GHCND:US1NYRC0002,"STATEN ISLAND 1.4 SE, NY US",40.567385,-74.132695,2025-04-25,0.0,0.0,0.0,,none
GHCND:US1NYRC0002,"STATEN ISLAND 1.4 SE, NY US",40.567385,-74.132695,2025-04-29,0.0,0.0,0.0,,none
GHCND:US1NYRC0002,"STATEN ISLAND 1.4 SE, NY US",40.567385,-74.132695,2025-04-30,0.0,0.0,0.0,,none
GHCND:US1NYRC0002,"STATEN ISLAND 1.4 SE, NY US",40.567385,-74.132695,2025-05-03,0.0,0.0,0.0,,none
GHCND:US1NYRC0002,"STATEN ISLAND 1.4 SE, NY US",40.567385,-74.132695,2025-05-04,0.22999999999999998,0.009,,,rain
GHCND:US1NYRC0002,"STATEN ISLAND 1.4 SE, NY US",40.567385,-74.132695,2025-05-06,1.45,0.057,,,rain
GHCND:US1NYRC0002,"STATEN ISLAND 1.4 SE, NY US",40.567385,-74.132695,2025-05-07,0.27999999999999997,0.011,,,rain
GHCND:US1NYRC0002,"STATEN ISLAND 1.4 SE, NY US",40.567385,-74.132695,2025-05-08,0.0,0.0,0.0,,none
GHCND:US1NYRC0002,"STATEN ISLAND 1.4 SE, NY US",40.567385,-74.132695,2025-05-10,1.3,0.051,,,rain
GHCND:US1NYRC0002,"STATEN ISLAND 1.4 SE, NY US",40.567385,-74.132695,2025-05-11,0.0,0.0,0.0,,none
GHCND:US1NYRC0002,"STATEN ISLAND 1.4 SE, NY US",40.567385,-74.132695,2025-05-12,0.0,0.0,0.0,,none
GHCND:US1NYRC0002,"STATEN ISLAND 1.4 SE, NY US",40.567385,-74.132695,2025-05-13,0.03,0.001,,,rain
GHCND:US1NYRC0002,"STATEN ISLAND 1.4 SE, NY US",40.567385,-74.132695,2025-05-17,0.38,0.015,,,rain
GHCND:US1NYRC0002,"STATEN ISLAND 1.4 SE, NY US",40.567385,-74.132695,2025-05-20,0.0,0.0,0.0,,none
GHCND:US1NYRC0002,"STATEN ISLAND 1.4 SE, NY US",40.567385,-74.132695,2025-05-21,0.0,0.0,0.0,,none
GHCND:US1NYRC0002,"STATEN ISLAND 1.4 SE, NY US",40.567385,-74.132695,2025-05-30,0.0,0.0,,,none
GHCND:US1NYRC0002,"STATEN ISLAND 1.4 SE, NY US",40.567385,-74.132695,2025-06-21,0.0,0.0,0.0,,none
GHCND:US1NYRC0002,"STATEN ISLAND 1.4 SE, NY US",40.567385,-74.132695,2025-06-23,0.2,0.008,,,rain
GHCND:US1NYRC0002,"STATEN ISLAND 1.4 SE, NY US",40.567385,-74.132695,2025-06-24,0.0,0.0,0.0,,none
GHCND:US1NYRC0002,"STATEN ISLAND 1.4 SE, NY US",40.567385,-74.132695,2025-06-25,0.0,0.0,0.0,,none
GHCND:US1NYRC0002,"STATEN ISLAND 1.4 SE, NY US",40.567385,-74.132695,2025-07-16,0.0,0.0,0.0,,none
GHCND:US1NYRC0002,"STATEN ISLAND 1.4 SE, NY US",40.567385,-74.132695,2025-07-24,0.0,0.0,0.0,,none
GHCND:US1NYRC0002,"STATEN ISLAND 1.4 SE, NY US",40.567385,-74.132695,2025-07-25,0.0,0.0,0.0,,none
GHCND:US1NYRC0002,"STATEN ISLAND 1.4 SE, NY US",40.567385,-74.132695,2025-07-26,0.79,0.031,,,rain
GHCND:US1NYRC0002,"STATEN ISLAND 1.4 SE, NY US",40.567385,-74.132695,2025-08-20,0.0,0.0,,,none
GHCND:US1NYRC0002,"STATEN ISLAND 1.4 SE, NY US",40.567385,-74.132695,2025-09-05,0.9099999999999999,0.036,,,rain
GHCND:US1NYRC0002,"STATEN ISLAND 1.4 SE, NY US",40.567385,-74.132695,2025-09-18,0.48,0.019,,,rain
GHCND:US1NYRC0002,"STATEN ISLAND 1.4 SE, NY US",40.567385,-74.132695,2025-10-08,0.0,0.0,,,none
GHCND:US1NYRC0002,"STATEN ISLAND 1.4 SE, NY US",40.567385,-74.132695,2025-10-18,0.0,0.0,0.0,,none
GHCND:US1NYRC0002,"STATEN ISLAND 1.4 SE, NY US",40.567385,-74.132695,2025-10-24,0.0,0.0,0.0,,none
GHCND:US1NYRC0002,"STATEN ISLAND 1.4 SE, NY US",40.567385,-74.132695,2025-10-26,0.0,0.0,0.0,,none
GHCND:US1NYRC0002,"STATEN ISLAND 1.4 SE, NY US",40.567385,-74.132695,2025-10-30,0.8099999999999999,0.032,,,rain
GHCND:US1NYRC0002,"STATEN ISLAND 1.4 SE, NY US",40.567385,-74.132695,2025-11-02,0.0,0.0,0.0,,none
GHCND:US1NYRC0002,"STATEN ISLAND 1.4 SE, NY US",40.567385,-74.132695,2025-11-03,0.0,0.0,0.0,,none
GHCND:US1NYRC0002,"STATEN ISLAND 1.4 SE, NY US",40.567385,-74.132695,2025-11-12,0.0,0.0,0.0,,none
GHCND:US1NYRC0002,"STATEN ISLAND 1.4 SE, NY US",40.567385,-74.132695,2025-11-20,0.3,0.012,,,rain
GHCND:US1NYRC0002,"STATEN ISLAND 1.4 SE, NY US",40.567385,-74.132695,2025-11-26,1.3,0.051,,,rain
GHCND:US1NYRC0002,"STATEN ISLAND 1.4 SE, NY US",40.567385,-74.132695,2025-12-09,0.0,0.0,0.0,,none
GHCND:US1NYRC0002,"STATEN ISLAND 1.4 SE, NY US",40.567385,-74.132695,2025-12-10,0.0,0.0,0.0,,none
GHCND:US1NYRC0002,"STATEN ISLAND 1.4 SE, NY US",40.567385,-74.132695,2025-12-16,0.0,0.0,0.0,,none
GHCND:US1NYRC0002,"STATEN ISLAND 1.4 SE, NY US",40.567385,-74.132695,2025-12-17,0.0,0.0,0.0,,none
GHCND:US1NYRC0002,"STATEN ISLAND 1.4 SE, NY US",40.567385,-74.132695,2025-12-18,0.0,0.0,0.0,,none
GHCND:US1NYRC0002,"STATEN ISLAND 1.4 SE, NY US",40.567385,-74.132695,2025-12-19,2.21,0.087,,,rain
GHCND:US1NYRC0002,"STATEN ISLAND 1.4 SE, NY US",40.567385,-74.132695,2025-12-26,0.0,0.0,0.0,,none
GHCND:US1NYRC0016,"STATEN ISLAND 2.6 N, NY US",40.615654,-74.145561,2025-02-16,1.85,0.073,,,rain
GHCND:US1NYRC0016,"STATEN ISLAND 2.6 N, NY US",40.615654,-74.145561,2025-03-06,3.05,0.12,,,rain
GHCND:US1NYRC0016,"STATEN ISLAND 2.6 N, NY US",40.615654,-74.145561,2025-05-04,0.22999999999999998,0.009,,,rain
GHCND:US1NYRC0016,"STATEN ISLAND 2.6 N, NY US",40.615654,-74.145561,2025-05-10,1.3,0.051,,,rain
GHCND:US1NYRC0016,"STATEN ISLAND 2.6 N, NY US",40.615654,-74.145561,2025-07-25,1.47,0.058,,,rain
GHCND:US1NYRC0016,"STATEN ISLAND 2.6 N, NY US",40.615654,-74.145561,2025-07-31,6.76,0.266,,,rain
GHCND:US1NYRC0016,"STATEN ISLAND 2.6 N, NY US",40.615654,-74.145561,2025-09-18,0.8099999999999999,0.032,,,rain
GHCND:US1NYRC0016,"STATEN ISLAND 2.6 N, NY US",40.615654,-74.145561,2025-10-30,0.64,0.025,,,rain
GHCND:US1NYRC0016,"STATEN ISLAND 2.6 N, NY US",40.615654,-74.145561,2025-11-10,0.9400000000000001,0.037,,,rain
GHCND:US1NYRC0016,"STATEN ISLAND 2.6 N, NY US",40.615654,-74.145561,2025-11-26,1.9100000000000001,0.075,,,rain
GHCND:US1NYRC0016,"STATEN ISLAND 2.6 N, NY US",40.615654,-74.145561,2025-12-02,1.22,0.048,,,rain
GHCND:USC00283704,"HARRISON, NJ US",40.7481,-74.152,2025-01-12,0.0,0.0,0.0,-0.27999999999999997,none
GHCND:USC00283704,"HARRISON, NJ US",40.7481,-74.152,2025-01-14,0.0,0.0,0.0,-0.27999999999999997,none
GHCND:USC00283704,"HARRISON, NJ US",40.7481,-74.152,2025-01-15,0.0,0.0,0.0,-0.61,none
GHCND:USC00283704,"HARRISON, NJ US",40.7481,-74.152,2025-01-16,0.0,0.0,0.0,-0.5599999999999999,none
GHCND:USC00283704,"HARRISON, NJ US",40.7481,-74.152,2025-01-18,0.0,0.0,0.0,-0.44000000000000006,none
GHCND:USC00283704,"HARRISON, NJ US",40.7481,-74.152,2025-01-19,0.1,0.004,0.0,0.11000000000000001,rain
GHCND:USC00283704,"HARRISON, NJ US",40.7481,-74.152,2025-01-20,0.8099999999999999,0.032,76.0,-0.89,snow
GHCND:USC00283704,"HARRISON, NJ US",40.7481,-74.152,2025-01-21,0.0,0.0,0.0,-1.28,none
GHCND:USC00283704,"HARRISON, NJ US",40.7481,-74.152,2025-01-22,0.0,0.0,0.0,-1.28,none
GHCND:USC00283704,"HARRISON, NJ US",40.7481,-74.152,2025-01-23,0.0,0.0,0.0,-1.28,none
GHCND:USC00283704,"HARRISON, NJ US",40.7481,-74.152,2025-01-24,0.0,0.0,0.0,-0.9400000000000001,none
GHCND:USC00283704,"HARRISON, NJ US",40.7481,-74.152,2025-01-25,0.0,0.0,0.0,-0.8300000000000001,none
GHCND:USC00283704,"HARRISON, NJ US",40.7481,-74.152,2025-01-30,0.0,0.0,0.0,-0.44000000000000006,none
GHCND:USC00283704,"HARRISON, NJ US",40.7481,-74.152,2025-01-31,0.05,0.002,0.0,-0.44000000000000006,likely snow
GHCND:USC00283704,"HARRISON, NJ US",40.7481,-74.152,2025-02-05,0.0,0.0,0.0,-0.32999999999999996,none
GHCND:USC00283704,"HARRISON, NJ US",40.7481,-74.152,2025-02-08,0.0,0.0,0.0,-0.39,none
GHCND:USC00283704,"HARRISON, NJ US",40.7481,-74.152,2025-02-09,1.55,0.061,71.0,-0.39,snow
GHCND:USC00283704,"HARRISON, NJ US",40.7481,-74.152,2025-02-10,0.0,0.0,0.0,-0.16999999999999998,none
GHCND:USC00283704,"HARRISON, NJ US",40.7481,-74.152,2025-02-11,0.0,0.0,0.0,-0.5,none
GHCND:USC00283704,"HARRISON, NJ US",40.7481,-74.152,2025-02-12,0.41,0.016,38.0,-0.27999999999999997,snow
GHCND:USC00283704,"HARRISON, NJ US",40.7481,-74.152,2025-02-13,0.79,0.031,0.0,-0.11000000000000001,likely snow
GHCND:USC00283704,"HARRISON, NJ US",40.7481,-74.152,2025-02-16,1.8800000000000001,0.074,15.0,-0.32999999999999996,snow
GHCND:USC00283704,"HARRISON, NJ US",40.7481,-74.152,2025-02-19,0.0,0.0,0.0,-0.9400000000000001,none
GHCND:USC00283704,"HARRISON, NJ US",40.7481,-74.152,2025-02-24,0.0,0.0,0.0,-0.11000000000000001,none
GHCND:USC00283704,"HARRISON, NJ US",40.7481,-74.152,2025-02-25,0.0,0.0,0.0,0.0,none
GHCND:USC00283704,"HARRISON, NJ US",40.7481,-74.152,2025-03-02,0.0,0.0,0.0,-0.72,none
GHCND:USC00283704,"HARRISON, NJ US",40.7481,-74.152,2025-03-05,0.0,0.0,0.0,0.16999999999999998,none
GHCND:USC00283704,"HARRISON, NJ US",40.7481,-74.152,2025-03-06,4.9,0.193,0.0,0.9400000000000001,rain
GHCND:USC00283704,"HARRISON, NJ US",40.7481,-74.152,2025-03-08,0.0,0.0,0.0,0.06,none
GHCND:USC00283704,"HARRISON, NJ US",40.7481,-74.152,2025-03-09,0.0,0.0,0.0,-0.06,none
GHCND:USC00283704,"HARRISON, NJ US",40.7481,-74.152,2025-03-11,0.0,0.0,0.0,0.39,none
GHCND:USC00283704,"HARRISON, NJ US",40.7481,-74.152,2025-03-14,0.0,0.0,0.0,0.32999999999999996,none
GHCND:USC00283704,"HARRISON, NJ US",40.7481,-74.152,2025-03-16,0.03,0.001,0.0,0.5,rain
GHCND:USC00283704,"HARRISON, NJ US",40.7481,-74.152,2025-03-18,0.0,0.0,0.0,0.06,none
GHCND:USC00283704,"HARRISON, NJ US",40.7481,-74.152,2025-03-19,0.0,0.0,0.0,0.06,none
GHCND:USC00283704,"HARRISON, NJ US",40.7481,-74.152,2025-03-21,2.79,0.11,0.0,0.39,rain
GHCND:USC00283704,"HARRISON, NJ US",40.7481,-74.152,2025-03-24,0.38,0.015,0.0,-0.11000000000000001,likely snow
GHCND:USC00283704,"HARRISON, NJ US",40.7481,-74.152,2025-03-25,0.86,0.034,0.0,0.39,rain
GHCND:USC00283704,"HARRISON, NJ US",40.7481,-74.152,2025-03-26,0.0,0.0,0.0,0.39,none
GHCND:USC00283704,"HARRISON, NJ US",40.7481,-74.152,2025-03-27,0.0,0.0,0.0,0.0,none
GHCND:USC00283704,"HARRISON, NJ US",40.7481,-74.152,2025-03-29,0.08,0.003,0.0,0.8300000000000001,rain
GHCND:USC00283704,"HARRISON, NJ US",40.7481,-74.152,2025-03-30,0.0,0.0,0.0,0.5599999999999999,none
GHCND:USC00283704,"HARRISON, NJ US",40.7481,-74.152,2025-03-31,0.13,0.005,0.0,0.67,rain
GHCND:USC00283704,"HARRISON, NJ US",40.7481,-74.152,2025-04-02,0.0,0.0,0.0,0.22000000000000003,none
GHCND:USC00283704,"HARRISON, NJ US",40.7481,-74.152,2025-04-03,0.22999999999999998,0.009,0.0,0.22000000000000003,rain
GHCND:USC00283704,"HARRISON, NJ US",40.7481,-74.152,2025-04-04,0.3,0.012,0.0,0.89,rain
GHCND:USC00283704,"HARRISON, NJ US",40.7481,-74.152,2025-04-05,0.0,0.0,0.0,1.17,none
GHCND:USC00283704,"HARRISON, NJ US",40.7481,-74.152,2025-04-07,0.2,0.008,0.0,0.39,rain
GHCND:USC00283704,"HARRISON, NJ US",40.7481,-74.152,2025-04-09,0.0,0.0,0.0,-0.11000000000000001,none
GHCND:USC00283704,"HARRISON, NJ US",40.7481,-74.152,2025-04-13,0.9400000000000001,0.037,0.0,0.16999999999999998,rain
GHCND:USC00283704,"HARRISON, NJ US",40.7481,-74.152,2025-04-16,0.0,0.0,0.0,0.72,none
GHCND:USC00283704,"HARRISON, NJ US",40.7481,-74.152,2025-04-17,0.0,0.0,0.0,0.5,none
GHCND:USC00283704,"HARRISON, NJ US",40.7481,-74.152,2025-04-18,0.0,0.0,0.0,0.44000000000000006,none
GHCND:USC00283704,"HARRISON, NJ US",40.7481,-74.152,2025-04-19,0.0,0.0,0.0,0.72,none
GHCND:USC00283704,"HARRISON, NJ US",40.7481,-74.152,2025-04-21,0.0,0.0,0.0,0.89,none
GHCND:USC00283704,"HARRISON, NJ US",40.7481,-74.152,2025-04-22,0.0,0.0,0.0,1.06,none
GHCND:USC00283704,"HARRISON, NJ US",40.7481,-74.152,2025-04-23,0.0,0.0,0.0,1.22,none
GHCND:USC00283704,"HARRISON, NJ US",40.7481,-74.152,2025-04-25,0.0,0.0,0.0,1.1099999999999999,none
GHCND:USC00283704,"HARRISON, NJ US",40.7481,-74.152,2025-04-26,0.43,0.017,0.0,1.5,rain
GHCND:USC00283704,"HARRISON, NJ US",40.7481,-74.152,2025-04-27,0.61,0.024,0.0,0.89,rain
GHCND:USC00283704,"HARRISON, NJ US",40.7481,-74.152,2025-04-28,0.0,0.0,0.0,0.9400000000000001,none
GHCND:USC00283704,"HARRISON, NJ US",40.7481,-74.152,2025-04-29,0.0,0.0,0.0,1.1099999999999999,none
GHCND:USC00283704,"HARRISON, NJ US",40.7481,-74.152,2025-04-30,0.0,0.0,0.0,1.5,none
GHCND:USC00283704,"HARRISON, NJ US",40.7481,-74.152,2025-05-03,0.0,0.0,0.0,1.5,none
GHCND:USC00283704,"HARRISON, NJ US",40.7481,-74.152,2025-05-04,1.04,0.041,0.0,1.67,rain
GHCND:USC00283704,"HARRISON, NJ US",40.7481,-74.152,2025-05-06,1.73,0.068,0.0,1.5,rain
GHCND:USC00283704,"HARRISON, NJ US",40.7481,-74.152,2025-05-07,0.32999999999999996,0.013,0.0,1.22,rain
GHCND:USC00283704,"HARRISON, NJ US",40.7481,-74.152,2025-05-08,0.0,0.0,0.0,1.33,none
GHCND:USC00283704,"HARRISON, NJ US",40.7481,-74.152,2025-05-10,0.8099999999999999,0.032,0.0,0.9400000000000001,rain
GHCND:USC00283704,"HARRISON, NJ US",40.7481,-74.152,2025-05-11,0.0,0.0,0.0,1.06,none
GHCND:USC00283704,"HARRISON, NJ US",40.7481,-74.152,2025-05-12,0.0,0.0,0.0,1.06,none
GHCND:USC00283704,"HARRISON, NJ US",40.7481,-74.152,2025-05-13,0.0,0.0,0.0,1.17,none
GHCND:USC00283704,"HARRISON, NJ US",40.7481,-74.152,2025-05-17,0.74,0.029,0.0,1.72,rain
GHCND:USC00283704,"HARRISON, NJ US",40.7481,-74.152,2025-05-20,0.0,0.0,0.0,0.8300000000000001,none
GHCND:USC00283704,"HARRISON, NJ US",40.7481,-74.152,2025-05-21,0.0,0.0,0.0,1.17,none
GHCND:USC00283704,"HARRISON, NJ US",40.7481,-74.152,2025-05-30,0.0,0.0,0.0,1.33,none
GHCND:USC00283704,"HARRISON, NJ US",40.7481,-74.152,2025-06-05,0.0,0.0,0.0,1.72,none
GHCND:USC00283704,"HARRISON, NJ US",40.7481,-74.152,2025-06-07,0.61,0.024,0.0,2.2199999999999998,rain
GHCND:USC00283704,"HARRISON, NJ US",40.7481,-74.152,2025-06-09,0.03,0.001,0.0,1.67,rain
GHCND:USC00283704,"HARRISON, NJ US",40.7481,-74.152,2025-06-10,0.48,0.019,0.0,1.61,rain
GHCND:USC00283704,"HARRISON, NJ US",40.7481,-74.152,2025-06-11,2.87,0.113,0.0,1.67,rain
GHCND:USC00283704,"HARRISON, NJ US",40.7481,-74.152,2025-06-12,0.0,0.0,0.0,1.78,none
GHCND:USC00283704,"HARRISON, NJ US",40.7481,-74.152,2025-06-21,0.0,0.0,0.0,2.1100000000000003,none
GHCND:USC00283704,"HARRISON, NJ US",40.7481,-74.152,2025-06-23,0.15,0.006,0.0,2.3899999999999997,rain
GHCND:USC00283704,"HARRISON, NJ US",40.7481,-74.152,2025-06-24,0.0,0.0,0.0,2.7199999999999998,none
GHCND:USC00283704,"HARRISON, NJ US",40.7481,-74.152,2025-06-25,0.0,0.0,0.0,2.7800000000000002,none
GHCND:USC00283704,"HARRISON, NJ US",40.7481,-74.152,2025-07-16,0.0,0.0,0.0,2.2800000000000002,none
GHCND:USC00283704,"HARRISON, NJ US",40.7481,-74.152,2025-07-24,0.0,0.0,0.0,1.94,none
GHCND:USC00283704,"HARRISON, NJ US",40.7481,-74.152,2025-07-25,0.0,0.0,0.0,2.17,none
GHCND:USC00283704,"HARRISON, NJ US",40.7481,-74.152,2025-07-26,1.52,0.06,0.0,2.2800000000000002,rain
GHCND:USC00283704,"HARRISON, NJ US",40.7481,-74.152,2025-07-31,0.0,0.0,0.0,2.56,none
GHCND:USC00283704,"HARRISON, NJ US",40.7481,-74.152,2025-08-13,0.0,0.0,0.0,2.17,none
GHCND:USC00283704,"HARRISON, NJ US",40.7481,-74.152,2025-08-14,3.18,0.125,0.0,2.2800000000000002,rain
GHCND:USC00283704,"HARRISON, NJ US",40.7481,-74.152,2025-08-17,0.0,0.0,0.0,2.2800000000000002,none
GHCND:USC00283704,"HARRISON, NJ US",40.7481,-74.152,2025-08-20,0.0,0.0,0.0,1.83,none
GHCND:USC00283704,"HARRISON, NJ US",40.7481,-74.152,2025-08-30,0.0,0.0,0.0,1.3900000000000001,none
GHCND:USC00283704,"HARRISON, NJ US",40.7481,-74.152,2025-09-05,2.2600000000000002,0.089,0.0,1.83,rain
GHCND:USC00283704,"HARRISON, NJ US",40.7481,-74.152,2025-09-18,0.6599999999999999,0.026,0.0,1.67,rain
GHCND:USC00283704,"HARRISON, NJ US",40.7481,-74.152,2025-10-08,0.6900000000000001,0.027,0.0,1.78,rain
GHCND:USC00283704,"HARRISON, NJ US",40.7481,-74.152,2025-10-18,0.0,0.0,0.0,0.67,none
GHCND:USC00283704,"HARRISON, NJ US",40.7481,-74.152,2025-10-24,0.0,0.0,0.0,0.67,none
GHCND:USC00283704,"HARRISON, NJ US",40.7481,-74.152,2025-10-26,0.0,0.0,0.0,0.61,none
GHCND:USC00283704,"HARRISON, NJ US",40.7481,-74.152,2025-10-30,0.53,0.021,0.0,0.8300000000000001,rain
GHCND:USC00283704,"HARRISON, NJ US",40.7481,-74.152,2025-11-02,0.0,0.0,0.0,0.78,none
GHCND:USC00283704,"HARRISON, NJ US",40.7481,-74.152,2025-11-03,0.0,0.0,0.0,0.72,none
GHCND:USC00283704,"HARRISON, NJ US",40.7481,-74.152,2025-11-08,0.27999999999999997,0.011,0.0,0.32999999999999996,rain
GHCND:USC00283704,"HARRISON, NJ US",40.7481,-74.152,2025-11-09,0.0,0.0,0.0,0.8300000000000001,none
GHCND:USC00283704,"HARRISON, NJ US",40.7481,-74.152,2025-11-10,0.74,0.029,0.0,0.89,rain
GHCND:USC00283704,"HARRISON, NJ US",40.7481,-74.152,2025-11-12,0.0,0.0,0.0,0.11000000000000001,none
GHCND:USC00283704,"HARRISON, NJ US",40.7481,-74.152,2025-11-20,0.36,0.014,0.0,0.06,rain
GHCND:USC00283704,"HARRISON, NJ US",40.7481,-74.152,2025-11-26,2.3899999999999997,0.094,0.0,0.61,rain
GHCND:USC00283704,"HARRISON, NJ US",40.7481,-74.152,2025-12-02,0.0,0.0,0.0,-0.11000000000000001,none
GHCND:USC00283704,"HARRISON, NJ US",40.7481,-74.152,2025-12-03,2.31,0.091,0.0,-0.11000000000000001,likely snow
GHCND:USC00283704,"HARRISON, NJ US",40.7481,-74.152,2025-12-09,0.0,0.0,0.0,-0.89,none
GHCND:USC00283704,"HARRISON, NJ US",40.7481,-74.152,2025-12-10,0.0,0.0,0.0,-0.89,none
GHCND:USC00283704,"HARRISON, NJ US",40.7481,-74.152,2025-12-13,0.0,0.0,0.0,-0.5,none
GHCND:USC00283704,"HARRISON, NJ US",40.7481,-74.152,2025-12-14,0.76,0.03,64.0,-0.32999999999999996,snow
GHCND:USC00283704,"HARRISON, NJ US",40.7481,-74.152,2025-12-15,0.38,0.015,36.0,-0.78,snow
GHCND:USC00283704,"HARRISON, NJ US",40.7481,-74.152,2025-12-16,0.0,0.0,0.0,-0.67,none
GHCND:USC00283704,"HARRISON, NJ US",40.7481,-74.152,2025-12-17,0.0,0.0,0.0,-0.5,none
GHCND:USC00283704,"HARRISON, NJ US",40.7481,-74.152,2025-12-18,0.0,0.0,0.0,-0.22000000000000003,none
GHCND:USC00283704,"HARRISON, NJ US",40.7481,-74.152,2025-12-19,2.0300000000000002,0.08,0.0,-0.16999999999999998,likely snow
GHCND:USC00283704,"HARRISON, NJ US",40.7481,-74.152,2025-12-26,0.0,0.0,0.0,-0.67,none
GHCND:USC00283704,"HARRISON, NJ US",40.7481,-74.152,2025-12-27,1.35,0.053,102.0,-0.67,snow
GHCND:USC00283704,"HARRISON, NJ US",40.7481,-74.152,2025-12-28,0.0,0.0,0.0,-0.67,none
GHCND:USC00283704,"HARRISON, NJ US",40.7481,-74.152,2025-12-29,0.13,0.005,0.0,-0.67,likely snow
GHCND:USC00283704,"HARRISON, NJ US",40.7481,-74.152,2025-12-30,0.2,0.008,0.0,-0.16999999999999998,likely snow
GHCND:USC00283704,"HARRISON, NJ US",40.7481,-74.152,2025-12-31,0.0,0.0,0.0,-0.32999999999999996,none
GHCND:USC00288884,"TETERBORO AIRPORT, NJ US",40.85898,-74.05616,2025-01-12,0.03,0.001,,-0.27999999999999997,likely snow
GHCND:USC00288884,"TETERBORO AIRPORT, NJ US",40.85898,-74.05616,2025-01-14,0.0,0.0,,-0.32999999999999996,none
GHCND:USC00288884,"TETERBORO AIRPORT, NJ US",40.85898,-74.05616,2025-01-15,0.0,0.0,,-0.5599999999999999,none
GHCND:USC00288884,"TETERBORO AIRPORT, NJ US",40.85898,-74.05616,2025-01-16,0.0,0.0,,-0.78,none
GHCND:USC00288884,"TETERBORO AIRPORT, NJ US",40.85898,-74.05616,2025-01-18,0.0,0.0,,-0.44000000000000006,none
GHCND:USC00288884,"TETERBORO AIRPORT, NJ US",40.85898,-74.05616,2025-01-19,0.13,0.005,,-0.16999999999999998,likely snow
GHCND:USC00288884,"TETERBORO AIRPORT, NJ US",40.85898,-74.05616,2025-01-20,0.6900000000000001,0.027,,-0.89,likely snow
GHCND:USC00288884,"TETERBORO AIRPORT, NJ US",40.85898,-74.05616,2025-01-21,0.0,0.0,,-1.44,none
GHCND:USC00288884,"TETERBORO AIRPORT, NJ US",40.85898,-74.05616,2025-01-22,0.0,0.0,,-1.3900000000000001,none
GHCND:USC00288884,"TETERBORO AIRPORT, NJ US",40.85898,-74.05616,2025-01-23,0.0,0.0,,-1.3900000000000001,none
GHCND:USC00288884,"TETERBORO AIRPORT, NJ US",40.85898,-74.05616,2025-01-24,0.0,0.0,,-1.0,none
GHCND:USC00288884,"TETERBORO AIRPORT, NJ US",40.85898,-74.05616,2025-01-25,0.0,0.0,,-1.17,none
GHCND:USC00288884,"TETERBORO AIRPORT, NJ US",40.85898,-74.05616,2025-01-30,0.0,0.0,,-0.44000000000000006,none
GHCND:USC00288884,"TETERBORO AIRPORT, NJ US",40.85898,-74.05616,2025-01-31,0.15,0.006,,-0.44000000000000006,likely snow
GHCND:USC00288884,"TETERBORO AIRPORT, NJ US",40.85898,-74.05616,2025-02-05,0.0,0.0,,-0.32999999999999996,none
GHCND:USC00288884,"TETERBORO AIRPORT, NJ US",40.85898,-74.05616,2025-02-08,0.0,0.0,,-0.5,none
GHCND:USC00288884,"TETERBORO AIRPORT, NJ US",40.85898,-74.05616,2025-02-09,1.6300000000000001,0.064,,-0.39,likely snow
GHCND:USC00288884,"TETERBORO AIRPORT, NJ US",40.85898,-74.05616,2025-02-10,0.0,0.0,,-0.16999999999999998,none
GHCND:USC00288884,"TETERBORO AIRPORT, NJ US",40.85898,-74.05616,2025-02-11,0.0,0.0,,-0.67,none
GHCND:USC00288884,"TETERBORO AIRPORT, NJ US",40.85898,-74.05616,2025-02-12,0.25,0.01,,-0.5,likely snow
GHCND:USC00288884,"TETERBORO AIRPORT, NJ US",40.85898,-74.05616,2025-02-13,0.48,0.019,,-0.11000000000000001,likely snow
GHCND:USC00288884,"TETERBORO AIRPORT, NJ US",40.85898,-74.05616,2025-02-16,1.6800000000000002,0.066,,-0.22000000000000003,likely snow
GHCND:USC00288884,"TETERBORO AIRPORT, NJ US",40.85898,-74.05616,2025-02-19,0.0,0.0,,-0.8300000000000001,none
GHCND:USC00288884,"TETERBORO AIRPORT, NJ US",40.85898,-74.05616,2025-02-24,0.0,0.0,,-0.22000000000000003,none
GHCND:USC00288884,"TETERBORO AIRPORT, NJ US",40.85898,-74.05616,2025-02-25,0.0,0.0,,0.16999999999999998,none
GHCND:USC00288884,"TETERBORO AIRPORT, NJ US",40.85898,-74.05616,2025-03-02,0.0,0.0,,-0.67,none
GHCND:USC00288884,"TETERBORO AIRPORT, NJ US",40.85898,-74.05616,2025-03-06,3.7299999999999995,0.147,,0.78,rain
GHCND:USC00288884,"TETERBORO AIRPORT, NJ US",40.85898,-74.05616,2025-03-08,0.0,0.0,,0.11000000000000001,none
GHCND:USC00288884,"TETERBORO AIRPORT, NJ US",40.85898,-74.05616,2025-03-09,0.0,0.0,,-0.27999999999999997,none
GHCND:USC00288884,"TETERBORO AIRPORT, NJ US",40.85898,-74.05616,2025-03-11,0.0,0.0,,0.27999999999999997,none
GHCND:USC00288884,"TETERBORO AIRPORT, NJ US",40.85898,-74.05616,2025-03-14,0.0,0.0,,0.32999999999999996,none
GHCND:USC00288884,"TETERBORO AIRPORT, NJ US",40.85898,-74.05616,2025-03-18,0.03,0.001,,0.11000000000000001,rain
GHCND:USC00288884,"TETERBORO AIRPORT, NJ US",40.85898,-74.05616,2025-03-19,0.0,0.0,,0.16999999999999998,none
GHCND:USC00288884,"TETERBORO AIRPORT, NJ US",40.85898,-74.05616,2025-03-21,2.41,0.095,,0.32999999999999996,rain
GHCND:USC00288884,"TETERBORO AIRPORT, NJ US",40.85898,-74.05616,2025-03-24,0.2,0.008,,-0.06,likely snow
GHCND:USC00288884,"TETERBORO AIRPORT, NJ US",40.85898,-74.05616,2025-03-25,0.6599999999999999,0.026,,0.44000000000000006,rain
GHCND:USC00288884,"TETERBORO AIRPORT, NJ US",40.85898,-74.05616,2025-03-26,0.0,0.0,,0.39,none
GHCND:USC00288884,"TETERBORO AIRPORT, NJ US",40.85898,-74.05616,2025-03-27,0.0,0.0,,0.0,none
GHCND:USC00288884,"TETERBORO AIRPORT, NJ US",40.85898,-74.05616,2025-03-29,0.08,0.003,,0.78,rain
GHCND:USC00288884,"TETERBORO AIRPORT, NJ US",40.85898,-74.05616,2025-03-30,0.0,0.0,,0.5,none
GHCND:USC00288884,"TETERBORO AIRPORT, NJ US",40.85898,-74.05616,2025-03-31,0.15,0.006,,0.5599999999999999,rain
GHCND:USC00288884,"TETERBORO AIRPORT, NJ US",40.85898,-74.05616,2025-04-02,0.0,0.0,,0.39,none
GHCND:USC00288884,"TETERBORO AIRPORT, NJ US",40.85898,-74.05616,2025-04-03,0.22999999999999998,0.009,,0.27999999999999997,rain
GHCND:USC00288884,"TETERBORO AIRPORT, NJ US",40.85898,-74.05616,2025-04-04,0.13,0.005,,0.89,rain
GHCND:USC00288884,"TETERBORO AIRPORT, NJ US",40.85898,-74.05616,2025-04-05,0.0,0.0,,1.1099999999999999,none
GHCND:USC00288884,"TETERBORO AIRPORT, NJ US",40.85898,-74.05616,2025-04-07,0.18,0.007,,0.39,rain
GHCND:USC00288884,"TETERBORO AIRPORT, NJ US",40.85898,-74.05616,2025-04-09,0.0,0.0,,-0.06,none
GHCND:USC00288884,"TETERBORO AIRPORT, NJ US",40.85898,-74.05616,2025-04-13,0.51,0.02,,0.22000000000000003,rain
GHCND:USC00288884,"TETERBORO AIRPORT, NJ US",40.85898,-74.05616,2025-04-16,0.0,0.0,,0.67,none
GHCND:USC00288884,"TETERBORO AIRPORT, NJ US",40.85898,-74.05616,2025-04-17,0.0,0.0,,0.44000000000000006,none
GHCND:USC00288884,"TETERBORO AIRPORT, NJ US",40.85898,-74.05616,2025-04-18,0.0,0.0,,0.32999999999999996,none
GHCND:USC00288884,"TETERBORO AIRPORT, NJ US",40.85898,-74.05616,2025-04-19,0.0,0.0,,0.78,none
GHCND:USC00288884,"TETERBORO AIRPORT, NJ US",40.85898,-74.05616,2025-04-21,0.0,0.0,,0.72,none
GHCND:USC00288884,"TETERBORO AIRPORT, NJ US",40.85898,-74.05616,2025-04-22,0.03,0.001,,,rain
GHCND:USC00288884,"TETERBORO AIRPORT, NJ US",40.85898,-74.05616,2025-04-23,0.0,0.0,,1.17,none
GHCND:USC00288884,"TETERBORO AIRPORT, NJ US",40.85898,-74.05616,2025-04-25,0.0,0.0,,1.28,none
GHCND:USC00288884,"TETERBORO AIRPORT, NJ US",40.85898,-74.05616,2025-04-26,0.25,0.01,,1.56,rain
GHCND:USC00288884,"TETERBORO AIRPORT, NJ US",40.85898,-74.05616,2025-04-27,0.61,0.024,,0.8300000000000001,rain
GHCND:USC00288884,"TETERBORO AIRPORT, NJ US",40.85898,-74.05616,2025-04-28,0.0,0.0,,0.78,none
GHCND:USC00288884,"TETERBORO AIRPORT, NJ US",40.85898,-74.05616,2025-04-29,0.0,0.0,,0.9400000000000001,none
GHCND:USC00288884,"TETERBORO AIRPORT, NJ US",40.85898,-74.05616,2025-04-30,0.0,0.0,,1.3900000000000001,none
GHCND:USC00288884,"TETERBORO AIRPORT, NJ US",40.85898,-74.05616,2025-05-03,0.0,0.0,,1.5,none
GHCND:USC00288884,"TETERBORO AIRPORT, NJ US",40.85898,-74.05616,2025-05-04,0.5599999999999999,0.022,,1.72,rain
GHCND:USC00288884,"TETERBORO AIRPORT, NJ US",40.85898,-74.05616,2025-05-06,1.9100000000000001,0.075,,1.28,rain
GHCND:USC00288884,"TETERBORO AIRPORT, NJ US",40.85898,-74.05616,2025-05-07,0.5599999999999999,0.022,,1.0,rain
GHCND:USC00288884,"TETERBORO AIRPORT, NJ US",40.85898,-74.05616,2025-05-08,0.0,0.0,,1.33,none
GHCND:USC00288884,"TETERBORO AIRPORT, NJ US",40.85898,-74.05616,2025-05-10,1.42,0.056,,1.0,rain
GHCND:USC00288884,"TETERBORO AIRPORT, NJ US",40.85898,-74.05616,2025-05-11,0.0,0.0,,0.8300000000000001,none
GHCND:USC00288884,"TETERBORO AIRPORT, NJ US",40.85898,-74.05616,2025-05-12,0.0,0.0,,0.9400000000000001,none
GHCND:USC00288884,"TETERBORO AIRPORT, NJ US",40.85898,-74.05616,2025-05-13,0.0,0.0,,1.44,none
GHCND:USC00288884,"TETERBORO AIRPORT, NJ US",40.85898,-74.05616,2025-05-17,0.3,0.012,,1.67,rain
GHCND:USC00288884,"TETERBORO AIRPORT, NJ US",40.85898,-74.05616,2025-05-20,0.0,0.0,,0.8300000000000001,none
GHCND:USC00288884,"TETERBORO AIRPORT, NJ US",40.85898,-74.05616,2025-05-21,0.0,0.0,,1.1099999999999999,none
GHCND:USC00288884,"TETERBORO AIRPORT, NJ US",40.85898,-74.05616,2025-05-30,0.03,0.001,,1.44,rain
GHCND:USC00288884,"TETERBORO AIRPORT, NJ US",40.85898,-74.05616,2025-06-05,0.0,0.0,,1.94,none
GHCND:USC00288884,"TETERBORO AIRPORT, NJ US",40.85898,-74.05616,2025-06-07,0.0,0.0,,2.06,none
GHCND:USC00288884,"TETERBORO AIRPORT, NJ US",40.85898,-74.05616,2025-06-09,0.03,0.001,,1.67,rain
GHCND:USC00288884,"TETERBORO AIRPORT, NJ US",40.85898,-74.05616,2025-06-10,0.1,0.004,,1.61,rain
GHCND:USC00288884,"TETERBORO AIRPORT, NJ US",40.85898,-74.05616,2025-06-11,2.87,0.113,,1.61,rain
GHCND:USC00288884,"TETERBORO AIRPORT, NJ US",40.85898,-74.05616,2025-06-12,0.0,0.0,,1.83,none
GHCND:USC00288884,"TETERBORO AIRPORT, NJ US",40.85898,-74.05616,2025-06-21,0.0,0.0,,2.0,none
GHCND:USC00288884,"TETERBORO AIRPORT, NJ US",40.85898,-74.05616,2025-06-23,0.1,0.004,,2.2800000000000002,rain
GHCND:USC00288884,"TETERBORO AIRPORT, NJ US",40.85898,-74.05616,2025-06-24,0.0,0.0,,2.56,none
GHCND:USC00288884,"TETERBORO AIRPORT, NJ US",40.85898,-74.05616,2025-06-25,0.0,0.0,,2.7199999999999998,none
GHCND:USC00288884,"TETERBORO AIRPORT, NJ US",40.85898,-74.05616,2025-07-16,0.0,0.0,,2.33,none
GHCND:USC00288884,"TETERBORO AIRPORT, NJ US",40.85898,-74.05616,2025-07-24,0.0,0.0,,2.0,none
GHCND:USC00288884,"TETERBORO AIRPORT, NJ US",40.85898,-74.05616,2025-07-25,0.0,0.0,,2.2800000000000002,none
GHCND:USC00288884,"TETERBORO AIRPORT, NJ US",40.85898,-74.05616,2025-07-26,0.05,0.002,,2.3899999999999997,rain
GHCND:USC00288884,"TETERBORO AIRPORT, NJ US",40.85898,-74.05616,2025-07-31,0.0,0.0,,2.5,none
GHCND:USC00288884,"TETERBORO AIRPORT, NJ US",40.85898,-74.05616,2025-08-13,0.0,0.0,,2.2800000000000002,none
GHCND:USC00288884,"TETERBORO AIRPORT, NJ US",40.85898,-74.05616,2025-08-14,0.43,0.017,,2.2199999999999998,rain
GHCND:USC00288884,"TETERBORO AIRPORT, NJ US",40.85898,-74.05616,2025-08-17,0.0,0.0,,2.2199999999999998,none
GHCND:USC00288884,"TETERBORO AIRPORT, NJ US",40.85898,-74.05616,2025-08-20,0.0,0.0,,1.89,none
GHCND:USC00288884,"TETERBORO AIRPORT, NJ US",40.85898,-74.05616,2025-08-30,0.0,0.0,,1.17,none
GHCND:USC00288884,"TETERBORO AIRPORT, NJ US",40.85898,-74.05616,2025-09-05,1.6,0.063,,1.83,rain
GHCND:USC00288884,"TETERBORO AIRPORT, NJ US",40.85898,-74.05616,2025-09-18,0.0,0.0,,1.78,none
GHCND:USC00288884,"TETERBORO AIRPORT, NJ US",40.85898,-74.05616,2025-10-08,0.48,0.019,,1.83,rain
GHCND:USC00288884,"TETERBORO AIRPORT, NJ US",40.85898,-74.05616,2025-10-18,0.0,0.0,,0.5,none
GHCND:USC00288884,"TETERBORO AIRPORT, NJ US",40.85898,-74.05616,2025-10-24,0.0,0.0,,0.44000000000000006,none
GHCND:USC00288884,"TETERBORO AIRPORT, NJ US",40.85898,-74.05616,2025-10-26,0.0,0.0,,0.72,none
GHCND:USC00288884,"TETERBORO AIRPORT, NJ US",40.85898,-74.05616,2025-10-30,0.43,0.017,,0.9400000000000001,rain
GHCND:USC00288884,"TETERBORO AIRPORT, NJ US",40.85898,-74.05616,2025-11-02,0.0,0.0,,0.27999999999999997,none
GHCND:USC00288884,"TETERBORO AIRPORT, NJ US",40.85898,-74.05616,2025-11-03,0.0,0.0,,0.27999999999999997,none
GHCND:USC00288884,"TETERBORO AIRPORT, NJ US",40.85898,-74.05616,2025-11-08,0.38,0.015,,0.16999999999999998,rain
GHCND:USC00288884,"TETERBORO AIRPORT, NJ US",40.85898,-74.05616,2025-11-09,0.0,0.0,,0.78,none
GHCND:USC00288884,"TETERBORO AIRPORT, NJ US",40.85898,-74.05616,2025-11-10,0.61,0.024,,0.89,rain
GHCND:USC00288884,"TETERBORO AIRPORT, NJ US",40.85898,-74.05616,2025-11-12,0.0,0.0,,0.0,none
GHCND:USC00288884,"TETERBORO AIRPORT, NJ US",40.85898,-74.05616,2025-11-20,0.13,0.005,,0.0,likely snow
GHCND:USC00288884,"TETERBORO AIRPORT, NJ US",40.85898,-74.05616,2025-11-26,1.73,0.068,,0.39,rain
GHCND:USC00288884,"TETERBORO AIRPORT, NJ US",40.85898,-74.05616,2025-12-02,0.0,0.0,,-0.06,none
GHCND:USC00288884,"TETERBORO AIRPORT, NJ US",40.85898,-74.05616,2025-12-03,1.78,0.07,,-0.11000000000000001,likely snow
GHCND:USC00288884,"TETERBORO AIRPORT, NJ US",40.85898,-74.05616,2025-12-09,0.0,0.0,,-0.89,none
GHCND:USC00288884,"TETERBORO AIRPORT, NJ US",40.85898,-74.05616,2025-12-10,0.0,0.0,,-0.9400000000000001,none
GHCND:USC00288884,"TETERBORO AIRPORT, NJ US",40.85898,-74.05616,2025-12-13,0.0,0.0,,-0.61,none
GHCND:USC00288884,"TETERBORO AIRPORT, NJ US",40.85898,-74.05616,2025-12-14,0.8099999999999999,0.032,,-0.5,likely snow
GHCND:USC00288884,"TETERBORO AIRPORT, NJ US",40.85898,-74.05616,2025-12-15,0.27999999999999997,0.011,,-0.72,likely snow
GHCND:USC00288884,"TETERBORO AIRPORT, NJ US",40.85898,-74.05616,2025-12-16,0.0,0.0,,-0.72,none
GHCND:USC00288884,"TETERBORO AIRPORT, NJ US",40.85898,-74.05616,2025-12-17,0.0,0.0,,-0.61,none
GHCND:USC00288884,"TETERBORO AIRPORT, NJ US",40.85898,-74.05616,2025-12-18,0.0,0.0,,,none
GHCND:USC00288884,"TETERBORO AIRPORT, NJ US",40.85898,-74.05616,2025-12-19,0.9400000000000001,0.037,,-0.32999999999999996,likely snow
GHCND:USC00288884,"TETERBORO AIRPORT, NJ US",40.85898,-74.05616,2025-12-26,0.0,0.0,,-0.67,none
GHCND:USC00288884,"TETERBORO AIRPORT, NJ US",40.85898,-74.05616,2025-12-27,0.97,0.038,,-0.67,likely snow
GHCND:USC00288884,"TETERBORO AIRPORT, NJ US",40.85898,-74.05616,2025-12-28,0.03,0.001,,-0.89,likely snow
GHCND:USC00288884,"TETERBORO AIRPORT, NJ US",40.85898,-74.05616,2025-12-29,0.05,0.002,,-0.67,likely snow
GHCND:USC00288884,"TETERBORO AIRPORT, NJ US",40.85898,-74.05616,2025-12-30,0.2,0.008,,-0.11000000000000001,likely snow
GHCND:USC00288884,"TETERBORO AIRPORT, NJ US",40.85898,-74.05616,2025-12-31,0.0,0.0,,-0.32999999999999996,none
GHCND:USW00014732,"LAGUARDIA AIRPORT, NY US",40.77945,-73.88027,2025-01-12,0.0,0.0,0.0,-0.05,none
GHCND:USW00014732,"LAGUARDIA AIRPORT, NY US",40.77945,-73.88027,2025-01-14,0.0,0.0,0.0,-0.32,none
GHCND:USW00014732,"LAGUARDIA AIRPORT, NY US",40.77945,-73.88027,2025-01-15,0.0,0.0,0.0,-0.43,none
GHCND:USW00014732,"LAGUARDIA AIRPORT, NY US",40.77945,-73.88027,2025-01-16,0.0,0.0,0.0,-0.38,none
GHCND:USW00014732,"LAGUARDIA AIRPORT, NY US",40.77945,-73.88027,2025-01-18,0.27999999999999997,0.011,0.0,0.22000000000000003,rain
GHCND:USW00014732,"LAGUARDIA AIRPORT, NY US",40.77945,-73.88027,2025-01-19,0.45999999999999996,0.018,91.0,-0.32,snow
GHCND:USW00014732,"LAGUARDIA AIRPORT, NY US",40.77945,-73.88027,2025-01-20,0.0,0.0,0.0,-0.77,none
GHCND:USW00014732,"LAGUARDIA AIRPORT, NY US",40.77945,-73.88027,2025-01-21,0.0,0.0,0.0,-1.05,none
GHCND:USW00014732,"LAGUARDIA AIRPORT, NY US",40.77945,-73.88027,2025-01-22,0.0,0.0,0.0,-1.05,none
GHCND:USW00014732,"LAGUARDIA AIRPORT, NY US",40.77945,-73.88027,2025-01-23,0.0,0.0,0.0,-0.77,none
GHCND:USW00014732,"LAGUARDIA AIRPORT, NY US",40.77945,-73.88027,2025-01-24,0.0,0.0,0.0,-0.38,none
GHCND:USW00014732,"LAGUARDIA AIRPORT, NY US",40.77945,-73.88027,2025-01-25,0.0,0.0,0.0,-0.49000000000000005,none
GHCND:USW00014732,"LAGUARDIA AIRPORT, NY US",40.77945,-73.88027,2025-01-30,0.0,0.0,0.0,-0.32,none
GHCND:USW00014732,"LAGUARDIA AIRPORT, NY US",40.77945,-73.88027,2025-01-31,0.41,0.016,0.0,0.32999999999999996,rain
GHCND:USW00014732,"LAGUARDIA AIRPORT, NY US",40.77945,-73.88027,2025-02-05,0.0,0.0,0.0,-0.27,none
GHCND:USW00014732,"LAGUARDIA AIRPORT, NY US",40.77945,-73.88027,2025-02-08,1.47,0.058,89.0,-0.27,snow
GHCND:USW00014732,"LAGUARDIA AIRPORT, NY US",40.77945,-73.88027,2025-02-09,0.13,0.005,3.0,-0.05,snow
GHCND:USW00014732,"LAGUARDIA AIRPORT, NY US",40.77945,-73.88027,2025-02-10,0.0,0.0,0.0,-0.05,none
GHCND:USW00014732,"LAGUARDIA AIRPORT, NY US",40.77945,-73.88027,2025-02-11,0.3,0.012,25.0,-0.27,snow
GHCND:USW00014732,"LAGUARDIA AIRPORT, NY US",40.77945,-73.88027,2025-02-12,0.25,0.01,13.0,-0.05,snow
GHCND:USW00014732,"LAGUARDIA AIRPORT, NY US",40.77945,-73.88027,2025-02-13,0.45999999999999996,0.018,0.0,0.11000000000000001,rain
GHCND:USW00014732,"LAGUARDIA AIRPORT, NY US",40.77945,-73.88027,2025-02-16,2.0100000000000002,0.079,0.0,0.11000000000000001,rain
GHCND:USW00014732,"LAGUARDIA AIRPORT, NY US",40.77945,-73.88027,2025-02-19,0.0,0.0,0.0,-0.77,none
GHCND:USW00014732,"LAGUARDIA AIRPORT, NY US",40.77945,-73.88027,2025-02-24,0.0,0.0,0.0,0.11000000000000001,none
GHCND:USW00014732,"LAGUARDIA AIRPORT, NY US",40.77945,-73.88027,2025-02-25,0.0,0.0,0.0,0.61,none
GHCND:USW00014732,"LAGUARDIA AIRPORT, NY US",40.77945,-73.88027,2025-03-02,0.0,0.0,0.0,-0.6,none
GHCND:USW00014732,"LAGUARDIA AIRPORT, NY US",40.77945,-73.88027,2025-03-05,3.91,0.154,0.0,0.5599999999999999,rain
GHCND:USW00014732,"LAGUARDIA AIRPORT, NY US",40.77945,-73.88027,2025-03-06,0.0,0.0,0.0,0.22000000000000003,none
GHCND:USW00014732,"LAGUARDIA AIRPORT, NY US",40.77945,-73.88027,2025-03-08,0.0,0.0,0.0,0.27999999999999997,none
GHCND:USW00014732,"LAGUARDIA AIRPORT, NY US",40.77945,-73.88027,2025-03-09,0.0,0.0,0.0,0.11000000000000001,none
GHCND:USW00014732,"LAGUARDIA AIRPORT, NY US",40.77945,-73.88027,2025-03-11,0.0,0.0,0.0,0.5,none
GHCND:USW00014732,"LAGUARDIA AIRPORT, NY US",40.77945,-73.88027,2025-03-14,0.0,0.0,0.0,0.44000000000000006,none
GHCND:USW00014732,"LAGUARDIA AIRPORT, NY US",40.77945,-73.88027,2025-03-16,0.03,0.001,0.0,0.61,rain
GHCND:USW00014732,"LAGUARDIA AIRPORT, NY US",40.77945,-73.88027,2025-03-18,0.0,0.0,0.0,0.22000000000000003,none
GHCND:USW00014732,"LAGUARDIA AIRPORT, NY US",40.77945,-73.88027,2025-03-19,0.0,0.0,0.0,0.5,none
GHCND:USW00014732,"LAGUARDIA AIRPORT, NY US",40.77945,-73.88027,2025-03-21,0.1,0.004,0.0,0.44000000000000006,rain
GHCND:USW00014732,"LAGUARDIA AIRPORT, NY US",40.77945,-73.88027,2025-03-24,1.3199999999999998,0.052,0.0,0.39,rain
GHCND:USW00014732,"LAGUARDIA AIRPORT, NY US",40.77945,-73.88027,2025-03-25,0.0,0.0,0.0,0.89,none
GHCND:USW00014732,"LAGUARDIA AIRPORT, NY US",40.77945,-73.88027,2025-03-26,0.0,0.0,0.0,0.39,none
GHCND:USW00014732,"LAGUARDIA AIRPORT, NY US",40.77945,-73.88027,2025-03-27,0.0,0.0,0.0,0.22000000000000003,none
GHCND:USW00014732,"LAGUARDIA AIRPORT, NY US",40.77945,-73.88027,2025-03-29,0.0,0.0,0.0,0.61,none
GHCND:USW00014732,"LAGUARDIA AIRPORT, NY US",40.77945,-73.88027,2025-03-30,0.13,0.005,0.0,0.5599999999999999,rain
GHCND:USW00014732,"LAGUARDIA AIRPORT, NY US",40.77945,-73.88027,2025-03-31,1.8800000000000001,0.074,0.0,0.67,rain
GHCND:USW00014732,"LAGUARDIA AIRPORT, NY US",40.77945,-73.88027,2025-04-02,0.0,0.0,0.0,0.27999999999999997,none
GHCND:USW00014732,"LAGUARDIA AIRPORT, NY US",40.77945,-73.88027,2025-04-03,0.18,0.007,0.0,0.72,rain
GHCND:USW00014732,"LAGUARDIA AIRPORT, NY US",40.77945,-73.88027,2025-04-04,0.25,0.01,0.0,1.3900000000000001,rain
GHCND:USW00014732,"LAGUARDIA AIRPORT, NY US",40.77945,-73.88027,2025-04-05,0.76,0.03,0.0,0.61,rain
GHCND:USW00014732,"LAGUARDIA AIRPORT, NY US",40.77945,-73.88027,2025-04-07,0.41,0.016,0.0,0.44000000000000006,rain
GHCND:USW00014732,"LAGUARDIA AIRPORT, NY US",40.77945,-73.88027,2025-04-09,0.0,0.0,0.0,0.06,none
GHCND:USW00014732,"LAGUARDIA AIRPORT, NY US",40.77945,-73.88027,2025-04-13,0.0,0.0,0.0,0.39,none
GHCND:USW00014732,"LAGUARDIA AIRPORT, NY US",40.77945,-73.88027,2025-04-16,0.0,0.0,0.0,0.72,none
GHCND:USW00014732,"LAGUARDIA AIRPORT, NY US",40.77945,-73.88027,2025-04-17,0.0,0.0,0.0,0.67,none
GHCND:USW00014732,"LAGUARDIA AIRPORT, NY US",40.77945,-73.88027,2025-04-18,0.0,0.0,0.0,0.72,none
GHCND:USW00014732,"LAGUARDIA AIRPORT, NY US",40.77945,-73.88027,2025-04-19,0.0,0.0,0.0,1.17,none
GHCND:USW00014732,"LAGUARDIA AIRPORT, NY US",40.77945,-73.88027,2025-04-21,0.03,0.001,0.0,1.0,rain
GHCND:USW00014732,"LAGUARDIA AIRPORT, NY US",40.77945,-73.88027,2025-04-22,0.0,0.0,0.0,1.06,none
GHCND:USW00014732,"LAGUARDIA AIRPORT, NY US",40.77945,-73.88027,2025-04-23,0.0,0.0,0.0,1.22,none
GHCND:USW00014732,"LAGUARDIA AIRPORT, NY US",40.77945,-73.88027,2025-04-25,0.0,0.0,0.0,1.56,none
GHCND:USW00014732,"LAGUARDIA AIRPORT, NY US",40.77945,-73.88027,2025-04-26,1.47,0.058,0.0,1.22,rain
GHCND:USW00014732,"LAGUARDIA AIRPORT, NY US",40.77945,-73.88027,2025-04-27,0.0,0.0,0.0,1.0,none
GHCND:USW00014732,"LAGUARDIA AIRPORT, NY US",40.77945,-73.88027,2025-04-28,0.0,0.0,0.0,1.22,none
GHCND:USW00014732,"LAGUARDIA AIRPORT, NY US",40.77945,-73.88027,2025-04-29,0.0,0.0,0.0,1.44,none
GHCND:USW00014732,"LAGUARDIA AIRPORT, NY US",40.77945,-73.88027,2025-04-30,0.0,0.0,0.0,1.44,none
GHCND:USW00014732,"LAGUARDIA AIRPORT, NY US",40.77945,-73.88027,2025-05-03,0.0,0.0,0.0,1.67,none
GHCND:USW00014732,"LAGUARDIA AIRPORT, NY US",40.77945,-73.88027,2025-05-04,0.32999999999999996,0.013,0.0,1.61,rain
GHCND:USW00014732,"LAGUARDIA AIRPORT, NY US",40.77945,-73.88027,2025-05-06,0.86,0.034,0.0,1.33,rain
GHCND:USW00014732,"LAGUARDIA AIRPORT, NY US",40.77945,-73.88027,2025-05-07,0.0,0.0,0.0,1.44,none
GHCND:USW00014732,"LAGUARDIA AIRPORT, NY US",40.77945,-73.88027,2025-05-08,0.0,0.0,0.0,1.44,none
GHCND:USW00014732,"LAGUARDIA AIRPORT, NY US",40.77945,-73.88027,2025-05-10,0.0,0.0,0.0,1.06,none
GHCND:USW00014732,"LAGUARDIA AIRPORT, NY US",40.77945,-73.88027,2025-05-11,0.0,0.0,0.0,1.56,none
GHCND:USW00014732,"LAGUARDIA AIRPORT, NY US",40.77945,-73.88027,2025-05-12,0.0,0.0,0.0,1.33,none
GHCND:USW00014732,"LAGUARDIA AIRPORT, NY US",40.77945,-73.88027,2025-05-13,0.45999999999999996,0.018,0.0,1.44,rain
GHCND:USW00014732,"LAGUARDIA AIRPORT, NY US",40.77945,-73.88027,2025-05-17,0.0,0.0,0.0,1.67,none
GHCND:USW00014732,"LAGUARDIA AIRPORT, NY US",40.77945,-73.88027,2025-05-20,0.0,0.0,0.0,1.0,none
GHCND:USW00014732,"LAGUARDIA AIRPORT, NY US",40.77945,-73.88027,2025-05-21,0.1,0.004,0.0,0.9400000000000001,rain
GHCND:USW00014732,"LAGUARDIA AIRPORT, NY US",40.77945,-73.88027,2025-05-30,0.03,0.001,0.0,1.61,rain
GHCND:USW00014732,"LAGUARDIA AIRPORT, NY US",40.77945,-73.88027,2025-06-05,0.0,0.0,0.0,2.17,none
GHCND:USW00014732,"LAGUARDIA AIRPORT, NY US",40.77945,-73.88027,2025-06-07,0.76,0.03,0.0,1.89,rain
GHCND:USW00014732,"LAGUARDIA AIRPORT, NY US",40.77945,-73.88027,2025-06-09,0.13,0.005,0.0,1.61,rain
GHCND:USW00014732,"LAGUARDIA AIRPORT, NY US",40.77945,-73.88027,2025-06-10,1.5,0.059,0.0,1.61,rain
GHCND:USW00014732,"LAGUARDIA AIRPORT, NY US",40.77945,-73.88027,2025-06-11,0.0,0.0,0.0,1.83,none
GHCND:USW00014732,"LAGUARDIA AIRPORT, NY US",40.77945,-73.88027,2025-06-12,0.0,0.0,0.0,2.2199999999999998,none
GHCND:USW00014732,"LAGUARDIA AIRPORT, NY US",40.77945,-73.88027,2025-06-21,0.0,0.0,0.0,2.2199999999999998,none
GHCND:USW00014732,"LAGUARDIA AIRPORT, NY US",40.77945,-73.88027,2025-06-23,0.0,0.0,0.0,2.3899999999999997,none
GHCND:USW00014732,"LAGUARDIA AIRPORT, NY US",40.77945,-73.88027,2025-06-24,0.0,0.0,0.0,2.56,none
GHCND:USW00014732,"LAGUARDIA AIRPORT, NY US",40.77945,-73.88027,2025-06-25,0.0,0.0,0.0,2.67,none
GHCND:USW00014732,"LAGUARDIA AIRPORT, NY US",40.77945,-73.88027,2025-07-16,0.0,0.0,0.0,2.44,none
GHCND:USW00014732,"LAGUARDIA AIRPORT, NY US",40.77945,-73.88027,2025-07-24,0.0,0.0,0.0,2.2199999999999998,none
GHCND:USW00014732,"LAGUARDIA AIRPORT, NY US",40.77945,-73.88027,2025-07-25,0.05,0.002,0.0,2.56,rain
GHCND:USW00014732,"LAGUARDIA AIRPORT, NY US",40.77945,-73.88027,2025-07-26,0.0,0.0,0.0,2.3899999999999997,none
GHCND:USW00014732,"LAGUARDIA AIRPORT, NY US",40.77945,-73.88027,2025-07-31,0.97,0.038,0.0,1.89,rain
GHCND:USW00014732,"LAGUARDIA AIRPORT, NY US",40.77945,-73.88027,2025-08-13,1.22,0.048,0.0,2.2199999999999998,rain
GHCND:USW00014732,"LAGUARDIA AIRPORT, NY US",40.77945,-73.88027,2025-08-14,0.0,0.0,0.0,2.3899999999999997,none
GHCND:USW00014732,"LAGUARDIA AIRPORT, NY US",40.77945,-73.88027,2025-08-17,1.6,0.063,0.0,2.33,rain
GHCND:USW00014732,"LAGUARDIA AIRPORT, NY US",40.77945,-73.88027,2025-08-20,1.1400000000000001,0.045,0.0,1.5,rain
GHCND:USW00014732,"LAGUARDIA AIRPORT, NY US",40.77945,-73.88027,2025-08-30,0.0,0.0,0.0,1.5,none
GHCND:USW00014732,"LAGUARDIA AIRPORT, NY US",40.77945,-73.88027,2025-09-05,0.3,0.012,0.0,1.94,rain
GHCND:USW00014732,"LAGUARDIA AIRPORT, NY US",40.77945,-73.88027,2025-09-18,0.03,0.001,0.0,1.89,rain
GHCND:USW00014732,"LAGUARDIA AIRPORT, NY US",40.77945,-73.88027,2025-10-08,0.41,0.016,0.0,1.44,rain
GHCND:USW00014732,"LAGUARDIA AIRPORT, NY US",40.77945,-73.88027,2025-10-18,0.0,0.0,0.0,1.1099999999999999,none
GHCND:USW00014732,"LAGUARDIA AIRPORT, NY US",40.77945,-73.88027,2025-10-24,0.0,0.0,0.0,0.89,none
GHCND:USW00014732,"LAGUARDIA AIRPORT, NY US",40.77945,-73.88027,2025-10-26,0.0,0.0,0.0,1.0,none
GHCND:USW00014732,"LAGUARDIA AIRPORT, NY US",40.77945,-73.88027,2025-10-30,5.3100000000000005,0.209,0.0,1.06,rain
GHCND:USW00014732,"LAGUARDIA AIRPORT, NY US",40.77945,-73.88027,2025-11-02,0.0,0.0,0.0,0.78,none
GHCND:USW00014732,"LAGUARDIA AIRPORT, NY US",40.77945,-73.88027,2025-11-03,0.05,0.002,0.0,1.06,rain
GHCND:USW00014732,"LAGUARDIA AIRPORT, NY US",40.77945,-73.88027,2025-11-08,0.22999999999999998,0.009,0.0,1.22,rain
GHCND:USW00014732,"LAGUARDIA AIRPORT, NY US",40.77945,-73.88027,2025-11-09,0.86,0.034,0.0,1.1099999999999999,rain
GHCND:USW00014732,"LAGUARDIA AIRPORT, NY US",40.77945,-73.88027,2025-11-10,0.64,0.025,0.0,0.22000000000000003,rain
GHCND:USW00014732,"LAGUARDIA AIRPORT, NY US",40.77945,-73.88027,2025-11-12,0.0,0.0,0.0,0.39,none
GHCND:USW00014732,"LAGUARDIA AIRPORT, NY US",40.77945,-73.88027,2025-11-20,0.0,0.0,0.0,0.39,none
GHCND:USW00014732,"LAGUARDIA AIRPORT, NY US",40.77945,-73.88027,2025-11-26,0.22999999999999998,0.009,0.0,1.0,rain
GHCND:USW00014732,"LAGUARDIA AIRPORT, NY US",40.77945,-73.88027,2025-12-02,2.08,0.082,0.0,0.11000000000000001,rain
GHCND:USW00014732,"LAGUARDIA AIRPORT, NY US",40.77945,-73.88027,2025-12-03,0.0,0.0,0.0,0.06,none
GHCND:USW00014732,"LAGUARDIA AIRPORT, NY US",40.77945,-73.88027,2025-12-09,0.0,0.0,0.0,-0.67,none
GHCND:USW00014732,"LAGUARDIA AIRPORT, NY US",40.77945,-73.88027,2025-12-10,0.22999999999999998,0.009,0.0,0.06,rain
GHCND:USW00014732,"LAGUARDIA AIRPORT, NY US",40.77945,-73.88027,2025-12-13,0.08,0.003,0.0,-0.22000000000000003,likely snow
GHCND:USW00014732,"LAGUARDIA AIRPORT, NY US",40.77945,-73.88027,2025-12-14,1.35,0.053,66.0,-0.61,snow
GHCND:USW00014732,"LAGUARDIA AIRPORT, NY US",40.77945,-73.88027,2025-12-15,0.0,0.0,0.0,-0.61,none
GHCND:USW00014732,"LAGUARDIA AIRPORT, NY US",40.77945,-73.88027,2025-12-16,0.0,0.0,0.0,-0.39,none
GHCND:USW00014732,"LAGUARDIA AIRPORT, NY US",40.77945,-73.88027,2025-12-17,0.0,0.0,0.0,-0.11000000000000001,none
GHCND:USW00014732,"LAGUARDIA AIRPORT, NY US",40.77945,-73.88027,2025-12-18,0.13,0.005,0.0,0.11000000000000001,rain
GHCND:USW00014732,"LAGUARDIA AIRPORT, NY US",40.77945,-73.88027,2025-12-19,3.25,0.128,0.0,0.06,rain
GHCND:USW00014732,"LAGUARDIA AIRPORT, NY US",40.77945,-73.88027,2025-12-26,0.6599999999999999,0.026,41.0,-0.61,snow
GHCND:USW00014732,"LAGUARDIA AIRPORT, NY US",40.77945,-73.88027,2025-12-27,0.41,0.016,66.0,-0.39,snow
GHCND:USW00014732,"LAGUARDIA AIRPORT, NY US",40.77945,-73.88027,2025-12-28,0.05,0.002,0.0,-0.44000000000000006,likely snow
GHCND:USW00014732,"LAGUARDIA AIRPORT, NY US",40.77945,-73.88027,2025-12-29,0.22999999999999998,0.009,0.0,-0.06,likely snow
GHCND:USW00014732,"LAGUARDIA AIRPORT, NY US",40.77945,-73.88027,2025-12-30,0.0,0.0,0.0,-0.27999999999999997,none
GHCND:USW00014732,"LAGUARDIA AIRPORT, NY US",40.77945,-73.88027,2025-12-31,0.0,0.0,0.0,-0.27999999999999997,none
GHCND:USW00014734,"NEWARK LIBERTY INTERNATIONAL AIRPORT, NJ US",40.68275,-74.16927,2025-01-12,0.0,0.0,0.0,-0.1,none
GHCND:USW00014734,"NEWARK LIBERTY INTERNATIONAL AIRPORT, NJ US",40.68275,-74.16927,2025-01-14,0.0,0.0,0.0,-0.38,none
GHCND:USW00014734,"NEWARK LIBERTY INTERNATIONAL AIRPORT, NJ US",40.68275,-74.16927,2025-01-15,0.0,0.0,0.0,-0.55,none
GHCND:USW00014734,"NEWARK LIBERTY INTERNATIONAL AIRPORT, NJ US",40.68275,-74.16927,2025-01-16,0.0,0.0,0.0,-0.55,none
GHCND:USW00014734,"NEWARK LIBERTY INTERNATIONAL AIRPORT, NJ US",40.68275,-74.16927,2025-01-18,0.1,0.004,0.0,0.0,likely snow
GHCND:USW00014734,"NEWARK LIBERTY INTERNATIONAL AIRPORT, NJ US",40.68275,-74.16927,2025-01-19,0.5599999999999999,0.022,61.0,-0.43,snow
GHCND:USW00014734,"NEWARK LIBERTY INTERNATIONAL AIRPORT, NJ US",40.68275,-74.16927,2025-01-20,0.0,0.0,0.0,-0.8800000000000001,none
GHCND:USW00014734,"NEWARK LIBERTY INTERNATIONAL AIRPORT, NJ US",40.68275,-74.16927,2025-01-21,0.0,0.0,0.0,-1.3800000000000001,none
GHCND:USW00014734,"NEWARK LIBERTY INTERNATIONAL AIRPORT, NJ US",40.68275,-74.16927,2025-01-22,0.0,0.0,0.0,-1.3199999999999998,none
GHCND:USW00014734,"NEWARK LIBERTY INTERNATIONAL AIRPORT, NJ US",40.68275,-74.16927,2025-01-23,0.0,0.0,0.0,-1.05,none
GHCND:USW00014734,"NEWARK LIBERTY INTERNATIONAL AIRPORT, NJ US",40.68275,-74.16927,2025-01-24,0.0,0.0,0.0,-0.93,none
GHCND:USW00014734,"NEWARK LIBERTY INTERNATIONAL AIRPORT, NJ US",40.68275,-74.16927,2025-01-25,0.0,0.0,0.0,-0.99,none
GHCND:USW00014734,"NEWARK LIBERTY INTERNATIONAL AIRPORT, NJ US",40.68275,-74.16927,2025-01-30,0.0,0.0,0.0,-0.32,none
GHCND:USW00014734,"NEWARK LIBERTY INTERNATIONAL AIRPORT, NJ US",40.68275,-74.16927,2025-01-31,0.32999999999999996,0.013,0.0,0.11000000000000001,rain
GHCND:USW00014734,"NEWARK LIBERTY INTERNATIONAL AIRPORT, NJ US",40.68275,-74.16927,2025-02-05,0.0,0.0,0.0,-0.21000000000000002,none
GHCND:USW00014734,"NEWARK LIBERTY INTERNATIONAL AIRPORT, NJ US",40.68275,-74.16927,2025-02-08,1.5,0.059,74.0,-0.32,snow
GHCND:USW00014734,"NEWARK LIBERTY INTERNATIONAL AIRPORT, NJ US",40.68275,-74.16927,2025-02-09,0.13,0.005,3.0,-0.1,snow
GHCND:USW00014734,"NEWARK LIBERTY INTERNATIONAL AIRPORT, NJ US",40.68275,-74.16927,2025-02-10,0.0,0.0,0.0,-0.1,none
GHCND:USW00014734,"NEWARK LIBERTY INTERNATIONAL AIRPORT, NJ US",40.68275,-74.16927,2025-02-11,0.25,0.01,23.0,-0.43,snow
GHCND:USW00014734,"NEWARK LIBERTY INTERNATIONAL AIRPORT, NJ US",40.68275,-74.16927,2025-02-12,0.22999999999999998,0.009,15.0,-0.1,snow
GHCND:USW00014734,"NEWARK LIBERTY INTERNATIONAL AIRPORT, NJ US",40.68275,-74.16927,2025-02-13,0.61,0.024,0.0,0.22000000000000003,rain
GHCND:USW00014734,"NEWARK LIBERTY INTERNATIONAL AIRPORT, NJ US",40.68275,-74.16927,2025-02-16,2.16,0.085,0.0,0.11000000000000001,rain
GHCND:USW00014734,"NEWARK LIBERTY INTERNATIONAL AIRPORT, NJ US",40.68275,-74.16927,2025-02-19,0.0,0.0,0.0,-0.82,none
GHCND:USW00014734,"NEWARK LIBERTY INTERNATIONAL AIRPORT, NJ US",40.68275,-74.16927,2025-02-24,0.0,0.0,0.0,0.11000000000000001,none
GHCND:USW00014734,"NEWARK LIBERTY INTERNATIONAL AIRPORT, NJ US",40.68275,-74.16927,2025-02-25,0.0,0.0,0.0,0.5599999999999999,none
GHCND:USW00014734,"NEWARK LIBERTY INTERNATIONAL AIRPORT, NJ US",40.68275,-74.16927,2025-03-02,0.0,0.0,0.0,-0.6,none
GHCND:USW00014734,"NEWARK LIBERTY INTERNATIONAL AIRPORT, NJ US",40.68275,-74.16927,2025-03-05,3.8899999999999997,0.153,0.0,0.5,rain
GHCND:USW00014734,"NEWARK LIBERTY INTERNATIONAL AIRPORT, NJ US",40.68275,-74.16927,2025-03-06,0.0,0.0,0.0,0.27999999999999997,none
GHCND:USW00014734,"NEWARK LIBERTY INTERNATIONAL AIRPORT, NJ US",40.68275,-74.16927,2025-03-08,0.0,0.0,0.0,0.22000000000000003,none
GHCND:USW00014734,"NEWARK LIBERTY INTERNATIONAL AIRPORT, NJ US",40.68275,-74.16927,2025-03-09,0.0,0.0,0.0,-0.21000000000000002,none
GHCND:USW00014734,"NEWARK LIBERTY INTERNATIONAL AIRPORT, NJ US",40.68275,-74.16927,2025-03-11,0.0,0.0,0.0,0.67,none
GHCND:USW00014734,"NEWARK LIBERTY INTERNATIONAL AIRPORT, NJ US",40.68275,-74.16927,2025-03-14,0.0,0.0,0.0,0.5599999999999999,none
GHCND:USW00014734,"NEWARK LIBERTY INTERNATIONAL AIRPORT, NJ US",40.68275,-74.16927,2025-03-16,0.0,0.0,0.0,0.8300000000000001,none
GHCND:USW00014734,"NEWARK LIBERTY INTERNATIONAL AIRPORT, NJ US",40.68275,-74.16927,2025-03-18,0.0,0.0,0.0,0.16999999999999998,none
GHCND:USW00014734,"NEWARK LIBERTY INTERNATIONAL AIRPORT, NJ US",40.68275,-74.16927,2025-03-19,0.0,0.0,0.0,0.61,none
GHCND:USW00014734,"NEWARK LIBERTY INTERNATIONAL AIRPORT, NJ US",40.68275,-74.16927,2025-03-21,0.03,0.001,0.0,0.44000000000000006,rain
GHCND:USW00014734,"NEWARK LIBERTY INTERNATIONAL AIRPORT, NJ US",40.68275,-74.16927,2025-03-24,1.19,0.047,0.0,0.44000000000000006,rain
GHCND:USW00014734,"NEWARK LIBERTY INTERNATIONAL AIRPORT, NJ US",40.68275,-74.16927,2025-03-25,0.0,0.0,0.0,0.72,none
GHCND:USW00014734,"NEWARK LIBERTY INTERNATIONAL AIRPORT, NJ US",40.68275,-74.16927,2025-03-26,0.0,0.0,0.0,0.32999999999999996,none
GHCND:USW00014734,"NEWARK LIBERTY INTERNATIONAL AIRPORT, NJ US",40.68275,-74.16927,2025-03-27,0.0,0.0,0.0,0.11000000000000001,none
GHCND:USW00014734,"NEWARK LIBERTY INTERNATIONAL AIRPORT, NJ US",40.68275,-74.16927,2025-03-29,0.05,0.002,0.0,0.72,rain
GHCND:USW00014734,"NEWARK LIBERTY INTERNATIONAL AIRPORT, NJ US",40.68275,-74.16927,2025-03-30,0.13,0.005,0.0,0.72,rain
GHCND:USW00014734,"NEWARK LIBERTY INTERNATIONAL AIRPORT, NJ US",40.68275,-74.16927,2025-03-31,2.0100000000000002,0.079,0.0,0.8300000000000001,rain
GHCND:USW00014734,"NEWARK LIBERTY INTERNATIONAL AIRPORT, NJ US",40.68275,-74.16927,2025-04-02,0.03,0.001,0.0,0.22000000000000003,rain
GHCND:USW00014734,"NEWARK LIBERTY INTERNATIONAL AIRPORT, NJ US",40.68275,-74.16927,2025-04-03,0.15,0.006,0.0,0.72,rain
GHCND:USW00014734,"NEWARK LIBERTY INTERNATIONAL AIRPORT, NJ US",40.68275,-74.16927,2025-04-04,0.18,0.007,0.0,1.5,rain
GHCND:USW00014734,"NEWARK LIBERTY INTERNATIONAL AIRPORT, NJ US",40.68275,-74.16927,2025-04-05,0.53,0.021,0.0,0.72,rain
GHCND:USW00014734,"NEWARK LIBERTY INTERNATIONAL AIRPORT, NJ US",40.68275,-74.16927,2025-04-07,0.43,0.017,0.0,0.44000000000000006,rain
GHCND:USW00014734,"NEWARK LIBERTY INTERNATIONAL AIRPORT, NJ US",40.68275,-74.16927,2025-04-09,0.0,0.0,0.0,0.0,none
GHCND:USW00014734,"NEWARK LIBERTY INTERNATIONAL AIRPORT, NJ US",40.68275,-74.16927,2025-04-13,0.0,0.0,0.0,0.44000000000000006,none
GHCND:USW00014734,"NEWARK LIBERTY INTERNATIONAL AIRPORT, NJ US",40.68275,-74.16927,2025-04-16,0.0,0.0,0.0,0.78,none
GHCND:USW00014734,"NEWARK LIBERTY INTERNATIONAL AIRPORT, NJ US",40.68275,-74.16927,2025-04-17,0.0,0.0,0.0,0.61,none
GHCND:USW00014734,"NEWARK LIBERTY INTERNATIONAL AIRPORT, NJ US",40.68275,-74.16927,2025-04-18,0.0,0.0,0.0,0.5,none
GHCND:USW00014734,"NEWARK LIBERTY INTERNATIONAL AIRPORT, NJ US",40.68275,-74.16927,2025-04-19,0.0,0.0,0.0,1.44,none
GHCND:USW00014734,"NEWARK LIBERTY INTERNATIONAL AIRPORT, NJ US",40.68275,-74.16927,2025-04-21,0.0,0.0,0.0,0.89,none
GHCND:USW00014734,"NEWARK LIBERTY INTERNATIONAL AIRPORT, NJ US",40.68275,-74.16927,2025-04-22,0.0,0.0,0.0,1.06,none
GHCND:USW00014734,"NEWARK LIBERTY INTERNATIONAL AIRPORT, NJ US",40.68275,-74.16927,2025-04-23,0.0,0.0,0.0,1.33,none
GHCND:USW00014734,"NEWARK LIBERTY INTERNATIONAL AIRPORT, NJ US",40.68275,-74.16927,2025-04-25,0.0,0.0,0.0,1.28,none
GHCND:USW00014734,"NEWARK LIBERTY INTERNATIONAL AIRPORT, NJ US",40.68275,-74.16927,2025-04-26,1.3699999999999999,0.054,0.0,1.22,rain
GHCND:USW00014734,"NEWARK LIBERTY INTERNATIONAL AIRPORT, NJ US",40.68275,-74.16927,2025-04-27,0.0,0.0,0.0,0.9400000000000001,none
GHCND:USW00014734,"NEWARK LIBERTY INTERNATIONAL AIRPORT, NJ US",40.68275,-74.16927,2025-04-28,0.0,0.0,0.0,1.06,none
GHCND:USW00014734,"NEWARK LIBERTY INTERNATIONAL AIRPORT, NJ US",40.68275,-74.16927,2025-04-29,0.0,0.0,0.0,1.1099999999999999,none
GHCND:USW00014734,"NEWARK LIBERTY INTERNATIONAL AIRPORT, NJ US",40.68275,-74.16927,2025-04-30,0.0,0.0,0.0,1.44,none
GHCND:USW00014734,"NEWARK LIBERTY INTERNATIONAL AIRPORT, NJ US",40.68275,-74.16927,2025-05-03,0.6900000000000001,0.027,0.0,1.72,rain
GHCND:USW00014734,"NEWARK LIBERTY INTERNATIONAL AIRPORT, NJ US",40.68275,-74.16927,2025-05-04,0.41,0.016,0.0,1.56,rain
GHCND:USW00014734,"NEWARK LIBERTY INTERNATIONAL AIRPORT, NJ US",40.68275,-74.16927,2025-05-06,0.27999999999999997,0.011,0.0,1.5,rain
GHCND:USW00014734,"NEWARK LIBERTY INTERNATIONAL AIRPORT, NJ US",40.68275,-74.16927,2025-05-07,0.0,0.0,0.0,1.3900000000000001,none
GHCND:USW00014734,"NEWARK LIBERTY INTERNATIONAL AIRPORT, NJ US",40.68275,-74.16927,2025-05-08,0.0,0.0,0.0,1.56,none
GHCND:USW00014734,"NEWARK LIBERTY INTERNATIONAL AIRPORT, NJ US",40.68275,-74.16927,2025-05-10,0.0,0.0,0.0,1.06,none
GHCND:USW00014734,"NEWARK LIBERTY INTERNATIONAL AIRPORT, NJ US",40.68275,-74.16927,2025-05-11,0.0,0.0,0.0,1.22,none
GHCND:USW00014734,"NEWARK LIBERTY INTERNATIONAL AIRPORT, NJ US",40.68275,-74.16927,2025-05-12,0.0,0.0,0.0,1.1099999999999999,none
GHCND:USW00014734,"NEWARK LIBERTY INTERNATIONAL AIRPORT, NJ US",40.68275,-74.16927,2025-05-13,0.58,0.023,0.0,1.67,rain
GHCND:USW00014734,"NEWARK LIBERTY INTERNATIONAL AIRPORT, NJ US",40.68275,-74.16927,2025-05-17,0.0,0.0,0.0,1.83,none
GHCND:USW00014734,"NEWARK LIBERTY INTERNATIONAL AIRPORT, NJ US",40.68275,-74.16927,2025-05-20,0.0,0.0,0.0,1.0,none
GHCND:USW00014734,"NEWARK LIBERTY INTERNATIONAL AIRPORT, NJ US",40.68275,-74.16927,2025-05-21,0.45999999999999996,0.018,0.0,1.0,rain
GHCND:USW00014734,"NEWARK LIBERTY INTERNATIONAL AIRPORT, NJ US",40.68275,-74.16927,2025-05-30,0.05,0.002,0.0,1.67,rain
GHCND:USW00014734,"NEWARK LIBERTY INTERNATIONAL AIRPORT, NJ US",40.68275,-74.16927,2025-06-05,0.0,0.0,0.0,2.0,none
GHCND:USW00014734,"NEWARK LIBERTY INTERNATIONAL AIRPORT, NJ US",40.68275,-74.16927,2025-06-07,1.45,0.057,0.0,2.0,rain
GHCND:USW00014734,"NEWARK LIBERTY INTERNATIONAL AIRPORT, NJ US",40.68275,-74.16927,2025-06-09,0.18,0.007,0.0,1.67,rain
GHCND:USW00014734,"NEWARK LIBERTY INTERNATIONAL AIRPORT, NJ US",40.68275,-74.16927,2025-06-10,0.8099999999999999,0.032,0.0,1.78,rain
GHCND:USW00014734,"NEWARK LIBERTY INTERNATIONAL AIRPORT, NJ US",40.68275,-74.16927,2025-06-11,0.0,0.0,0.0,1.83,none
GHCND:USW00014734,"NEWARK LIBERTY INTERNATIONAL AIRPORT, NJ US",40.68275,-74.16927,2025-06-12,0.0,0.0,0.0,2.06,none
GHCND:USW00014734,"NEWARK LIBERTY INTERNATIONAL AIRPORT, NJ US",40.68275,-74.16927,2025-06-21,0.0,0.0,0.0,2.2800000000000002,none
GHCND:USW00014734,"NEWARK LIBERTY INTERNATIONAL AIRPORT, NJ US",40.68275,-74.16927,2025-06-23,0.0,0.0,0.0,2.7199999999999998,none
GHCND:USW00014734,"NEWARK LIBERTY INTERNATIONAL AIRPORT, NJ US",40.68275,-74.16927,2025-06-24,0.0,0.0,0.0,2.7800000000000002,none
GHCND:USW00014734,"NEWARK LIBERTY INTERNATIONAL AIRPORT, NJ US",40.68275,-74.16927,2025-06-25,0.0,0.0,0.0,2.94,none
GHCND:USW00014734,"NEWARK LIBERTY INTERNATIONAL AIRPORT, NJ US",40.68275,-74.16927,2025-07-16,0.0,0.0,0.0,2.5,none
GHCND:USW00014734,"NEWARK LIBERTY INTERNATIONAL AIRPORT, NJ US",40.68275,-74.16927,2025-07-24,0.0,0.0,0.0,2.0,none
GHCND:USW00014734,"NEWARK LIBERTY INTERNATIONAL AIRPORT, NJ US",40.68275,-74.16927,2025-07-25,1.3,0.051,0.0,2.3899999999999997,rain
GHCND:USW00014734,"NEWARK LIBERTY INTERNATIONAL AIRPORT, NJ US",40.68275,-74.16927,2025-07-26,0.0,0.0,0.0,2.44,none
GHCND:USW00014734,"NEWARK LIBERTY INTERNATIONAL AIRPORT, NJ US",40.68275,-74.16927,2025-07-31,2.08,0.082,0.0,1.94,rain
GHCND:USW00014734,"NEWARK LIBERTY INTERNATIONAL AIRPORT, NJ US",40.68275,-74.16927,2025-08-13,3.2,0.126,0.0,2.2800000000000002,rain
GHCND:USW00014734,"NEWARK LIBERTY INTERNATIONAL AIRPORT, NJ US",40.68275,-74.16927,2025-08-14,0.0,0.0,0.0,2.33,none
GHCND:USW00014734,"NEWARK LIBERTY INTERNATIONAL AIRPORT, NJ US",40.68275,-74.16927,2025-08-17,0.6599999999999999,0.026,0.0,2.2800000000000002,rain
GHCND:USW00014734,"NEWARK LIBERTY INTERNATIONAL AIRPORT, NJ US",40.68275,-74.16927,2025-08-20,1.35,0.053,0.0,1.56,rain
GHCND:USW00014734,"NEWARK LIBERTY INTERNATIONAL AIRPORT, NJ US",40.68275,-74.16927,2025-08-30,0.0,0.0,0.0,1.3900000000000001,none
GHCND:USW00014734,"NEWARK LIBERTY INTERNATIONAL AIRPORT, NJ US",40.68275,-74.16927,2025-09-05,0.05,0.002,0.0,1.94,rain
GHCND:USW00014734,"NEWARK LIBERTY INTERNATIONAL AIRPORT, NJ US",40.68275,-74.16927,2025-09-18,0.0,0.0,0.0,1.94,none
GHCND:USW00014734,"NEWARK LIBERTY INTERNATIONAL AIRPORT, NJ US",40.68275,-74.16927,2025-10-08,0.3,0.012,0.0,1.3900000000000001,rain
GHCND:USW00014734,"NEWARK LIBERTY INTERNATIONAL AIRPORT, NJ US",40.68275,-74.16927,2025-10-18,0.0,0.0,0.0,0.8300000000000001,none
GHCND:USW00014734,"NEWARK LIBERTY INTERNATIONAL AIRPORT, NJ US",40.68275,-74.16927,2025-10-24,0.0,0.0,0.0,0.5599999999999999,none
GHCND:USW00014734,"NEWARK LIBERTY INTERNATIONAL AIRPORT, NJ US",40.68275,-74.16927,2025-10-26,0.0,0.0,0.0,0.67,none
GHCND:USW00014734,"NEWARK LIBERTY INTERNATIONAL AIRPORT, NJ US",40.68275,-74.16927,2025-10-30,5.18,0.204,0.0,1.0,rain
GHCND:USW00014734,"NEWARK LIBERTY INTERNATIONAL AIRPORT, NJ US",40.68275,-74.16927,2025-11-02,0.0,0.0,0.0,0.44000000000000006,none
GHCND:USW00014734,"NEWARK LIBERTY INTERNATIONAL AIRPORT, NJ US",40.68275,-74.16927,2025-11-03,0.0,0.0,0.0,0.89,none
GHCND:USW00014734,"NEWARK LIBERTY INTERNATIONAL AIRPORT, NJ US",40.68275,-74.16927,2025-11-08,0.22999999999999998,0.009,0.0,1.17,rain
GHCND:USW00014734,"NEWARK LIBERTY INTERNATIONAL AIRPORT, NJ US",40.68275,-74.16927,2025-11-09,0.25,0.01,0.0,0.89,rain
GHCND:USW00014734,"NEWARK LIBERTY INTERNATIONAL AIRPORT, NJ US",40.68275,-74.16927,2025-11-10,0.71,0.028,0.0,0.22000000000000003,rain
GHCND:USW00014734,"NEWARK LIBERTY INTERNATIONAL AIRPORT, NJ US",40.68275,-74.16927,2025-11-12,0.0,0.0,0.0,0.39,none
GHCND:USW00014734,"NEWARK LIBERTY INTERNATIONAL AIRPORT, NJ US",40.68275,-74.16927,2025-11-20,0.0,0.0,0.0,0.06,none
GHCND:USW00014734,"NEWARK LIBERTY INTERNATIONAL AIRPORT, NJ US",40.68275,-74.16927,2025-11-26,0.36,0.014,0.0,0.89,rain
GHCND:USW00014734,"NEWARK LIBERTY INTERNATIONAL AIRPORT, NJ US",40.68275,-74.16927,2025-12-02,1.8,0.071,0.0,-0.16999999999999998,likely snow
GHCND:USW00014734,"NEWARK LIBERTY INTERNATIONAL AIRPORT, NJ US",40.68275,-74.16927,2025-12-03,0.0,0.0,0.0,-0.06,none
GHCND:USW00014734,"NEWARK LIBERTY INTERNATIONAL AIRPORT, NJ US",40.68275,-74.16927,2025-12-09,0.0,0.0,0.0,-0.9400000000000001,none
GHCND:USW00014734,"NEWARK LIBERTY INTERNATIONAL AIRPORT, NJ US",40.68275,-74.16927,2025-12-10,0.22999999999999998,0.009,0.0,-0.11000000000000001,likely snow
GHCND:USW00014734,"NEWARK LIBERTY INTERNATIONAL AIRPORT, NJ US",40.68275,-74.16927,2025-12-13,0.05,0.002,3.0,-0.5599999999999999,snow
GHCND:USW00014734,"NEWARK LIBERTY INTERNATIONAL AIRPORT, NJ US",40.68275,-74.16927,2025-12-14,1.27,0.05,102.0,-0.61,snow
GHCND:USW00014734,"NEWARK LIBERTY INTERNATIONAL AIRPORT, NJ US",40.68275,-74.16927,2025-12-15,0.0,0.0,0.0,-0.72,none
GHCND:USW00014734,"NEWARK LIBERTY INTERNATIONAL AIRPORT, NJ US",40.68275,-74.16927,2025-12-16,0.0,0.0,0.0,-0.67,none
GHCND:USW00014734,"NEWARK LIBERTY INTERNATIONAL AIRPORT, NJ US",40.68275,-74.16927,2025-12-17,0.0,0.0,0.0,-0.5599999999999999,none
GHCND:USW00014734,"NEWARK LIBERTY INTERNATIONAL AIRPORT, NJ US",40.68275,-74.16927,2025-12-18,0.05,0.002,0.0,-0.06,likely snow
GHCND:USW00014734,"NEWARK LIBERTY INTERNATIONAL AIRPORT, NJ US",40.68275,-74.16927,2025-12-19,2.7399999999999998,0.108,0.0,0.0,likely snow
GHCND:USW00014734,"NEWARK LIBERTY INTERNATIONAL AIRPORT, NJ US",40.68275,-74.16927,2025-12-26,0.74,0.029,48.0,-0.61,snow
GHCND:USW00014734,"NEWARK LIBERTY INTERNATIONAL AIRPORT, NJ US",40.68275,-74.16927,2025-12-27,0.43,0.017,58.0,-0.61,snow
GHCND:USW00014734,"NEWARK LIBERTY INTERNATIONAL AIRPORT, NJ US",40.68275,-74.16927,2025-12-28,0.05,0.002,0.0,-0.72,likely snow
GHCND:USW00014734,"NEWARK LIBERTY INTERNATIONAL AIRPORT, NJ US",40.68275,-74.16927,2025-12-29,0.22999999999999998,0.009,0.0,0.0,likely snow
GHCND:USW00014734,"NEWARK LIBERTY INTERNATIONAL AIRPORT, NJ US",40.68275,-74.16927,2025-12-30,0.0,0.0,0.0,-0.27999999999999997,none
GHCND:USW00014734,"NEWARK LIBERTY INTERNATIONAL AIRPORT, NJ US",40.68275,-74.16927,2025-12-31,0.0,0.0,0.0,-0.32999999999999996,none
GHCND:USW00094728,"NY CITY CENTRAL PARK, NY US",40.77898,-73.96925,2025-01-12,0.0,0.0,0.0,-0.1,none
GHCND:USW00094728,"NY CITY CENTRAL PARK, NY US",40.77898,-73.96925,2025-01-14,0.0,0.0,0.0,-0.38,none
GHCND:USW00094728,"NY CITY CENTRAL PARK, NY US",40.77898,-73.96925,2025-01-15,0.0,0.0,0.0,-0.49000000000000005,none
GHCND:USW00094728,"NY CITY CENTRAL PARK, NY US",40.77898,-73.96925,2025-01-16,0.0,0.0,0.0,-0.49000000000000005,none
GHCND:USW00094728,"NY CITY CENTRAL PARK, NY US",40.77898,-73.96925,2025-01-18,0.22999999999999998,0.009,0.0,0.16999999999999998,rain
GHCND:USW00094728,"NY CITY CENTRAL PARK, NY US",40.77898,-73.96925,2025-01-19,0.6599999999999999,0.026,41.0,-0.43,snow
GHCND:USW00094728,"NY CITY CENTRAL PARK, NY US",40.77898,-73.96925,2025-01-20,0.0,0.0,0.0,-0.82,none
GHCND:USW00094728,"NY CITY CENTRAL PARK, NY US",40.77898,-73.96925,2025-01-21,0.0,0.0,0.0,-1.16,none
GHCND:USW00094728,"NY CITY CENTRAL PARK, NY US",40.77898,-73.96925,2025-01-22,0.0,0.0,0.0,-1.21,none
GHCND:USW00094728,"NY CITY CENTRAL PARK, NY US",40.77898,-73.96925,2025-01-23,0.0,0.0,0.0,-0.82,none
GHCND:USW00094728,"NY CITY CENTRAL PARK, NY US",40.77898,-73.96925,2025-01-24,0.0,0.0,0.0,-0.49000000000000005,none
GHCND:USW00094728,"NY CITY CENTRAL PARK, NY US",40.77898,-73.96925,2025-01-25,0.0,0.0,0.0,-0.6599999999999999,none
GHCND:USW00094728,"NY CITY CENTRAL PARK, NY US",40.77898,-73.96925,2025-01-30,0.0,0.0,0.0,-0.38,none
GHCND:USW00094728,"NY CITY CENTRAL PARK, NY US",40.77898,-73.96925,2025-01-31,0.41,0.016,0.0,0.22000000000000003,rain
GHCND:USW00094728,"NY CITY CENTRAL PARK, NY US",40.77898,-73.96925,2025-02-05,0.0,0.0,0.0,-0.32,none
GHCND:USW00094728,"NY CITY CENTRAL PARK, NY US",40.77898,-73.96925,2025-02-08,1.55,0.061,76.0,-0.32,snow
GHCND:USW00094728,"NY CITY CENTRAL PARK, NY US",40.77898,-73.96925,2025-02-09,0.15,0.006,3.0,-0.1,snow
GHCND:USW00094728,"NY CITY CENTRAL PARK, NY US",40.77898,-73.96925,2025-02-10,0.0,0.0,0.0,-0.16,none
GHCND:USW00094728,"NY CITY CENTRAL PARK, NY US",40.77898,-73.96925,2025-02-11,0.3,0.012,30.0,-0.21000000000000002,snow
GHCND:USW00094728,"NY CITY CENTRAL PARK, NY US",40.77898,-73.96925,2025-02-12,0.27999999999999997,0.011,10.0,-0.05,snow
GHCND:USW00094728,"NY CITY CENTRAL PARK, NY US",40.77898,-73.96925,2025-02-13,0.38,0.015,0.0,0.16999999999999998,rain
GHCND:USW00094728,"NY CITY CENTRAL PARK, NY US",40.77898,-73.96925,2025-02-16,1.9600000000000002,0.077,0.0,0.06,rain
GHCND:USW00094728,"NY CITY CENTRAL PARK, NY US",40.77898,-73.96925,2025-02-19,0.0,0.0,0.0,-0.82,none
GHCND:USW00094728,"NY CITY CENTRAL PARK, NY US",40.77898,-73.96925,2025-02-24,0.0,0.0,0.0,0.16999999999999998,none
GHCND:USW00094728,"NY CITY CENTRAL PARK, NY US",40.77898,-73.96925,2025-02-25,0.0,0.0,0.0,0.61,none
GHCND:USW00094728,"NY CITY CENTRAL PARK, NY US",40.77898,-73.96925,2025-03-02,0.0,0.0,0.0,-0.6599999999999999,none
GHCND:USW00094728,"NY CITY CENTRAL PARK, NY US",40.77898,-73.96925,2025-03-05,4.34,0.171,0.0,0.5599999999999999,rain
GHCND:USW00094728,"NY CITY CENTRAL PARK, NY US",40.77898,-73.96925,2025-03-06,0.0,0.0,0.0,0.22000000000000003,none
GHCND:USW00094728,"NY CITY CENTRAL PARK, NY US",40.77898,-73.96925,2025-03-08,0.0,0.0,0.0,0.22000000000000003,none
GHCND:USW00094728,"NY CITY CENTRAL PARK, NY US",40.77898,-73.96925,2025-03-09,0.0,0.0,0.0,0.0,none
GHCND:USW00094728,"NY CITY CENTRAL PARK, NY US",40.77898,-73.96925,2025-03-11,0.0,0.0,0.0,0.67,none
GHCND:USW00094728,"NY CITY CENTRAL PARK, NY US",40.77898,-73.96925,2025-03-14,0.0,0.0,0.0,0.44000000000000006,none
GHCND:USW00094728,"NY CITY CENTRAL PARK, NY US",40.77898,-73.96925,2025-03-16,0.03,0.001,0.0,0.8300000000000001,rain
GHCND:USW00094728,"NY CITY CENTRAL PARK, NY US",40.77898,-73.96925,2025-03-18,0.0,0.0,0.0,0.16999999999999998,none
GHCND:USW00094728,"NY CITY CENTRAL PARK, NY US",40.77898,-73.96925,2025-03-19,0.0,0.0,0.0,0.61,none
GHCND:USW00094728,"NY CITY CENTRAL PARK, NY US",40.77898,-73.96925,2025-03-21,0.08,0.003,0.0,0.32999999999999996,rain
GHCND:USW00094728,"NY CITY CENTRAL PARK, NY US",40.77898,-73.96925,2025-03-24,1.22,0.048,0.0,0.32999999999999996,rain
GHCND:USW00094728,"NY CITY CENTRAL PARK, NY US",40.77898,-73.96925,2025-03-25,0.0,0.0,0.0,0.8300000000000001,none
GHCND:USW00094728,"NY CITY CENTRAL PARK, NY US",40.77898,-73.96925,2025-03-26,0.0,0.0,0.0,0.27999999999999997,none
GHCND:USW00094728,"NY CITY CENTRAL PARK, NY US",40.77898,-73.96925,2025-03-27,0.0,0.0,0.0,0.11000000000000001,none
GHCND:USW00094728,"NY CITY CENTRAL PARK, NY US",40.77898,-73.96925,2025-03-29,0.0,0.0,0.0,0.61,none
GHCND:USW00094728,"NY CITY CENTRAL PARK, NY US",40.77898,-73.96925,2025-03-30,0.1,0.004,0.0,0.5599999999999999,rain
GHCND:USW00094728,"NY CITY CENTRAL PARK, NY US",40.77898,-73.96925,2025-03-31,3.15,0.124,0.0,0.72,rain
GHCND:USW00094728,"NY CITY CENTRAL PARK, NY US",40.77898,-73.96925,2025-04-02,0.0,0.0,0.0,0.27999999999999997,none
GHCND:USW00094728,"NY CITY CENTRAL PARK, NY US",40.77898,-73.96925,2025-04-03,0.13,0.005,0.0,0.67,rain
GHCND:USW00094728,"NY CITY CENTRAL PARK, NY US",40.77898,-73.96925,2025-04-04,0.22999999999999998,0.009,0.0,1.3900000000000001,rain
GHCND:USW00094728,"NY CITY CENTRAL PARK, NY US",40.77898,-73.96925,2025-04-05,0.48,0.019,0.0,0.61,rain
GHCND:USW00094728,"NY CITY CENTRAL PARK, NY US",40.77898,-73.96925,2025-04-07,0.32999999999999996,0.013,0.0,0.39,rain
GHCND:USW00094728,"NY CITY CENTRAL PARK, NY US",40.77898,-73.96925,2025-04-09,0.0,0.0,0.0,-0.05,none
GHCND:USW00094728,"NY CITY CENTRAL PARK, NY US",40.77898,-73.96925,2025-04-13,0.0,0.0,0.0,0.39,none
GHCND:USW00094728,"NY CITY CENTRAL PARK, NY US",40.77898,-73.96925,2025-04-16,0.0,0.0,0.0,0.67,none
GHCND:USW00094728,"NY CITY CENTRAL PARK, NY US",40.77898,-73.96925,2025-04-17,0.0,0.0,0.0,0.5599999999999999,none
GHCND:USW00094728,"NY CITY CENTRAL PARK, NY US",40.77898,-73.96925,2025-04-18,0.0,0.0,0.0,0.89,none
GHCND:USW00094728,"NY CITY CENTRAL PARK, NY US",40.77898,-73.96925,2025-04-19,0.0,0.0,0.0,1.22,none
GHCND:USW00094728,"NY CITY CENTRAL PARK, NY US",40.77898,-73.96925,2025-04-21,0.0,0.0,0.0,1.0,none
GHCND:USW00094728,"NY CITY CENTRAL PARK, NY US",40.77898,-73.96925,2025-04-22,0.0,0.0,0.0,1.17,none
GHCND:USW00094728,"NY CITY CENTRAL PARK, NY US",40.77898,-73.96925,2025-04-23,0.0,0.0,0.0,1.22,none
GHCND:USW00094728,"NY CITY CENTRAL PARK, NY US",40.77898,-73.96925,2025-04-25,0.0,0.0,0.0,1.56,none
GHCND:USW00094728,"NY CITY CENTRAL PARK, NY US",40.77898,-73.96925,2025-04-26,2.08,0.082,0.0,1.17,rain
GHCND:USW00094728,"NY CITY CENTRAL PARK, NY US",40.77898,-73.96925,2025-04-27,0.0,0.0,0.0,0.89,none
GHCND:USW00094728,"NY CITY CENTRAL PARK, NY US",40.77898,-73.96925,2025-04-28,0.0,0.0,0.0,1.06,none
GHCND:USW00094728,"NY CITY CENTRAL PARK, NY US",40.77898,-73.96925,2025-04-29,0.0,0.0,0.0,1.33,none
GHCND:USW00094728,"NY CITY CENTRAL PARK, NY US",40.77898,-73.96925,2025-04-30,0.0,0.0,0.0,1.5,none
GHCND:USW00094728,"NY CITY CENTRAL PARK, NY US",40.77898,-73.96925,2025-05-03,2.41,0.095,0.0,1.72,rain
GHCND:USW00094728,"NY CITY CENTRAL PARK, NY US",40.77898,-73.96925,2025-05-04,0.38,0.015,0.0,1.56,rain
GHCND:USW00094728,"NY CITY CENTRAL PARK, NY US",40.77898,-73.96925,2025-05-06,0.61,0.024,0.0,1.3900000000000001,rain
GHCND:USW00094728,"NY CITY CENTRAL PARK, NY US",40.77898,-73.96925,2025-05-07,0.05,0.002,0.0,1.28,rain
GHCND:USW00094728,"NY CITY CENTRAL PARK, NY US",40.77898,-73.96925,2025-05-08,0.0,0.0,0.0,1.56,none
GHCND:USW00094728,"NY CITY CENTRAL PARK, NY US",40.77898,-73.96925,2025-05-10,0.0,0.0,0.0,1.0,none
GHCND:USW00094728,"NY CITY CENTRAL PARK, NY US",40.77898,-73.96925,2025-05-11,0.0,0.0,0.0,1.44,none
GHCND:USW00094728,"NY CITY CENTRAL PARK, NY US",40.77898,-73.96925,2025-05-12,0.0,0.0,0.0,1.3900000000000001,none
GHCND:USW00094728,"NY CITY CENTRAL PARK, NY US",40.77898,-73.96925,2025-05-13,0.41,0.016,0.0,1.44,rain
GHCND:USW00094728,"NY CITY CENTRAL PARK, NY US",40.77898,-73.96925,2025-05-17,0.0,0.0,0.0,1.72,none
GHCND:USW00094728,"NY CITY CENTRAL PARK, NY US",40.77898,-73.96925,2025-05-20,0.0,0.0,0.0,0.9400000000000001,none
GHCND:USW00094728,"NY CITY CENTRAL PARK, NY US",40.77898,-73.96925,2025-05-21,0.22999999999999998,0.009,0.0,0.9400000000000001,rain
GHCND:USW00094728,"NY CITY CENTRAL PARK, NY US",40.77898,-73.96925,2025-05-30,0.0,0.0,0.0,1.67,none
GHCND:USW00094728,"NY CITY CENTRAL PARK, NY US",40.77898,-73.96925,2025-06-05,0.0,0.0,0.0,2.1100000000000003,none
GHCND:USW00094728,"NY CITY CENTRAL PARK, NY US",40.77898,-73.96925,2025-06-07,1.78,0.07,0.0,1.89,rain
GHCND:USW00094728,"NY CITY CENTRAL PARK, NY US",40.77898,-73.96925,2025-06-09,0.03,0.001,0.0,1.67,rain
GHCND:USW00094728,"NY CITY CENTRAL PARK, NY US",40.77898,-73.96925,2025-06-10,1.02,0.04,0.0,1.67,rain
GHCND:USW00094728,"NY CITY CENTRAL PARK, NY US",40.77898,-73.96925,2025-06-11,0.0,0.0,0.0,1.83,none
GHCND:USW00094728,"NY CITY CENTRAL PARK, NY US",40.77898,-73.96925,2025-06-12,0.0,0.0,0.0,2.1100000000000003,none
GHCND:USW00094728,"NY CITY CENTRAL PARK, NY US",40.77898,-73.96925,2025-06-21,0.0,0.0,0.0,2.2199999999999998,none
GHCND:USW00094728,"NY CITY CENTRAL PARK, NY US",40.77898,-73.96925,2025-06-23,0.0,0.0,0.0,2.67,none
GHCND:USW00094728,"NY CITY CENTRAL PARK, NY US",40.77898,-73.96925,2025-06-24,0.0,0.0,0.0,2.7199999999999998,none
GHCND:USW00094728,"NY CITY CENTRAL PARK, NY US",40.77898,-73.96925,2025-06-25,0.0,0.0,0.0,2.7199999999999998,none
GHCND:USW00094728,"NY CITY CENTRAL PARK, NY US",40.77898,-73.96925,2025-07-16,0.0,0.0,0.0,2.5,none
GHCND:USW00094728,"NY CITY CENTRAL PARK, NY US",40.77898,-73.96925,2025-07-24,0.0,0.0,0.0,2.1100000000000003,none
GHCND:USW00094728,"NY CITY CENTRAL PARK, NY US",40.77898,-73.96925,2025-07-25,0.03,0.001,0.0,2.44,rain
GHCND:USW00094728,"NY CITY CENTRAL PARK, NY US",40.77898,-73.96925,2025-07-26,0.0,0.0,0.0,2.33,none
GHCND:USW00094728,"NY CITY CENTRAL PARK, NY US",40.77898,-73.96925,2025-07-31,0.8099999999999999,0.032,0.0,1.83,rain
GHCND:USW00094728,"NY CITY CENTRAL PARK, NY US",40.77898,-73.96925,2025-08-13,1.8,0.071,0.0,2.17,rain
GHCND:USW00094728,"NY CITY CENTRAL PARK, NY US",40.77898,-73.96925,2025-08-14,0.0,0.0,0.0,2.2800000000000002,none
GHCND:USW00094728,"NY CITY CENTRAL PARK, NY US",40.77898,-73.96925,2025-08-17,1.6800000000000002,0.066,0.0,2.2800000000000002,rain
GHCND:USW00094728,"NY CITY CENTRAL PARK, NY US",40.77898,-73.96925,2025-08-20,1.3,0.051,0.0,1.44,rain
GHCND:USW00094728,"NY CITY CENTRAL PARK, NY US",40.77898,-73.96925,2025-08-30,0.0,0.0,0.0,1.3900000000000001,none
GHCND:USW00094728,"NY CITY CENTRAL PARK, NY US",40.77898,-73.96925,2025-09-05,0.43,0.017,0.0,1.89,rain
GHCND:USW00094728,"NY CITY CENTRAL PARK, NY US",40.77898,-73.96925,2025-09-18,0.03,0.001,0.0,1.78,rain
GHCND:USW00094728,"NY CITY CENTRAL PARK, NY US",40.77898,-73.96925,2025-10-08,0.6900000000000001,0.027,0.0,1.33,rain
GHCND:USW00094728,"NY CITY CENTRAL PARK, NY US",40.77898,-73.96925,2025-10-18,0.0,0.0,0.0,0.89,none
GHCND:USW00094728,"NY CITY CENTRAL PARK, NY US",40.77898,-73.96925,2025-10-24,0.0,0.0,0.0,0.78,none
GHCND:USW00094728,"NY CITY CENTRAL PARK, NY US",40.77898,-73.96925,2025-10-26,0.0,0.0,0.0,0.89,none
GHCND:USW00094728,"NY CITY CENTRAL PARK, NY US",40.77898,-73.96925,2025-10-30,4.65,0.183,0.0,1.0,rain
GHCND:USW00094728,"NY CITY CENTRAL PARK, NY US",40.77898,-73.96925,2025-11-02,0.0,0.0,0.0,0.61,none
GHCND:USW00094728,"NY CITY CENTRAL PARK, NY US",40.77898,-73.96925,2025-11-03,0.1,0.004,0.0,1.0,rain
GHCND:USW00094728,"NY CITY CENTRAL PARK, NY US",40.77898,-73.96925,2025-11-08,0.41,0.016,0.0,1.22,rain
GHCND:USW00094728,"NY CITY CENTRAL PARK, NY US",40.77898,-73.96925,2025-11-09,0.48,0.019,0.0,1.22,rain
GHCND:USW00094728,"NY CITY CENTRAL PARK, NY US",40.77898,-73.96925,2025-11-10,0.5599999999999999,0.022,0.0,0.16999999999999998,rain
GHCND:USW00094728,"NY CITY CENTRAL PARK, NY US",40.77898,-73.96925,2025-11-12,0.0,0.0,0.0,0.32999999999999996,none
GHCND:USW00094728,"NY CITY CENTRAL PARK, NY US",40.77898,-73.96925,2025-11-20,0.0,0.0,0.0,0.32999999999999996,none
GHCND:USW00094728,"NY CITY CENTRAL PARK, NY US",40.77898,-73.96925,2025-11-26,0.3,0.012,0.0,0.9400000000000001,rain
GHCND:USW00094728,"NY CITY CENTRAL PARK, NY US",40.77898,-73.96925,2025-12-02,1.98,0.078,0.0,0.11000000000000001,rain
GHCND:USW00094728,"NY CITY CENTRAL PARK, NY US",40.77898,-73.96925,2025-12-03,0.0,0.0,0.0,-0.06,none
GHCND:USW00094728,"NY CITY CENTRAL PARK, NY US",40.77898,-73.96925,2025-12-09,0.0,0.0,0.0,-0.72,none
GHCND:USW00094728,"NY CITY CENTRAL PARK, NY US",40.77898,-73.96925,2025-12-10,0.18,0.007,0.0,0.0,likely snow
GHCND:USW00094728,"NY CITY CENTRAL PARK, NY US",40.77898,-73.96925,2025-12-13,0.08,0.003,0.0,-0.27999999999999997,likely snow
GHCND:USW00094728,"NY CITY CENTRAL PARK, NY US",40.77898,-73.96925,2025-12-14,1.3,0.051,74.0,-0.72,snow
GHCND:USW00094728,"NY CITY CENTRAL PARK, NY US",40.77898,-73.96925,2025-12-15,0.0,0.0,0.0,-0.72,none
GHCND:USW00094728,"NY CITY CENTRAL PARK, NY US",40.77898,-73.96925,2025-12-16,0.0,0.0,0.0,-0.44000000000000006,none
GHCND:USW00094728,"NY CITY CENTRAL PARK, NY US",40.77898,-73.96925,2025-12-17,0.0,0.0,0.0,-0.11000000000000001,none
GHCND:USW00094728,"NY CITY CENTRAL PARK, NY US",40.77898,-73.96925,2025-12-18,0.05,0.002,0.0,0.22000000000000003,rain
GHCND:USW00094728,"NY CITY CENTRAL PARK, NY US",40.77898,-73.96925,2025-12-19,2.95,0.116,0.0,0.0,likely snow
GHCND:USW00094728,"NY CITY CENTRAL PARK, NY US",40.77898,-73.96925,2025-12-26,0.6900000000000001,0.027,43.0,-0.67,snow
GHCND:USW00094728,"NY CITY CENTRAL PARK, NY US",40.77898,-73.96925,2025-12-27,0.5599999999999999,0.022,66.0,-0.39,snow
GHCND:USW00094728,"NY CITY CENTRAL PARK, NY US",40.77898,-73.96925,2025-12-28,0.0,0.0,0.0,-0.5599999999999999,none
GHCND:USW00094728,"NY CITY CENTRAL PARK, NY US",40.77898,-73.96925,2025-12-29,0.2,0.008,0.0,-0.06,likely snow
GHCND:USW00094728,"NY CITY CENTRAL PARK, NY US",40.77898,-73.96925,2025-12-30,0.0,0.0,0.0,-0.27999999999999997,none
GHCND:USW00094728,"NY CITY CENTRAL PARK, NY US",40.77898,-73.96925,2025-12-31,0.0,0.0,0.0,-0.27999999999999997,none
GHCND:USW00094741,"TETERBORO AIRPORT, NJ US",40.85898,-74.05616,2025-01-12,0.0,0.0,,-0.16,none
GHCND:USW00094741,"TETERBORO AIRPORT, NJ US",40.85898,-74.05616,2025-01-14,0.0,0.0,,-0.43,none
GHCND:USW00094741,"TETERBORO AIRPORT, NJ US",40.85898,-74.05616,2025-01-15,0.0,0.0,,-0.6599999999999999,none
GHCND:USW00094741,"TETERBORO AIRPORT, NJ US",40.85898,-74.05616,2025-01-16,0.0,0.0,,-0.77,none
GHCND:USW00094741,"TETERBORO AIRPORT, NJ US",40.85898,-74.05616,2025-01-18,0.13,0.005,,-0.21000000000000002,likely snow
GHCND:USW00094741,"TETERBORO AIRPORT, NJ US",40.85898,-74.05616,2025-01-19,0.6900000000000001,0.027,,-0.49000000000000005,likely snow
GHCND:USW00094741,"TETERBORO AIRPORT, NJ US",40.85898,-74.05616,2025-01-20,0.0,0.0,,-0.93,none
GHCND:USW00094741,"TETERBORO AIRPORT, NJ US",40.85898,-74.05616,2025-01-21,0.0,0.0,,-1.4300000000000002,none
GHCND:USW00094741,"TETERBORO AIRPORT, NJ US",40.85898,-74.05616,2025-01-22,0.0,0.0,,-1.3800000000000001,none
GHCND:USW00094741,"TETERBORO AIRPORT, NJ US",40.85898,-74.05616,2025-01-23,0.0,0.0,,-1.21,none
GHCND:USW00094741,"TETERBORO AIRPORT, NJ US",40.85898,-74.05616,2025-01-24,0.0,0.0,,-0.99,none
GHCND:USW00094741,"TETERBORO AIRPORT, NJ US",40.85898,-74.05616,2025-01-25,0.0,0.0,,-1.16,none
GHCND:USW00094741,"TETERBORO AIRPORT, NJ US",40.85898,-74.05616,2025-01-30,0.0,0.0,,-0.43,none
GHCND:USW00094741,"TETERBORO AIRPORT, NJ US",40.85898,-74.05616,2025-01-31,0.5599999999999999,0.022,,0.06,rain
GHCND:USW00094741,"TETERBORO AIRPORT, NJ US",40.85898,-74.05616,2025-02-05,0.0,0.0,,-0.32,none
GHCND:USW00094741,"TETERBORO AIRPORT, NJ US",40.85898,-74.05616,2025-02-08,1.45,0.057,,-0.49000000000000005,likely snow
GHCND:USW00094741,"TETERBORO AIRPORT, NJ US",40.85898,-74.05616,2025-02-09,0.18,0.007,,-0.16,likely snow
GHCND:USW00094741,"TETERBORO AIRPORT, NJ US",40.85898,-74.05616,2025-02-10,0.0,0.0,,-0.38,none
GHCND:USW00094741,"TETERBORO AIRPORT, NJ US",40.85898,-74.05616,2025-02-11,0.15,0.006,,-0.6599999999999999,likely snow
GHCND:USW00094741,"TETERBORO AIRPORT, NJ US",40.85898,-74.05616,2025-02-12,0.22999999999999998,0.009,,-0.16,likely snow
GHCND:USW00094741,"TETERBORO AIRPORT, NJ US",40.85898,-74.05616,2025-02-13,0.43,0.017,,0.11000000000000001,rain
GHCND:USW00094741,"TETERBORO AIRPORT, NJ US",40.85898,-74.05616,2025-02-16,2.4899999999999998,0.098,,0.06,rain
GHCND:USW00094741,"TETERBORO AIRPORT, NJ US",40.85898,-74.05616,2025-02-24,0.0,0.0,,0.06,none
GHCND:USW00094741,"TETERBORO AIRPORT, NJ US",40.85898,-74.05616,2025-02-25,0.0,0.0,,0.22000000000000003,none
GHCND:USW00094741,"TETERBORO AIRPORT, NJ US",40.85898,-74.05616,2025-03-02,0.0,0.0,,-0.6599999999999999,none
GHCND:USW00094741,"TETERBORO AIRPORT, NJ US",40.85898,-74.05616,2025-03-05,3.71,0.146,,0.27999999999999997,rain
GHCND:USW00094741,"TETERBORO AIRPORT, NJ US",40.85898,-74.05616,2025-03-06,0.03,0.001,,0.16999999999999998,rain
GHCND:USW00094741,"TETERBORO AIRPORT, NJ US",40.85898,-74.05616,2025-03-08,0.0,0.0,,0.11000000000000001,none
GHCND:USW00094741,"TETERBORO AIRPORT, NJ US",40.85898,-74.05616,2025-03-09,0.0,0.0,,-0.32,none
GHCND:USW00094741,"TETERBORO AIRPORT, NJ US",40.85898,-74.05616,2025-03-11,0.0,0.0,,0.27999999999999997,none
GHCND:USW00094741,"TETERBORO AIRPORT, NJ US",40.85898,-74.05616,2025-03-14,0.0,0.0,,0.44000000000000006,none
GHCND:USW00094741,"TETERBORO AIRPORT, NJ US",40.85898,-74.05616,2025-03-16,0.05,0.002,,0.8300000000000001,rain
GHCND:USW00094741,"TETERBORO AIRPORT, NJ US",40.85898,-74.05616,2025-03-18,0.0,0.0,,0.11000000000000001,none
GHCND:USW00094741,"TETERBORO AIRPORT, NJ US",40.85898,-74.05616,2025-03-19,0.0,0.0,,0.27999999999999997,none
GHCND:USW00094741,"TETERBORO AIRPORT, NJ US",40.85898,-74.05616,2025-03-24,0.86,0.034,,0.39,rain
GHCND:USW00094741,"TETERBORO AIRPORT, NJ US",40.85898,-74.05616,2025-03-25,0.0,0.0,,0.61,none
GHCND:USW00094741,"TETERBORO AIRPORT, NJ US",40.85898,-74.05616,2025-03-26,0.0,0.0,,0.22000000000000003,none
GHCND:USW00094741,"TETERBORO AIRPORT, NJ US",40.85898,-74.05616,2025-03-27,0.0,0.0,,0.0,none
GHCND:USW00094741,"TETERBORO AIRPORT, NJ US",40.85898,-74.05616,2025-03-29,0.0,0.0,,0.5599999999999999,none
GHCND:USW00094741,"TETERBORO AIRPORT, NJ US",40.85898,-74.05616,2025-03-30,0.15,0.006,,0.5,rain
GHCND:USW00094741,"TETERBORO AIRPORT, NJ US",40.85898,-74.05616,2025-03-31,1.75,0.069,,0.67,rain
GHCND:USW00094741,"TETERBORO AIRPORT, NJ US",40.85898,-74.05616,2025-04-02,0.0,0.0,,0.22000000000000003,none
GHCND:USW00094741,"TETERBORO AIRPORT, NJ US",40.85898,-74.05616,2025-04-03,0.25,0.01,,0.67,rain
GHCND:USW00094741,"TETERBORO AIRPORT, NJ US",40.85898,-74.05616,2025-04-04,0.1,0.004,,1.3900000000000001,rain
GHCND:USW00094741,"TETERBORO AIRPORT, NJ US",40.85898,-74.05616,2025-04-05,0.99,0.039,,0.61,rain
GHCND:USW00094741,"TETERBORO AIRPORT, NJ US",40.85898,-74.05616,2025-04-07,0.51,0.02,,0.39,rain
GHCND:USW00094741,"TETERBORO AIRPORT, NJ US",40.85898,-74.05616,2025-04-09,0.0,0.0,,-0.05,none
GHCND:USW00094741,"TETERBORO AIRPORT, NJ US",40.85898,-74.05616,2025-04-13,0.0,0.0,,0.39,none
GHCND:USW00094741,"TETERBORO AIRPORT, NJ US",40.85898,-74.05616,2025-04-16,0.0,0.0,,0.67,none
GHCND:USW00094741,"TETERBORO AIRPORT, NJ US",40.85898,-74.05616,2025-04-17,0.0,0.0,,0.44000000000000006,none
GHCND:USW00094741,"TETERBORO AIRPORT, NJ US",40.85898,-74.05616,2025-04-18,0.0,0.0,,0.32999999999999996,none
GHCND:USW00094741,"TETERBORO AIRPORT, NJ US",40.85898,-74.05616,2025-04-19,0.0,0.0,,1.33,none
GHCND:USW00094741,"TETERBORO AIRPORT, NJ US",40.85898,-74.05616,2025-04-21,0.03,0.001,,0.72,rain
GHCND:USW00094741,"TETERBORO AIRPORT, NJ US",40.85898,-74.05616,2025-04-22,0.0,0.0,,1.22,none
GHCND:USW00094741,"TETERBORO AIRPORT, NJ US",40.85898,-74.05616,2025-04-23,0.0,0.0,,1.17,none
GHCND:USW00094741,"TETERBORO AIRPORT, NJ US",40.85898,-74.05616,2025-04-25,0.0,0.0,,1.28,none
GHCND:USW00094741,"TETERBORO AIRPORT, NJ US",40.85898,-74.05616,2025-04-26,0.86,0.034,,1.1099999999999999,rain
GHCND:USW00094741,"TETERBORO AIRPORT, NJ US",40.85898,-74.05616,2025-04-27,0.0,0.0,,0.8300000000000001,none
GHCND:USW00094741,"TETERBORO AIRPORT, NJ US",40.85898,-74.05616,2025-04-29,0.0,0.0,,0.9400000000000001,none
GHCND:USW00094741,"TETERBORO AIRPORT, NJ US",40.85898,-74.05616,2025-04-30,0.0,0.0,,1.3900000000000001,none
GHCND:USW00094741,"TETERBORO AIRPORT, NJ US",40.85898,-74.05616,2025-05-03,0.5599999999999999,0.022,,1.5,rain
GHCND:USW00094741,"TETERBORO AIRPORT, NJ US",40.85898,-74.05616,2025-05-04,0.38,0.015,,1.67,rain
GHCND:USW00094741,"TETERBORO AIRPORT, NJ US",40.85898,-74.05616,2025-05-08,0.13,0.005,,1.33,rain
GHCND:USW00094741,"TETERBORO AIRPORT, NJ US",40.85898,-74.05616,2025-05-11,0.0,0.0,,0.8300000000000001,none
GHCND:USW00094741,"TETERBORO AIRPORT, NJ US",40.85898,-74.05616,2025-05-12,0.0,0.0,,0.9400000000000001,none
GHCND:USW00094741,"TETERBORO AIRPORT, NJ US",40.85898,-74.05616,2025-05-13,0.3,0.012,,1.44,rain
GHCND:USW00094741,"TETERBORO AIRPORT, NJ US",40.85898,-74.05616,2025-05-17,0.0,0.0,,1.67,none
GHCND:USW00094741,"TETERBORO AIRPORT, NJ US",40.85898,-74.05616,2025-05-20,0.0,0.0,,0.8300000000000001,none
GHCND:USW00094741,"TETERBORO AIRPORT, NJ US",40.85898,-74.05616,2025-05-21,0.36,0.014,,0.9400000000000001,rain
GHCND:USW00094741,"TETERBORO AIRPORT, NJ US",40.85898,-74.05616,2025-05-30,0.0,0.0,,1.44,none
GHCND:USW00094741,"TETERBORO AIRPORT, NJ US",40.85898,-74.05616,2025-06-05,0.0,0.0,,1.94,none
GHCND:USW00094741,"TETERBORO AIRPORT, NJ US",40.85898,-74.05616,2025-06-07,0.25,0.01,,1.94,rain
GHCND:USW00094741,"TETERBORO AIRPORT, NJ US",40.85898,-74.05616,2025-06-09,0.08,0.003,,1.61,rain
GHCND:USW00094741,"TETERBORO AIRPORT, NJ US",40.85898,-74.05616,2025-06-10,2.9,0.114,,1.67,rain
GHCND:USW00094741,"TETERBORO AIRPORT, NJ US",40.85898,-74.05616,2025-06-11,0.0,0.0,,1.61,none
GHCND:USW00094741,"TETERBORO AIRPORT, NJ US",40.85898,-74.05616,2025-06-12,0.0,0.0,,1.83,none
GHCND:USW00094741,"TETERBORO AIRPORT, NJ US",40.85898,-74.05616,2025-06-21,0.0,0.0,,2.0,none
GHCND:USW00094741,"TETERBORO AIRPORT, NJ US",40.85898,-74.05616,2025-06-23,0.0,0.0,,2.6100000000000003,none
GHCND:USW00094741,"TETERBORO AIRPORT, NJ US",40.85898,-74.05616,2025-06-24,0.0,0.0,,2.56,none
GHCND:USW00094741,"TETERBORO AIRPORT, NJ US",40.85898,-74.05616,2025-06-25,0.0,0.0,,2.7199999999999998,none
GHCND:USW00094741,"TETERBORO AIRPORT, NJ US",40.85898,-74.05616,2025-07-16,0.0,0.0,,2.3899999999999997,none
GHCND:USW00094741,"TETERBORO AIRPORT, NJ US",40.85898,-74.05616,2025-07-24,0.0,0.0,,2.0,none
GHCND:USW00094741,"TETERBORO AIRPORT, NJ US",40.85898,-74.05616,2025-07-25,0.05,0.002,,2.3899999999999997,rain
GHCND:USW00094741,"TETERBORO AIRPORT, NJ US",40.85898,-74.05616,2025-07-26,0.0,0.0,,2.3899999999999997,none
GHCND:USW00094741,"TETERBORO AIRPORT, NJ US",40.85898,-74.05616,2025-07-31,0.58,0.023,,1.83,rain
GHCND:USW00094741,"TETERBORO AIRPORT, NJ US",40.85898,-74.05616,2025-08-13,0.43,0.017,,2.2199999999999998,rain
GHCND:USW00094741,"TETERBORO AIRPORT, NJ US",40.85898,-74.05616,2025-08-14,0.0,0.0,,2.2199999999999998,none
GHCND:USW00094741,"TETERBORO AIRPORT, NJ US",40.85898,-74.05616,2025-08-17,0.0,0.0,,2.2199999999999998,none
GHCND:USW00094741,"TETERBORO AIRPORT, NJ US",40.85898,-74.05616,2025-08-20,1.73,0.068,,1.44,rain
GHCND:USW00094741,"TETERBORO AIRPORT, NJ US",40.85898,-74.05616,2025-08-30,0.0,0.0,,1.17,none
GHCND:USW00094741,"TETERBORO AIRPORT, NJ US",40.85898,-74.05616,2025-09-05,0.3,0.012,,1.83,rain
GHCND:USW00094741,"TETERBORO AIRPORT, NJ US",40.85898,-74.05616,2025-09-18,0.0,0.0,,1.78,none
GHCND:USW00094741,"TETERBORO AIRPORT, NJ US",40.85898,-74.05616,2025-10-08,0.9099999999999999,0.036,,1.28,rain
GHCND:USW00094741,"TETERBORO AIRPORT, NJ US",40.85898,-74.05616,2025-10-18,0.0,0.0,,0.5,none
GHCND:USW00094741,"TETERBORO AIRPORT, NJ US",40.85898,-74.05616,2025-10-24,0.0,0.0,,0.44000000000000006,none
GHCND:USW00094741,"TETERBORO AIRPORT, NJ US",40.85898,-74.05616,2025-10-26,0.0,0.0,,0.44000000000000006,none
GHCND:USW00094741,"TETERBORO AIRPORT, NJ US",40.85898,-74.05616,2025-10-30,5.21,0.205,,0.9400000000000001,rain
GHCND:USW00094741,"TETERBORO AIRPORT, NJ US",40.85898,-74.05616,2025-11-02,0.0,0.0,,0.27999999999999997,none
GHCND:USW00094741,"TETERBORO AIRPORT, NJ US",40.85898,-74.05616,2025-11-03,0.03,0.001,,0.5599999999999999,rain
GHCND:USW00094741,"TETERBORO AIRPORT, NJ US",40.85898,-74.05616,2025-11-08,0.36,0.014,,0.89,rain
GHCND:USW00094741,"TETERBORO AIRPORT, NJ US",40.85898,-74.05616,2025-11-09,0.2,0.008,,0.78,rain
GHCND:USW00094741,"TETERBORO AIRPORT, NJ US",40.85898,-74.05616,2025-11-10,0.8099999999999999,0.032,,0.06,rain
GHCND:USW00094741,"TETERBORO AIRPORT, NJ US",40.85898,-74.05616,2025-11-12,0.0,0.0,,0.27999999999999997,none
GHCND:USW00094741,"TETERBORO AIRPORT, NJ US",40.85898,-74.05616,2025-11-20,0.0,0.0,,0.0,none
GHCND:USW00094741,"TETERBORO AIRPORT, NJ US",40.85898,-74.05616,2025-11-26,0.18,0.007,,0.8300000000000001,rain
GHCND:USW00094741,"TETERBORO AIRPORT, NJ US",40.85898,-74.05616,2025-12-02,1.78,0.07,,-0.06,likely snow
GHCND:USW00094741,"TETERBORO AIRPORT, NJ US",40.85898,-74.05616,2025-12-03,0.0,0.0,,-0.11000000000000001,none
GHCND:USW00094741,"TETERBORO AIRPORT, NJ US",40.85898,-74.05616,2025-12-09,0.0,0.0,,-0.9400000000000001,none
GHCND:USW00094741,"TETERBORO AIRPORT, NJ US",40.85898,-74.05616,2025-12-10,0.25,0.01,,-0.06,likely snow
GHCND:USW00094741,"TETERBORO AIRPORT, NJ US",40.85898,-74.05616,2025-12-13,0.08,0.003,,-0.61,likely snow
GHCND:USW00094741,"TETERBORO AIRPORT, NJ US",40.85898,-74.05616,2025-12-14,1.02,0.04,,-0.72,likely snow
GHCND:USW00094741,"TETERBORO AIRPORT, NJ US",40.85898,-74.05616,2025-12-15,0.0,0.0,,-0.72,none
GHCND:USW00094741,"TETERBORO AIRPORT, NJ US",40.85898,-74.05616,2025-12-16,0.0,0.0,,-0.61,none
GHCND:USW00094741,"TETERBORO AIRPORT, NJ US",40.85898,-74.05616,2025-12-17,0.0,0.0,,-0.5599999999999999,none
GHCND:USW00094741,"TETERBORO AIRPORT, NJ US",40.85898,-74.05616,2025-12-18,0.15,0.006,,-0.32999999999999996,likely snow
GHCND:USW00094741,"TETERBORO AIRPORT, NJ US",40.85898,-74.05616,2025-12-19,3.07,0.121,,-0.06,likely snow
GHCND:USW00094741,"TETERBORO AIRPORT, NJ US",40.85898,-74.05616,2025-12-26,0.5599999999999999,0.022,,-0.67,likely snow
GHCND:USW00094741,"TETERBORO AIRPORT, NJ US",40.85898,-74.05616,2025-12-27,0.43,0.017,,-0.78,likely snow
GHCND:USW00094741,"TETERBORO AIRPORT, NJ US",40.85898,-74.05616,2025-12-28,0.03,0.001,,-0.89,likely snow
GHCND:USW00094741,"TETERBORO AIRPORT, NJ US",40.85898,-74.05616,2025-12-29,0.22999999999999998,0.009,,-0.06,likely snow
GHCND:USW00094741,"TETERBORO AIRPORT, NJ US",40.85898,-74.05616,2025-12-30,0.0,0.0,,-0.32999999999999996,none
GHCND:USW00094741,"TETERBORO AIRPORT, NJ US",40.85898,-74.05616,2025-12-31,0.0,0.0,,-0.32999999999999996,none
GHCND:USW00094789,"JFK INTERNATIONAL AIRPORT, NY US",40.63915,-73.7639,2025-01-12,0.0,0.0,0.0,-0.05,none
GHCND:USW00094789,"JFK INTERNATIONAL AIRPORT, NY US",40.63915,-73.7639,2025-01-14,0.0,0.0,0.0,-0.21000000000000002,none
GHCND:USW00094789,"JFK INTERNATIONAL AIRPORT, NY US",40.63915,-73.7639,2025-01-15,0.0,0.0,0.0,-0.38,none
GHCND:USW00094789,"JFK INTERNATIONAL AIRPORT, NY US",40.63915,-73.7639,2025-01-16,0.0,0.0,0.0,-0.38,none
GHCND:USW00094789,"JFK INTERNATIONAL AIRPORT, NY US",40.63915,-73.7639,2025-01-18,0.43,0.017,0.0,0.16999999999999998,rain
GHCND:USW00094789,"JFK INTERNATIONAL AIRPORT, NY US",40.63915,-73.7639,2025-01-19,0.61,0.024,41.0,-0.16,snow
GHCND:USW00094789,"JFK INTERNATIONAL AIRPORT, NY US",40.63915,-73.7639,2025-01-20,0.0,0.0,0.0,-0.71,none
GHCND:USW00094789,"JFK INTERNATIONAL AIRPORT, NY US",40.63915,-73.7639,2025-01-21,0.0,0.0,0.0,-0.99,none
GHCND:USW00094789,"JFK INTERNATIONAL AIRPORT, NY US",40.63915,-73.7639,2025-01-22,0.0,0.0,0.0,-1.05,none
GHCND:USW00094789,"JFK INTERNATIONAL AIRPORT, NY US",40.63915,-73.7639,2025-01-23,0.0,0.0,0.0,-0.8800000000000001,none
GHCND:USW00094789,"JFK INTERNATIONAL AIRPORT, NY US",40.63915,-73.7639,2025-01-24,0.0,0.0,0.0,-0.6599999999999999,none
GHCND:USW00094789,"JFK INTERNATIONAL AIRPORT, NY US",40.63915,-73.7639,2025-01-25,0.0,0.0,0.0,-0.77,none
GHCND:USW00094789,"JFK INTERNATIONAL AIRPORT, NY US",40.63915,-73.7639,2025-01-30,0.0,0.0,0.0,-0.32,none
GHCND:USW00094789,"JFK INTERNATIONAL AIRPORT, NY US",40.63915,-73.7639,2025-01-31,0.38,0.015,0.0,0.44000000000000006,rain
GHCND:USW00094789,"JFK INTERNATIONAL AIRPORT, NY US",40.63915,-73.7639,2025-02-05,0.0,0.0,0.0,-0.16,none
GHCND:USW00094789,"JFK INTERNATIONAL AIRPORT, NY US",40.63915,-73.7639,2025-02-08,1.7,0.067,84.0,-0.27,snow
GHCND:USW00094789,"JFK INTERNATIONAL AIRPORT, NY US",40.63915,-73.7639,2025-02-09,0.13,0.005,3.0,0.11000000000000001,snow
GHCND:USW00094789,"JFK INTERNATIONAL AIRPORT, NY US",40.63915,-73.7639,2025-02-10,0.0,0.0,0.0,-0.1,none
GHCND:USW00094789,"JFK INTERNATIONAL AIRPORT, NY US",40.63915,-73.7639,2025-02-11,0.36,0.014,33.0,-0.32,snow
GHCND:USW00094789,"JFK INTERNATIONAL AIRPORT, NY US",40.63915,-73.7639,2025-02-12,0.32999999999999996,0.013,13.0,0.06,snow
GHCND:USW00094789,"JFK INTERNATIONAL AIRPORT, NY US",40.63915,-73.7639,2025-02-13,0.51,0.02,0.0,0.32999999999999996,rain
GHCND:USW00094789,"JFK INTERNATIONAL AIRPORT, NY US",40.63915,-73.7639,2025-02-16,2.79,0.11,0.0,0.22000000000000003,rain
GHCND:USW00094789,"JFK INTERNATIONAL AIRPORT, NY US",40.63915,-73.7639,2025-02-19,0.0,0.0,0.0,-0.6599999999999999,none
GHCND:USW00094789,"JFK INTERNATIONAL AIRPORT, NY US",40.63915,-73.7639,2025-02-24,0.0,0.0,0.0,0.06,none
GHCND:USW00094789,"JFK INTERNATIONAL AIRPORT, NY US",40.63915,-73.7639,2025-02-25,0.0,0.0,0.0,0.39,none
GHCND:USW00094789,"JFK INTERNATIONAL AIRPORT, NY US",40.63915,-73.7639,2025-03-02,0.0,0.0,0.0,-0.49000000000000005,none
GHCND:USW00094789,"JFK INTERNATIONAL AIRPORT, NY US",40.63915,-73.7639,2025-03-05,3.78,0.149,0.0,0.5599999999999999,rain
GHCND:USW00094789,"JFK INTERNATIONAL AIRPORT, NY US",40.63915,-73.7639,2025-03-06,0.03,0.001,0.0,0.32999999999999996,rain
GHCND:USW00094789,"JFK INTERNATIONAL AIRPORT, NY US",40.63915,-73.7639,2025-03-08,0.0,0.0,0.0,0.32999999999999996,none
GHCND:USW00094789,"JFK INTERNATIONAL AIRPORT, NY US",40.63915,-73.7639,2025-03-09,0.0,0.0,0.0,0.11000000000000001,none
GHCND:USW00094789,"JFK INTERNATIONAL AIRPORT, NY US",40.63915,-73.7639,2025-03-11,0.0,0.0,0.0,0.27999999999999997,none
GHCND:USW00094789,"JFK INTERNATIONAL AIRPORT, NY US",40.63915,-73.7639,2025-03-14,0.0,0.0,0.0,0.5599999999999999,none
GHCND:USW00094789,"JFK INTERNATIONAL AIRPORT, NY US",40.63915,-73.7639,2025-03-16,0.15,0.006,0.0,0.89,rain
GHCND:USW00094789,"JFK INTERNATIONAL AIRPORT, NY US",40.63915,-73.7639,2025-03-18,0.0,0.0,0.0,0.27999999999999997,none
GHCND:USW00094789,"JFK INTERNATIONAL AIRPORT, NY US",40.63915,-73.7639,2025-03-19,0.0,0.0,0.0,0.32999999999999996,none
GHCND:USW00094789,"JFK INTERNATIONAL AIRPORT, NY US",40.63915,-73.7639,2025-03-21,0.15,0.006,0.0,0.44000000000000006,rain
GHCND:USW00094789,"JFK INTERNATIONAL AIRPORT, NY US",40.63915,-73.7639,2025-03-24,2.1100000000000003,0.083,0.0,0.44000000000000006,rain
GHCND:USW00094789,"JFK INTERNATIONAL AIRPORT, NY US",40.63915,-73.7639,2025-03-25,0.0,0.0,0.0,0.67,none
GHCND:USW00094789,"JFK INTERNATIONAL AIRPORT, NY US",40.63915,-73.7639,2025-03-26,0.03,0.001,0.0,0.39,rain
GHCND:USW00094789,"JFK INTERNATIONAL AIRPORT, NY US",40.63915,-73.7639,2025-03-27,0.0,0.0,0.0,0.16999999999999998,none
GHCND:USW00094789,"JFK INTERNATIONAL AIRPORT, NY US",40.63915,-73.7639,2025-03-29,0.03,0.001,0.0,0.67,rain
GHCND:USW00094789,"JFK INTERNATIONAL AIRPORT, NY US",40.63915,-73.7639,2025-03-30,0.05,0.002,0.0,0.67,rain
GHCND:USW00094789,"JFK INTERNATIONAL AIRPORT, NY US",40.63915,-73.7639,2025-03-31,1.3,0.051,0.0,0.89,rain
GHCND:USW00094789,"JFK INTERNATIONAL AIRPORT, NY US",40.63915,-73.7639,2025-04-02,0.03,0.001,0.0,0.27999999999999997,rain
GHCND:USW00094789,"JFK INTERNATIONAL AIRPORT, NY US",40.63915,-73.7639,2025-04-03,0.22999999999999998,0.009,0.0,0.72,rain
GHCND:USW00094789,"JFK INTERNATIONAL AIRPORT, NY US",40.63915,-73.7639,2025-04-04,0.22999999999999998,0.009,0.0,1.3900000000000001,rain
GHCND:USW00094789,"JFK INTERNATIONAL AIRPORT, NY US",40.63915,-73.7639,2025-04-05,0.38,0.015,0.0,0.72,rain
GHCND:USW00094789,"JFK INTERNATIONAL AIRPORT, NY US",40.63915,-73.7639,2025-04-07,0.43,0.017,0.0,0.44000000000000006,rain
GHCND:USW00094789,"JFK INTERNATIONAL AIRPORT, NY US",40.63915,-73.7639,2025-04-09,0.0,0.0,0.0,0.0,none
GHCND:USW00094789,"JFK INTERNATIONAL AIRPORT, NY US",40.63915,-73.7639,2025-04-13,0.1,0.004,0.0,0.44000000000000006,rain
GHCND:USW00094789,"JFK INTERNATIONAL AIRPORT, NY US",40.63915,-73.7639,2025-04-16,0.0,0.0,0.0,0.72,none
GHCND:USW00094789,"JFK INTERNATIONAL AIRPORT, NY US",40.63915,-73.7639,2025-04-17,0.0,0.0,0.0,0.61,none
GHCND:USW00094789,"JFK INTERNATIONAL AIRPORT, NY US",40.63915,-73.7639,2025-04-18,0.0,0.0,0.0,0.44000000000000006,none
GHCND:USW00094789,"JFK INTERNATIONAL AIRPORT, NY US",40.63915,-73.7639,2025-04-19,0.0,0.0,0.0,1.1099999999999999,none
GHCND:USW00094789,"JFK INTERNATIONAL AIRPORT, NY US",40.63915,-73.7639,2025-04-21,0.0,0.0,0.0,0.8300000000000001,none
GHCND:USW00094789,"JFK INTERNATIONAL AIRPORT, NY US",40.63915,-73.7639,2025-04-22,0.0,0.0,0.0,1.0,none
GHCND:USW00094789,"JFK INTERNATIONAL AIRPORT, NY US",40.63915,-73.7639,2025-04-23,0.0,0.0,0.0,1.0,none
GHCND:USW00094789,"JFK INTERNATIONAL AIRPORT, NY US",40.63915,-73.7639,2025-04-25,0.0,0.0,0.0,1.1099999999999999,none
GHCND:USW00094789,"JFK INTERNATIONAL AIRPORT, NY US",40.63915,-73.7639,2025-04-26,1.04,0.041,0.0,1.22,rain
GHCND:USW00094789,"JFK INTERNATIONAL AIRPORT, NY US",40.63915,-73.7639,2025-04-27,0.0,0.0,0.0,0.9400000000000001,none
GHCND:USW00094789,"JFK INTERNATIONAL AIRPORT, NY US",40.63915,-73.7639,2025-04-28,0.0,0.0,0.0,1.17,none
GHCND:USW00094789,"JFK INTERNATIONAL AIRPORT, NY US",40.63915,-73.7639,2025-04-29,0.0,0.0,0.0,1.0,none
GHCND:USW00094789,"JFK INTERNATIONAL AIRPORT, NY US",40.63915,-73.7639,2025-04-30,0.0,0.0,0.0,1.44,none
GHCND:USW00094789,"JFK INTERNATIONAL AIRPORT, NY US",40.63915,-73.7639,2025-05-03,0.0,0.0,0.0,1.28,none
GHCND:USW00094789,"JFK INTERNATIONAL AIRPORT, NY US",40.63915,-73.7639,2025-05-04,1.04,0.041,0.0,1.44,rain
GHCND:USW00094789,"JFK INTERNATIONAL AIRPORT, NY US",40.63915,-73.7639,2025-05-06,0.13,0.005,0.0,1.22,rain
GHCND:USW00094789,"JFK INTERNATIONAL AIRPORT, NY US",40.63915,-73.7639,2025-05-07,0.0,0.0,0.0,1.22,none
GHCND:USW00094789,"JFK INTERNATIONAL AIRPORT, NY US",40.63915,-73.7639,2025-05-08,0.0,0.0,0.0,1.44,none
GHCND:USW00094789,"JFK INTERNATIONAL AIRPORT, NY US",40.63915,-73.7639,2025-05-10,0.0,0.0,0.0,1.1099999999999999,none
GHCND:USW00094789,"JFK INTERNATIONAL AIRPORT, NY US",40.63915,-73.7639,2025-05-11,0.0,0.0,0.0,1.22,none
GHCND:USW00094789,"JFK INTERNATIONAL AIRPORT, NY US",40.63915,-73.7639,2025-05-12,0.0,0.0,0.0,1.1099999999999999,none
GHCND:USW00094789,"JFK INTERNATIONAL AIRPORT, NY US",40.63915,-73.7639,2025-05-13,0.51,0.02,0.0,1.5,rain
GHCND:USW00094789,"JFK INTERNATIONAL AIRPORT, NY US",40.63915,-73.7639,2025-05-17,0.0,0.0,0.0,1.61,none
GHCND:USW00094789,"JFK INTERNATIONAL AIRPORT, NY US",40.63915,-73.7639,2025-05-20,0.0,0.0,0.0,1.0,none
GHCND:USW00094789,"JFK INTERNATIONAL AIRPORT, NY US",40.63915,-73.7639,2025-05-21,0.32999999999999996,0.013,0.0,1.0,rain
GHCND:USW00094789,"JFK INTERNATIONAL AIRPORT, NY US",40.63915,-73.7639,2025-05-30,0.15,0.006,0.0,1.44,rain
GHCND:USW00094789,"JFK INTERNATIONAL AIRPORT, NY US",40.63915,-73.7639,2025-06-05,0.0,0.0,0.0,1.78,none
GHCND:USW00094789,"JFK INTERNATIONAL AIRPORT, NY US",40.63915,-73.7639,2025-06-07,0.8400000000000001,0.033,0.0,1.89,rain
GHCND:USW00094789,"JFK INTERNATIONAL AIRPORT, NY US",40.63915,-73.7639,2025-06-09,0.13,0.005,0.0,1.67,rain
GHCND:USW00094789,"JFK INTERNATIONAL AIRPORT, NY US",40.63915,-73.7639,2025-06-10,0.38,0.015,0.0,1.72,rain
GHCND:USW00094789,"JFK INTERNATIONAL AIRPORT, NY US",40.63915,-73.7639,2025-06-11,0.0,0.0,0.0,1.83,none
GHCND:USW00094789,"JFK INTERNATIONAL AIRPORT, NY US",40.63915,-73.7639,2025-06-12,0.0,0.0,0.0,1.94,none
GHCND:USW00094789,"JFK INTERNATIONAL AIRPORT, NY US",40.63915,-73.7639,2025-06-21,0.0,0.0,0.0,2.1100000000000003,none
GHCND:USW00094789,"JFK INTERNATIONAL AIRPORT, NY US",40.63915,-73.7639,2025-06-23,0.0,0.0,0.0,2.3899999999999997,none
GHCND:USW00094789,"JFK INTERNATIONAL AIRPORT, NY US",40.63915,-73.7639,2025-06-24,0.0,0.0,0.0,2.44,none
GHCND:USW00094789,"JFK INTERNATIONAL AIRPORT, NY US",40.63915,-73.7639,2025-06-25,0.15,0.006,0.0,2.7199999999999998,rain
GHCND:USW00094789,"JFK INTERNATIONAL AIRPORT, NY US",40.63915,-73.7639,2025-07-16,0.0,0.0,0.0,2.5,none
GHCND:USW00094789,"JFK INTERNATIONAL AIRPORT, NY US",40.63915,-73.7639,2025-07-24,0.0,0.0,0.0,2.1100000000000003,none
GHCND:USW00094789,"JFK INTERNATIONAL AIRPORT, NY US",40.63915,-73.7639,2025-07-25,0.3,0.012,0.0,2.33,rain
GHCND:USW00094789,"JFK INTERNATIONAL AIRPORT, NY US",40.63915,-73.7639,2025-07-26,0.0,0.0,0.0,2.3899999999999997,none
GHCND:USW00094789,"JFK INTERNATIONAL AIRPORT, NY US",40.63915,-73.7639,2025-07-31,1.6300000000000001,0.064,0.0,1.94,rain
GHCND:USW00094789,"JFK INTERNATIONAL AIRPORT, NY US",40.63915,-73.7639,2025-08-13,1.45,0.057,0.0,2.2199999999999998,rain
GHCND:USW00094789,"JFK INTERNATIONAL AIRPORT, NY US",40.63915,-73.7639,2025-08-14,0.0,0.0,0.0,2.33,none
GHCND:USW00094789,"JFK INTERNATIONAL AIRPORT, NY US",40.63915,-73.7639,2025-08-17,0.2,0.008,0.0,2.2199999999999998,rain
GHCND:USW00094789,"JFK INTERNATIONAL AIRPORT, NY US",40.63915,-73.7639,2025-08-20,2.5100000000000002,0.099,0.0,1.61,rain
GHCND:USW00094789,"JFK INTERNATIONAL AIRPORT, NY US",40.63915,-73.7639,2025-08-30,0.0,0.0,0.0,1.44,none
GHCND:USW00094789,"JFK INTERNATIONAL AIRPORT, NY US",40.63915,-73.7639,2025-09-05,0.6900000000000001,0.027,0.0,1.89,rain
GHCND:USW00094789,"JFK INTERNATIONAL AIRPORT, NY US",40.63915,-73.7639,2025-09-18,0.0,0.0,0.0,1.83,none
GHCND:USW00094789,"JFK INTERNATIONAL AIRPORT, NY US",40.63915,-73.7639,2025-10-08,0.3,0.012,0.0,1.3900000000000001,rain
GHCND:USW00094789,"JFK INTERNATIONAL AIRPORT, NY US",40.63915,-73.7639,2025-10-18,0.0,0.0,0.0,0.8300000000000001,none
GHCND:USW00094789,"JFK INTERNATIONAL AIRPORT, NY US",40.63915,-73.7639,2025-10-24,0.0,0.0,0.0,0.8300000000000001,none
GHCND:USW00094789,"JFK INTERNATIONAL AIRPORT, NY US",40.63915,-73.7639,2025-10-26,0.0,0.0,0.0,0.72,none
GHCND:USW00094789,"JFK INTERNATIONAL AIRPORT, NY US",40.63915,-73.7639,2025-10-30,4.9799999999999995,0.196,0.0,1.06,rain
GHCND:USW00094789,"JFK INTERNATIONAL AIRPORT, NY US",40.63915,-73.7639,2025-11-02,0.0,0.0,0.0,0.39,none
GHCND:USW00094789,"JFK INTERNATIONAL AIRPORT, NY US",40.63915,-73.7639,2025-11-03,0.03,0.001,0.0,0.8300000000000001,rain
GHCND:USW00094789,"JFK INTERNATIONAL AIRPORT, NY US",40.63915,-73.7639,2025-11-08,0.05,0.002,0.0,1.1099999999999999,rain
GHCND:USW00094789,"JFK INTERNATIONAL AIRPORT, NY US",40.63915,-73.7639,2025-11-09,0.45999999999999996,0.018,0.0,1.0,rain
GHCND:USW00094789,"JFK INTERNATIONAL AIRPORT, NY US",40.63915,-73.7639,2025-11-10,0.53,0.021,0.0,0.16999999999999998,rain
GHCND:USW00094789,"JFK INTERNATIONAL AIRPORT, NY US",40.63915,-73.7639,2025-11-12,0.0,0.0,0.0,0.39,none
GHCND:USW00094789,"JFK INTERNATIONAL AIRPORT, NY US",40.63915,-73.7639,2025-11-20,0.0,0.0,0.0,0.16999999999999998,none
GHCND:USW00094789,"JFK INTERNATIONAL AIRPORT, NY US",40.63915,-73.7639,2025-11-26,0.1,0.004,0.0,1.0,rain
GHCND:USW00094789,"JFK INTERNATIONAL AIRPORT, NY US",40.63915,-73.7639,2025-12-02,2.2399999999999998,0.088,0.0,-0.11000000000000001,likely snow
GHCND:USW00094789,"JFK INTERNATIONAL AIRPORT, NY US",40.63915,-73.7639,2025-12-03,0.0,0.0,0.0,-0.06,none
GHCND:USW00094789,"JFK INTERNATIONAL AIRPORT, NY US",40.63915,-73.7639,2025-12-09,0.0,0.0,0.0,-0.78,none
GHCND:USW00094789,"JFK INTERNATIONAL AIRPORT, NY US",40.63915,-73.7639,2025-12-10,0.15,0.006,0.0,0.0,likely snow
GHCND:USW00094789,"JFK INTERNATIONAL AIRPORT, NY US",40.63915,-73.7639,2025-12-13,0.05,0.002,0.0,-0.39,likely snow
GHCND:USW00094789,"JFK INTERNATIONAL AIRPORT, NY US",40.63915,-73.7639,2025-12-14,1.35,0.053,117.0,-0.67,snow
GHCND:USW00094789,"JFK INTERNATIONAL AIRPORT, NY US",40.63915,-73.7639,2025-12-15,0.0,0.0,0.0,-0.72,none
GHCND:USW00094789,"JFK INTERNATIONAL AIRPORT, NY US",40.63915,-73.7639,2025-12-16,0.0,0.0,0.0,-0.44000000000000006,none
GHCND:USW00094789,"JFK INTERNATIONAL AIRPORT, NY US",40.63915,-73.7639,2025-12-17,0.0,0.0,0.0,-0.27999999999999997,none
GHCND:USW00094789,"JFK INTERNATIONAL AIRPORT, NY US",40.63915,-73.7639,2025-12-18,0.03,0.001,0.0,-0.16999999999999998,likely snow
GHCND:USW00094789,"JFK INTERNATIONAL AIRPORT, NY US",40.63915,-73.7639,2025-12-19,2.29,0.09,0.0,0.0,likely snow
GHCND:USW00094789,"JFK INTERNATIONAL AIRPORT, NY US",40.63915,-73.7639,2025-12-26,0.74,0.029,56.0,-0.67,snow
GHCND:USW00094789,"JFK INTERNATIONAL AIRPORT, NY US",40.63915,-73.7639,2025-12-27,0.45999999999999996,0.018,51.0,-0.44000000000000006,snow
GHCND:USW00094789,"JFK INTERNATIONAL AIRPORT, NY US",40.63915,-73.7639,2025-12-28,0.05,0.002,0.0,-0.61,likely snow
GHCND:USW00094789,"JFK INTERNATIONAL AIRPORT, NY US",40.63915,-73.7639,2025-12-29,0.22999999999999998,0.009,0.0,0.0,likely snow
GHCND:USW00094789,"JFK INTERNATIONAL AIRPORT, NY US",40.63915,-73.7639,2025-12-30,0.0,0.0,0.0,-0.27999999999999997,none
GHCND:USW00094789,"JFK INTERNATIONAL AIRPORT, NY US",40.63915,-73.7639,2025-12-31,0.0,0.0,0.0,-0.27999999999999997,none
